KITL,0.374298472374714
TMTC2,0.121367079715865
E2F7,0.121367079715865
CSRP2,0.188603636686602
PHLDA1,0.121367079715865
FBXO30,0.105257002596582
TBC1D15,0.0257444926300421
RAB21,0.023301083258299
LGR5,0.121367079715865
PTPRB,1.41428685279207
NUP107,0.00254303803004114
RAP1B,0.491199521603984
MSRB3,0.40079987108587
RASSF3,0.121367079715865
SRGAP1,0.121367079715865
TMEM5,0.0544213816391926
UTRN,0.374298472374714
F420014N23RIK,0.121367079715865
KIF5A,0.00711646649293315
STAT6,0.234784832307255
NAB2,0.234784832307255
GM25206,0.121367079715865
STAT2,0.00204752990510478
A430046D13RIK,0.00828565150003301
RPS26,0.100687786628899
IKZF4,0.121367079715865
DGKA,0.121367079715865
DNAJC14,0.00878685097584567
ORMDL2,0.113618062903951
CD63,0.0933086302490322
BLOC1S1,0.0650331060414559
NEUROD4,0.0907261533262817
PLAGL1,0.121367079715865
ABRACL,0.121367079715865
HBS1L,0.0887164292760692
SGK1,0.328749656284628
RPS12,0.0761257508706809
SNORA33,0.234784832307255
CTGF,0.458371807732587
ENPP3,0.234784832307255
ARHGAP18,0.341319418141467
GM10275,0.0267041738088286
HINT3,0.0287498188338267
NCOA7,0.130693476149953
HDDC2,0.161122466145612
TPD52L1,0.121367079715865
ZUFSP,0.00807564124026379
MARCKS,0.212944701027369
LAMA4,0.705967786008253
FYN,0.0844517576682045
SLC16A10,0.121367079715865
SMPD2,0.0423442443212901
PPIL6,0.0371262032006769
LACE1,0.0618753845345479
SNX3,0.137696777002501
NR2E1,0.121367079715865
AKAP12,0.40079987108587
CD24A,1.0068267358451
ZBTB2,0.0888407091433628
GM21781,0.040997215072289
ATG5,0.114484515760112
HACE1,0.0198255798253636
DCBLD1,0.0686640668373935
CEP85L,0.297879687871967
TBC1D32,0.0306308103320947
MSL3L2,0.121367079715865
GJA1,0.121367079715865
FABP7,0.117390256976047
SMPDL3A,0.121367079715865
FBXO5,0.121367079715865
MTRF1L,0.0629237695509333
LIMS1,0.346750102031565
RANBP2,0.0280224314448682
SPOCK2,0.980231128011784
UNC5B,0.121367079715865
2010107G23RIK,0.0603400300434359
SRGN,0.341319418141467
SIRT1,0.0306647391540311
REEP3,0.448554576993215
ARID5B,0.121367079715865
SLC16A9,0.121367079715865
FAM13C,0.121367079715865
ZWINT,0.104857573532441
ADORA2A,0.121367079715865
LATS1,0.045610022523445
KATNA1,0.00170413302550462
PTTG1IP,0.16994998805098
GINM1,0.159876599577052
PDXK,0.0650771477382124
TAB2,0.080620120437845
TPGS1,0.0351068283583711
BSG,0.534565926513939
RNF126,0.0701227570890968
PTBP1,0.0381008281570292
WDR18,0.0408854487240765
CNN2,0.341319418141467
STK11,0.143159724224156
MIDN,0.216606597062057
1600002K03RIK,0.0197145536819754
MUM1,0.0169718631513258
2310011J03RIK,0.00949163878886287
PCSK4,0.00413893716447178
MEX3D,0.0750435394869622
GADD45B,0.121367079715865
THOP1,0.0860089651886763
MFSD12,0.0132759924696737
AI597468,0.0144329913302258
SYN3,0.121367079715865
TIMP3,0.234784832307255
SASH1,0.234784832307255
ASCL1,0.121367079715865
UTP20,0.0368126976370364
SCYL2,0.0785457041843151
UHRF1BP1L,0.0157715176125126
APAF1,0.038465074808795
GM872,0.121367079715865
CDK17,0.234784832307255
ELK3,0.303545967549515
AMDHD1,0.121367079715865
GM4792,0.00455742735480926
TMCC3,0.121367079715865
CCDC41OS1,0.0254678059413874
CRADD,0.0705009535260629
SOCS2,0.121367079715865
POC1B,0.0984390445674346
DUSP6,0.441836443845027
JUP,0.297879687871967
NT5C3B,0.0853422010532899
CNP,0.234784832307255
STAT5B,0.121367079715865
STAT3,0.0670596593044673
PTRF,0.498135387146195
NAGLU,0.121367079715865
COASY,0.10327470282651
TUBG2,0.297879687871967
CNTNAP1,0.121367079715865
RAMP2,0.975214327221121
PSME3,0.257748115030985
AOC3,0.121367079715865
VAT1,0.234784832307255
BRCA1,0.121367079715865
GM23849,0.121367079715865
MEOX1,0.121367079715865
DUSP3,0.576621104868234
SLC25A39,1.12074471017936
GRN,0.0739494807971122
FAM171A2,0.188603636686602
GJC1,0.121367079715865
HEXIM1,0.0603926956863506
HEXIM2,0.00409219506655791
GOSR2,0.00480467841802721
METTL2,0.12718218376442
KCNH6,0.121367079715865
TACO1,0.121367079715865
ICAM2,0.234784832307255
TEX2,0.0428432239090743
PECAM1,0.693051452822371
CEP95,0.00151961617240726
CACNG4,0.000128623763705416
MAP2K6,0.121367079715865
2610035D17RIK,0.0329453525616949
COG1,0.0589364515385027
CDC42EP4,0.121367079715865
TTYH2,0.0308065113138141
KIF19A,0.121367079715865
FDXR,0.0312764231132308
NT5C,0.102841840152345
HN1,0.143001057569505
MRPS7,0.0237541225715524
2310067B10RIK,0.00737760392285149
RECQL5,0.0425340567019456
GALK1,0.177403273113404
UBE2O,0.919990023125367
CYGB,0.0906534888586053
1810032O08RIK,0.0252658687197084
TMC6,0.121367079715865
C1QTNF1,0.121367079715865
ENGASE,0.212053478605013
RBFOX3,0.121367079715865
TBC1D16,0.121367079715865
BAIAP2,0.121367079715865
NPLOC4,0.0114769527683875
ARHGDIA,0.111410303829864
GM17586,0.0878698392983497
ASPSCR1,0.0991697084142631
GPS1,0.0314201202978613
B3GNTL1,0.121367079715865
SEC61G,0.0449750595758308
ACTR2,0.0520072394319614
SERTAD2,0.0547767265852805
PELI1,0.20233619187043
B3GNT2,0.234784832307255
REL,0.121367079715865
SPTBN1,0.568076635920967
EIF4ENIF1,0.0461986315573971
RHBDF1,0.121367079715865
MPG,0.0227960882253299
HBA-A1,8.51468651201114
HBA-A2,8.15558904579603
UBTD2,0.121367079715865
PIK3IP1,0.121367079715865
8430429K09RIK,0.0614529380116425
SELM,0.38668743221345
SMTN,0.234784832307255
DUSP18,0.188603636686602
TCN2,0.121367079715865
MAT2B,0.0567790123800715
PTTG1,0.336589803936177
CLINT1,0.147911726904496
GM12166,0.0961278193849783
CYFIP2,0.0439612412970296
ASCC2,0.0140289440832026
NEFH,0.179286050857135
FLT4,0.234784832307255
RNF130,0.299080962216803
TBC1D9B,0.104362760171414
SQSTM1,0.305576401562871
GAS2L1,0.121367079715865
GRM6,0.241362026146368
COL23A1,0.197282477751253
PHYKPL,0.00696993540438575
N4BP3,0.297879687871967
UBE2B,0.338913726520397
GM12207,0.121367079715865
ZCCHC10,0.0466777820517852
GDF9,0.121367079715865
IRF1,0.121367079715865
RAPGEF6,0.00723542986372972
TNIP1,0.0977253800388307
ANXA6,0.297879687871967
GM2A,0.106902189538586
SPARC,1.76408666541054
ATOX1,0.194392438950466
G3BP1,0.157457041842013
GLRA1,0.121367079715865
GEMIN5,0.0529085567484067
POLM,0.121367079715865
ZFP672,0.00501060990812457
SH3BP5L,0.0116284191794618
TRIM11,0.0973258817595595
2610507I01RIK,0.121367079715865
4933439C10RIK,0.00415772757285898
MPRIP,0.182630599437849
PLD6,0.121367079715865
GM16062,0.112444097091103
RAI1,0.0124686225803763
TOM1L2,0.0132356057012427
FLII,0.0832364032520191
TOP3A,0.121367079715865
MAP2K3,0.0891543196287305
GRAP,0.341319418141467
SPECC1,0.234784832307255
PIGL,0.0844443945115787
DDX56,0.0784438454759892
2410006H16RIK,0.0661611383997275
MMGT2,0.030139166924215
TRIM16,0.121367079715865
SHISA6,0.121367079715865
SCO1,0.0995802885928917
MYH10,0.26219040223791
ARHGEF15,0.341319418141467
SLC25A35,0.0170632636111895
RANGRF,0.0611606138095819
CTC1,0.0288453234277598
CNTROB,0.135811146412827
CHD3,0.221532735513576
TMEM88,0.234784832307255
PLSCR3,0.188603636686602
NEURL4,0.120211564655667
DVL2,0.00397250438465635
ARRB2,0.126081240893627
MED11,0.205017596508517
KIF1C,0.223203124516317
6330403K07RIK,0.10079508342424
WSCD1,0.234784832307255
IGFBP3,0.40079987108587
ANKFY1,0.219336618485365
CYB5D2,0.10298552725114
ZZEF1,0.0494590241029117
ATP2A3,0.121367079715865
4732414G09RIK,0.121367079715865
1200014J11RIK,0.0557326897512592
TAX1BP3,0.121367079715865
OVCA2,0.0841291329992874
SLC43A2,0.00374507127947861
INPP5K,0.0669411898303077
MYO1C,0.121367079715865
FAM101B,1.16207630149071
NXN,0.121367079715865
CPD,0.34442550672569
SSH2,0.108702430443575
ANKRD13B,0.121367079715865
GIT1,0.0886586993580528
ERAL1,0.0297196584240853
BC030499,0.11920768702912
POLDIP2,0.00766669274191163
TNFAIP1,0.370118792717211
LGALS9,0.297879687871967
MYO1D,0.121367079715865
TMEM98,0.297879687871967
ZFP830,0.00182776415552758
RFFL,0.0170991103613171
RAD51D,0.0804053407136598
UNC45B,0.188603636686602
SLFN5,0.40079987108587
AI662270,0.498135387146195
AP2B1,0.00666456283848138
4632419I22RIK,0.234784832307255
DHX40,0.325820964467309
RAD51C,0.0563397590642787
GM11508,0.121367079715865
TRIM25,0.306020343137704
PCTP,0.121367079715865
STXBP4,0.0160786170813717
CAR10,0.190413865512534
RSAD1,0.101890011733502
PPP1R9B,0.111777712898377
SAMD14,0.23966148147741
FAM117A,0.121367079715865
NFE2L1,0.13385183366828
PNPO,0.0702180676459975
GM11532,0.121367079715865
ARHGAP23,0.121367079715865
PIP4K2B,0.00718560755632857
LASP1,0.188603636686602
IGFBP4,0.341319418141467
CALM1,0.301275785827482
RPS6KA5,0.121367079715865
CCDC88C,0.121367079715865
FBLN5,0.121367079715865
IFI27,0.121367079715865
IFI27L2A,0.121367079715865
GSKIP,0.102758635968455
SLC25A29,0.071610365358857
ZFP839,0.230587621929123
TECPR2,0.229190688054861
EXOC3L4,0.121367079715865
TNFAIP2,0.121367079715865
EIF5,0.69449041132505
XRCC3,0.121367079715865
ZFYVE21,0.121367079715865
KIF26A,0.121367079715865
AKT1,0.0179733496389374
SMC6,0.0432686659423459
JAG2,0.121367079715865
CRIP2,0.341319418141467
CRIP1,0.121367079715865
ESYT2,0.153701057889873
GM6768,0.121367079715865
MYCN,0.269787406735715
GM5432,0.121367079715865
LPIN1,0.0491417717674354
E2F6,0.122394278132299
NOL10,0.0064794664525203
ITGB1BP1,0.0426777925066532
ADAM17,0.0306949460782012
GM16372,0.121367079715865
RSAD2,1.58244203745219
ADI1,0.121367079715865
PXDN,0.40079987108587
SH3YL1,0.129720086405368
LAMB1,0.40079987108587
HBP1,0.084744955423079
PRKAR2B,0.188603636686602
NAMPT,0.430770551591887
GDAP10,0.188603636686602
SYPL,0.110825110462728
POMC,0.0505449137227193
EFR3B,0.121367079715865
ARL4A,0.184721474666823
DOCK4,0.121367079715865
DNAJB9,0.00467433647880842
BC068281,0.0961671775065128
KLHL29,0.00678882156659832
G2E3,0.0330861371971574
NUBPL,0.0618540975536124
BAZ1A,0.121367079715865
NFKBIA,0.402845363243553
MIPOL1,0.0938732860145944
CLEC14A,0.121367079715865
SEC23A,0.0778413682218132
FAM179B,0.14480097080411
MGAT2,0.190784531896915
METTL21D,0.0474346310620591
SOS2,0.31211541846381
MAP4K5,0.0843082165087393
SAV1,0.155126990234887
SLC38A6,0.0951617200215485
RHOJ,0.498135387146195
FUT8,0.234784832307255
MPP5,0.0615156530047485
PLEKHH1,0.121367079715865
ZFP36L1,0.590525498210815
GM26669,0.188603636686602
ACTN1,0.0355785630109604
SLC39A9,0.0572880573578712
SLC8A3,0.00886389828541109
GM20498,0.0697237229185754
DCAF4,0.185723710103211
ZFYVE1,0.121367079715865
NUMB,0.107186899851152
COQ6,0.122190039015138
ABCD4,0.0538607558272393
NPC2,0.111439773584567
FCF1,0.114383535815507
RHOB,0.337813496857
RPS6KL1,0.121367079715865
JDP2,0.121367079715865
MFSD7C,0.121367079715865
LAPTM4A,0.227779333143676
TTC32,0.121367079715865
SEL1L,0.0906564746955932
SPATA7,0.00510290563661565
FOXN3,0.293437467861474
MARVELD2,0.234784832307255
CCDC125,0.121367079715865
MAST4,0.234784832307255
ERBB2IP,0.0784998010212707
ADAMTS6,0.121367079715865
IPO11,0.100271880525483
LRRC70,0.121367079715865
ZSWIM6,0.00150822216328275
ELOVL7,0.121367079715865
PLK2,0.188496226326547
IL6ST,0.106080789006567
SLC38A9,0.0625386292651908
ITGA1,0.234784832307255
PELO,0.150621781457516
LGALS8,0.0100553550809107
NID1,0.358802857343417
B3GALNT2,0.0629448566456868
TBCE,0.00724982105260509
INHBA,0.121367079715865
STARD3NL,0.206318108239645
ELMO1,0.218796671452321
TRIM27,0.0219061234190282
ZKSCAN8,0.00829156138795674
HIST1H2AN,0.121367079715865
ZFP184,0.0964582608078955
SLC17A1,0.0177221081936507
SCGN,0.0316638334793026
FAM65B,0.121367079715865
GMNN,0.18777876886296
DCDC2A,0.102836902557113
NRSN1,0.0893438673506428
GM26735,0.121367079715865
SOX4,0.0870420223706344
CDKAL1,0.0359306023698278
FOXQ1,0.590525498210815
FOXF2,0.121367079715865
FOXC1,0.121367079715865
SERPINB6B,0.121367079715865
SERPINB9,0.121367079715865
SERPINB6A,0.297879687871967
FAM217A,0.121367079715865
GDI2,0.0327996878626667
RPP40,0.121367079715865
NET1,0.100712490751028
SLC35B3,0.0277717087024576
ELOVL2,0.0601944734922429
EDN1,0.234784832307255
MCUR1,0.0238695878758558
JARID2,0.0644111997420032
C78339,0.0932571068506011
NINJ1,0.121367079715865
BICD2,0.0831791684793887
S1PR3,0.121367079715865
SYK,0.121367079715865
SPTLC1,0.0088588666825637
SFXN1,0.108586427326759
RNF44,0.150917534686273
TSPAN17,0.00877036286867447
LMAN2,0.0363723419728158
DBN1,0.121367079715865
PDLIM7,0.0322284155673899
DDX41,0.00293810979056772
FAM193B,0.037946880058563
PCBD2,0.0707345238980022
IDNK,0.0713898177998864
KLF6,0.205899330052531
GOLM1,0.121367079715865
ISCA1,0.40143221640189
ETOHD2,0.121367079715865
ZCCHC6,0.140746663372398
CTLA2A,1.15539209643595
FANCC,0.0882427678857604
AAED1,0.0684610147565224
HIATL1,0.0887068818783596
PFKP,0.011324799692555
PTDSS1,0.00772035418390397
AA987161,0.0865123811404598
ADCY2,0.121367079715865
PAPD7,0.120011811306325
MED10,0.239429591055121
GM10263,0.0534973499603448
CLPTM1L,0.0796887582885656
GM10126,0.201472211201094
AHRR,0.121367079715865
PDCD6,0.0616194499350635
ERAP1,0.358802857343417
GLRX,0.0483931876730823
2210408I21RIK,0.0466064355408893
MBLAC2,0.25252954828459
MEF2C,0.0485401810232267
GM17750,0.121367079715865
VCAN,0.121367079715865
ATG10,0.124982667056145
SSBP2,0.0455760966498253
4833422C13RIK,0.121367079715865
MSH3,0.102313478468647
SERINC5,0.097370341545022
DIP2C,0.0537230048424383
LHFPL2,0.297879687871967
AP3B1,0.000507768495299143
NSA2,0.0175394351744251
HEXB,0.207701535407492
ENC1,0.341319418141467
ARHGEF28,0.234784832307255
FCHO2,0.00317445194930213
6430562O15RIK,0.00386130038607407
TBC1D4,0.40079987108587
CLN5,0.00362603975259503
RNF219,0.0731226322622321
GM10076,0.0253575304111485
GM4775,0.121367079715865
TPM3-RS7,0.475137460907329
PTPRG,0.776443771284965
GPC6,0.121367079715865
ABCC4,0.40079987108587
UGGT2,0.0671698671473955
RAP2A,0.0853045939621788
STK24,0.0672224596991725
DOCK9,0.439139277398041
TM9SF2,0.0917713859490133
RPL15,0.213796081931082
NID2,0.121367079715865
MSS51,0.121367079715865
USP54,0.0435320184341759
CAMK2G,0.0635003427928031
VCL,0.177877660267827
AP3M1,0.00894201846832139
ADK,0.121367079715865
PPIF,0.0393666495828284
ZCCHC24,0.297879687871967
ARF4,0.166411858552845
ARHGEF3,0.121367079715865
ERC2,0.298625406344485
CACNA2D3,0.188603636686602
DCP1A,0.104198373767663
TMEM110,0.0469069976876652
SMIM4,0.0348971465818198
NT5DC2,0.121367079715865
STAB1,0.234784832307255
PHF7,0.0965449127601539
SH3BP5,0.251327568623429
EAF1,0.178735544829171
HACL1,0.121367079715865
ANKRD28,0.042269611939018
NCOA4,0.234784832307255
MAPK8,0.00139149552696415
GLUD1,0.161994876487103
MMRN2,0.297879687871967
CCSER2,0.228941121468145
GHITM,0.405069735604625
FAM213A,0.435511572753147
FERMT2,0.779023667087501
GMFB,0.217074149866844
SOCS4,0.141456670034549
RP23-131O4.2,0.140106663839913
3632451O06RIK,0.121367079715865
PNP,0.121367079715865
RNASE4,0.234784832307255
ARHGEF40,0.121367079715865
ABHD4,0.205040099525055
MMP14,0.121367079715865
LRP10,0.0882158361119609
4930579G18RIK,0.107370016184436
DHRS4,0.121367079715865
CPNE6,0.121367079715865
PSME1,0.121367079715865
PSME2,0.099524855686833
IRF9,0.234784832307255
IPO4,0.00369232383221971
GMPR2,0.00542571273779399
NFATC4,0.121367079715865
KHNYN,0.121367079715865
GM16973,0.0863182912968912
CRYL1,0.121367079715865
LATS2,0.101445285243191
ZDHHC20,0.195009302942519
MICU2,0.0543216711867392
RPL13-PS3,0.0933734016808154
RCBTB1,0.00936632606162867
SPATA13,0.121367079715865
MIPEP,0.0556063689294185
TNFRSF19,0.121367079715865
GM27010,0.121367079715865
SOX7,0.341319418141467
BNIP3L,0.896369329261764
NEFM,0.0935831793314063
SLC25A37,0.490167969544709
LOXL2,0.121367079715865
RP23-103I12.13,0.121367079715865
R3HCC1,0.0408649794203491
SLC39A14,0.121367079715865
RB1,0.0268548208319848
LPAR6,0.121367079715865
LRCH1,0.121367079715865
LCP1,0.234784832307255
TPT1,0.0300338684749696
NUFIP1,0.0820423304894993
TSC22D1,0.431385921003536
FLNB,0.188603636686602
RGCC,0.40079987108587
ELF1,0.198808262861375
PCDH17,0.320486025369125
DIAP3,0.00229236538180917
TDRD3,0.0088588666825637
GM10110,0.0760894232772409
PIBF1,0.0360893757597734
BIN2,0.121367079715865
ACVRL1,0.441836443845027
GRASP,0.297879687871967
NR4A1,0.261005572424722
KRT8,0.121367079715865
TENC1,0.234784832307255
RARG,0.121367079715865
MFSD5,0.121367079715865
PDE1B,0.121367079715865
RAD1,0.0242837319832441
RAI14,0.121367079715865
CDH18,0.121367079715865
BASP1,0.0738397108297369
MYO10,0.64656506502716
TRIO,0.341319418141467
SEMA5A,0.121367079715865
SEPP1,1.18311995539581
RPL30,0.0543248412554395
RGS22,0.0318346981953129
PABPC1,1.68387750730977
NCALD,0.134315937829343
KLF10,0.179144697773925
AZIN1,0.0160156139573317
FZD6,0.441836443845027
CTHRC1,0.234784832307255
FBXO4,0.00152159617260882
BC037032,0.060765445282445
ENPP2,0.498135387146195
DEPTOR,0.121367079715865
TBC1D31,0.188603636686602
TMEM65,0.121367079715865
RNF139,0.00326006768540834
E430025E21RIK,0.171861642842312
FAM84B,0.234784832307255
DAB2,0.590525498210815
ST3GAL1,0.0547782376907247
DENND3,0.121367079715865
BAI1,0.121367079715865
THEM6,0.0299526631796862
LY6E,0.731642252164888
LY6A,0.121367079715865
LY6C1,1.14037778559429
GPIHBP1,0.121367079715865
EEF1D,0.187015933840276
PYCRL,0.0717311306043566
CCDC166,0.0277467498467383
SCRIB,0.000537283357989723
PLEC,0.341319418141467
OPLAH,0.121367079715865
CYC1,0.0187125131452701
MROH1,0.110841662927985
BOP1,0.0832701445475709
HSF1,0.0253511216174213
ADCK5,0.047755298555962
CYHR1,0.0828326146503771
LRRC14,0.0821074766425395
ZFP251,0.00448952731244695
MYH9,0.266612627160663
CACNG2,0.121367079715865
MFNG,0.188603636686602
CARD10,0.121367079715865
CDC42EP1,0.121367079715865
PDXP,0.103886732495892
TRIOBP,0.052299596114735
GCAT,0.121367079715865
POLR2F,0.0113958884468852
CSNK1E,0.040766023830801
APOBEC3,0.188603636686602
PDGFB,0.234784832307255
CSDC2,0.121367079715865
SEPT3,0.00893883014504901
NAGA,0.277423425141892
CYP2D22,0.121367079715865
TCF20,0.00717315397342961
CYB5R3,0.429976462912485
PARVB,0.234784832307255
SLC1A3,0.133329631817937
FAM19A5,0.121367079715865
ALG12,0.039907314384589
PIM3,0.207644182074056
GM20621,0.121367079715865
MLC1,0.121367079715865
1810021B22RIK,0.121367079715865
MAPK12,0.121367079715865
PPP6R2,0.00671424017004381
C230037L18RIK,0.121367079715865
SHANK3,0.234784832307255
ALG10B,0.0447132613801813
CPNE8,0.121367079715865
LRRK2,0.121367079715865
ANO6,0.121367079715865
ARID2,0.00224604027525907
SLC38A2,0.152121553327559
SLC48A1,0.14596087294441
HDAC7,0.297879687871967
CCDC65,0.0251764423156369
FAIM2,0.175484767384881
SOCS1,0.121367079715865
MKL2,0.234784832307255
PKP2,0.00093429429744299
YARS2,0.0642969916082625
PPM1F,0.121367079715865
TMEM191C,0.195413990865908
KLHL22,0.0920118105096055
ZDHHC8,0.119206500613541
CLDN5,1.08472948507464
HIRA,0.0916026308176195
KLHL6,0.121367079715865
ECE2,0.121367079715865
EPHB3,0.121367079715865
VPS8,0.0643913860233797
RTP4,0.188603636686602
LPP,0.188603636686602
IL1RAP,0.121367079715865
HES1,0.5773194535618
TMEM44,0.297879687871967
APOD,0.647647820624881
BDH1,0.132849823089059
DLG1,0.0118220994592292
PIGX,0.0698615842846368
PCYT1A,0.00339545559399095
TFRC,0.224746622655894
LRCH3,0.148717421319385
HEG1,0.459327273568192
KALRN,0.234784832307255
PDIA5,0.138399327325906
KPNA1,0.00449740635509617
GTF2E1,0.0371262032006769
FSTL1,0.528390494446702
LRRC58,0.226066661768193
ZFP174,0.121367079715865
TMEM39A,0.0309364150288443
ARHGAP31,0.505865193922715
NAA60,0.0229480751332107
BOC,0.121367079715865
BC027231,0.234784832307255
CD200,0.430164511180307
PHLDB2,0.121367079715865
UBALD1,0.0806855016224524
NUDT16L1,0.0559820100982494
BBX,0.0338090402737535
CBLB,0.121367079715865
AU021092,0.762530443724543
CMSS1,0.188603636686602
DCBLD2,0.0578673108346733
ST3GAL6,0.234784832307255
CPOX,0.0652830991734037
MINA,0.0315018202737069
GM9581,0.121367079715865
PROS1,0.121367079715865
CHMP2B,0.15631256084489
GBE1,0.0762485140336579
GM24272,0.121367079715865
SAMSN1,0.251006221863251
USP25,0.400156146881698
2810055G20RIK,0.188603636686602
APP,1.08162450870379
ABAT,0.121367079715865
CYYR1,0.188603636686602
ADAMTS1,0.341319418141467
CARHSP1,0.121367079715865
TIAM1,0.297879687871967
IFNAR2,0.590525498210815
IL10RB,0.234784832307255
A930006K02RIK,0.121367079715865
IFNAR1,0.0544745758626316
TMEM50B,0.0649499264197737
DONSON,0.0176343482592331
D430001F17RIK,0.121367079715865
RCAN1,0.0721940180974607
DYRK1A,0.0670801867195934
ERG,0.441836443845027
ETS2,0.234784832307255
DSCAM,0.280929406090382
C2CD2,0.082515589798843
ZBTB21,0.107159516418711
QK,0.66797826408914
PACRG,0.0692837111131581
AGPAT4,0.234784832307255
AIRN,0.2142441724786
MLLT4,0.036130621357816
THBS2,0.121367079715865
PRDM9,0.148768725864655
GM6712,0.106385240173632
GM7535,0.121367079715865
ZFP677,0.121367079715865
ZFP51,0.142810768196126
ZFP760,0.0290372443489527
ZFP943,0.202168614898367
MMP25,0.121367079715865
HCFC1R1,0.0239817396112419
ABCA3,0.114474965910642
E4F1,0.167069681677686
CASKIN1,0.121367079715865
TSC2,0.003687999879443
SLC9A3R2,0.441836443845027
RPS2,0.143656621120983
MSRB1,0.0358839663241427
NUBP2,0.00776754717139275
TMEM204,0.498135387146195
CACNA1H,0.234784832307255
RPUSD1,0.121367079715865
PIGQ,0.0363380416059724
NEURL1B,0.121367079715865
DUSP1,0.199377262631576
ATP6V0E,0.178314525387357
BAK1,0.121367079715865
RPS10,0.0313085332496567
D17WSU92E,0.0256124590584478
TEAD3,0.173742875314944
MAPK14,0.0775899294813924
BRPF3,0.0581557787575748
KCTD20,0.107680443832786
CDKN1A,0.590525498210815
ABCG1,0.105244976956073
WIZ,0.0431237164455025
ZFP799,0.0475787408813425
ZFP101,0.0335050391127953
MARCH2,0.602036602534145
ANGPTL4,0.234784832307255
KANK3,0.590525498210815
NDUFA7,0.0139418918115945
CD320,0.26083607117997
ZBTB22,0.101485703335777
H2-K1,0.188603636686602
NOTCH4,0.234784832307255
EGFL8,0.121367079715865
FKBPL,0.0764270962341803
ATF6B,0.118206244021288
DXO,0.0373633732206403
NELFE,0.140942270585109
HSPA1B,0.00391918881657588
GM10501,0.192267503330434
D17H6S56E-5,0.121367079715865
CLIC1,0.121367079715865
LY6G6E,0.121367079715865
NFKBIL1,0.106370832469989
H2-D1,0.33958532902924
VARS2,0.0431295183152759
GTF2H4,0.0320335157992747
DDR1,0.121367079715865
MDC1,0.0096472706627432
H2-T23,0.234784832307255
CD2AP,0.339611808513539
GPR116,1.04875125723646
1700071M16RIK,0.121367079715865
CLIC5,0.341319418141467
B230354K17RIK,0.111576673096779
SLC35B2,0.00892830536189485
HSP90AB1,0.0260902073473597
1600014C23RIK,0.121367079715865
MRPS18A,0.0212241699495915
RSPH9,0.00511200022852673
MAD2L1BP,0.0546926905172151
SRF,0.0948571851452411
RRP36,0.115505850128217
KLHDC3,0.0244368287292588
GLTSCR1L,0.00583039686544793
TAF8,0.100707313378784
BYSL,0.0315533357153328
MED20,0.00341869908941311
GM14872,0.121367079715865
LRFN2,0.115706154318298
RFTN1,0.234784832307255
GM7334,0.121367079715865
MRPS36-PS1,0.000526598278332734
ZFP959,0.106497080858533
MPND,0.12733701368353
SH3GL1,0.0698638233901093
CHAF1A,0.0776259974089845
UBXN6,0.0595528860437824
SEMA6B,0.121367079715865
DPP9,0.032112632733021
FEM1A,0.0544081303434624
PLIN3,0.234784832307255
UHRF1,0.121367079715865
KDM4B,0.170665847711182
VMAC,0.0105584968845948
TRIP10,0.0602389436315774
FBXL17,0.0601830178836096
PPP4R1,0.157748943898542
WASH,0.00746642317241992
ARHGAP28,0.121367079715865
MIR692-1,0.0589916467743295
ZBTB14,0.188603636686602
RNASET2B,0.121367079715865
TGIF1,0.121367079715865
MYL12A,0.607638564477058
YIPF4,0.149212701676274
RASGRP3,0.40079987108587
FNDC1,0.234784832307255
FEZ2,0.0814563446405765
EIF2AK2,0.121367079715865
PRKD3,0.105908992425044
QPCT,0.0918828332649131
ATL2,0.285683426454749
SOS1,0.0752603760420831
THADA,0.106361095298265
EPAS1,0.685630389369779
SOCS5,0.0256248797604099
PABPC6,0.121367079715865
TMEM241,0.121367079715865
RIOK3,0.211813894796741
3110002H16RIK,0.113776906267184
TTC39C,0.0661440124204409
ZFP521,0.367359254165048
KCTD1,0.107900845622026
AQP4,0.121367079715865
CDH2,0.272720520017043
B4GALT6,0.121367079715865
RNF125,0.121367079715865
GALNT1,0.0997708819414525
SYT4,0.0552215430774873
WDR33,0.118534031631522
LIMS2,0.297879687871967
CAMK4,0.112580069431496
BAMBI,0.552744030554642
CTNNA1,0.0913796612718101
ECSCR,0.234784832307255
HBEGF,0.498135387146195
DND1,0.121367079715865
HARS,0.0536315587282017
PCDHA2,0.023481241425652
PCDHB10,0.121367079715865
PCDHB16,0.121367079715865
ARAP3,0.297879687871967
PCDH1,0.121367079715865
PCDH12,0.234784832307255
ARHGAP26,0.128378812362044
9430020K01RIK,0.234784832307255
FEM1C,0.174570765600409
TMED7,0.0622533069292915
SEMA6A,0.341319418141467
SVIL,0.167305213531499
SNX2,0.0451329011192604
PPIC,0.234784832307255
PRRC1,0.0565395684390776
ARHGAP12,0.285799191018757
GM20748,0.234784832307255
AFAP1L1,0.297879687871967
KIF5B,0.221921605522722
PIEZO2,0.121367079715865
TXNL1,0.00694988137471209
FECH,1.01188654414318
ATP8B1,0.121367079715865
MALT1,0.121054513669683
MKX,0.234784832307255
TCF4,0.56500617323163
N-R5-8S1,0.121367079715865
CXXC1,0.162603330558662
GM23119,0.0341264400379397
ACAA2,0.341319418141467
RPL17,0.121367079715865
SMAD7,0.0837815095000195
CTIF,0.176434927539433
SMAD2,0.0236246092788995
KATNAL2,0.00909593797186739
PIAS2,0.00262035245946694
RNF165,0.0640404548770852
8030462N17RIK,0.0448521576044366
EPG5,0.113960642266468
GM16286,0.101626307978229
PQLC1,0.0417000469458542
ATP9B,0.0940083549505772
CYB5,0.322265683062767
RTTN,0.121367079715865
TMX3,0.0860896116231051
CCNY,0.0778291523972246
SYT7,0.121367079715865
TMEM132A,0.0258514536147753
CCDC86,0.042057002897349
FAM111A,0.188603636686602
CEP78,0.070148127170789
GNAQ,0.141698326545478
RFK,0.262787411115534
OSTF1,0.188603636686602
NMRK1,0.121367079715865
ANXA1,0.234784832307255
ALDH1A1,0.121367079715865
GDA,0.458371807732587
1110059E24RIK,0.042369215098604
GM9493,0.0780862176166439
TMEM252,0.234784832307255
PPAPDC2,0.116044018439716
9930021J03RIK,0.0883145991798378
IL33,0.121367079715865
UHRF2,0.0366654762536826
PRKG1,0.121367079715865
SGMS1,0.164854738989183
RPL9-PS6,0.0811487624962508
MINPP1,0.0379716995708001
FAS,0.234784832307255
LIPA,0.374298472374714
LRP5,0.121367079715865
1500017E21RIK,0.121367079715865
FGFBP3,0.00140362224445527
BTAF1,0.03146134178256
HHEX,0.234784832307255
MYOF,0.121367079715865
FRA10AC1,0.00413066239876283
HELLS,0.121367079715865
ACY3,0.121367079715865
ALDH18A1,0.121367079715865
ENTPD1,0.121367079715865
CABP2,0.121367079715865
ZFP518A,0.0860612652471806
AIP,0.126200020641481
GPR152,0.0704609625211
GM26339,0.0960066591558982
KDM2A,0.0196658377963024
ERLIN1,0.0312764231132308
CWF19L1,0.0609446261747917
SCD2,0.20661403514663
SYT12,0.121367079715865
PCX,0.121367079715865
POLL,0.0968121819572491
LRFN4,0.121367079715865
FBXL15,0.0253435961115726
ACTR1A,0.21547169881217
TRIM8,0.0976507495257045
PCGF6,0.0487282905084491
NEURL1A,0.059342876088047
RBM14,0.020440634146382
CCDC87,0.121367079715865
RPL13A-PS1,0.0652695395141292
BRMS1,0.0285463855190477
YIF1A,0.00731140958568857
RAB1B,0.0178142236170422
KLC2,0.0481989168139812
BANF1,0.0347853795179922
CCDC85B,0.37892016142353
CTSW,0.297879687871967
CFL1,0.0723319892693978
RNASEH2C,0.0832982064833858
RELA,0.176179558166866
SIPA1,0.341319418141467
PCNXL3,0.154995773582381
MAP3K11,0.121367079715865
AFAP1L2,0.121367079715865
ABLIM1,0.323056649570603
ATRNL1,0.0719102344465534
NEAT1,0.236350937875812
DPF2,0.193547795290693
SFXN4,0.0759861179167457
CSF2RA,0.101312378995899
ARL2,0.0679557331305081
GM14966,0.0738123311031259
RASGRP2,0.121367079715865
PLCB3,0.188603636686602
TRPT1,0.154645910007982
ATL3,0.121367079715865
PLA2G16,0.441836443845027
SLC3A2,0.251235898750389
WDR74,0.106757708196772
INTS5,0.0766815089222817
TUT1,0.090929298063729
AHNAK,0.810004720014388
STXBP3B,0.129568415544334
RNF152,0.107587274054207
PIGN,0.0639098400031396
ZCCHC2,0.00145453599434076
PHLPP1,0.0139460834334578
PREX2,0.498135387146195
RALB,0.234784832307255
TMEM185B,0.121367079715865
DBI,0.269325270021625
STEAP3,0.121367079715865
DPP10,0.121367079715865
LYPD1,0.121367079715865
CD55,0.188603636686602
FCAMR,0.121367079715865
MAPKAPK2,0.0662558307008141
DYRK3,0.121367079715865
SRGAP2,0.000656641526528498
ELK4,0.273364365062435
MFSD4,0.0760332637779439
RBBP5,0.0236125231400863
PIK3C2B,0.341319418141467
SOX13,0.188603636686602
ZBED6,0.127484917809873
RNPEP,0.19655967222847
NAV1,0.140607171181955
CSRP1,0.121367079715865
CAMSAP2,0.1154710230596
9230116N13RIK,0.121367079715865
GM26930,0.121367079715865
NEK7,0.0304209369790863
RGS2,0.0224309316171325
PRG4,0.234784832307255
HMCN1,0.297879687871967
SWT1,0.126520811645323
FAM129A,0.234784832307255
COLGALT2,0.121367079715865
RGL1,0.0945990942434208
ARPC5,0.031065369880167
LAMC1,0.552744030554642
NPL,0.0305858740702522
IER5,0.161154175544847
XPR1,0.169422921703376
ACBD6,0.0203125530020786
QSOX1,0.234784832307255
TOR1AIP2,0.189052641670947
ABL2,0.152433214036559
TERF1,0.182094815331185
GM4953,0.0515222248898514
MRPS14,0.00570494569608664
RPL7,0.0871514783733023
RDH10,0.033333475692059
KLHL20,0.0108982626864002
PRDX6,0.320987843814211
PIGC,0.248350764142678
VAMP4,0.0249938551663982
SCYL3,0.115942584920719
METTL18,0.121367079715865
F5,0.121367079715865
MPZL1,0.458371807732587
RCSD1,0.121367079715865
CREG1,0.606937103281684
TMCO1,0.335876377522541
RGS5,1.21700350750624
DDR2,0.121367079715865
DUSP12,0.00455742735480926
FCER1G,0.121367079715865
ADAMTS4,0.121367079715865
F11R,0.234784832307255
VANGL2,0.234784832307255
IGSF8,0.0180077495611771
ATP1A2,0.297879687871967
TAGLN2,0.188603636686602
DARC,0.0131412148382389
IFI203,0.297879687871967
CEP170,0.0774358819049388
EFCAB2,0.0768964074908889
TFB2M,0.0473506108803751
ITPKB,0.121367079715865
ACBD3,0.139138858833606
LBR,0.162724663020346
CAPN2,0.121367079715865
AIDA,0.0587683151606997
C130074G19RIK,0.441836443845027
MARK1,0.121367079715865
LYPLAL1,0.121367079715865
GPATCH2,0.0900167439669279
USH2A,0.0315832031909223
SMYD2,0.121367079715865
ATF3,0.121367079715865
D730003I15RIK,0.0278138135607273
PPP2R5A,0.143992098054261
SLC30A1,0.193066558057987
GM26670,0.121367079715865
A130010J15RIK,0.0737975373298159
CD34,0.926012734949057
CR1L,0.121367079715865
COL9A1,0.0641432765661568
ARHGEF4,0.121367079715865
SEMA4C,0.0981576983246625
ACTR1B,0.0298111785050089
CNGA3,0.121367079715865
INPP4A,0.0271615293314748
RPL31,0.0742152029462581
SOX17,0.188603636686602
COL3A1,0.121367079715865
SLC40A1,0.40079987108587
SLC39A10,0.593172945733112
LYPLA1,0.184742481808623
SDPR,0.297879687871967
MYO1B,0.498135387146195
NAB1,0.0863633627250804
ASNSD1,0.0238884188705848
STK17B,0.092181937867154
HECW2,0.121367079715865
PGAP1,0.043890092485596
RFTN2,0.121367079715865
KCTD18,0.012820647425321
CASP8,0.234784832307255
G730003C15RIK,0.0132570711661444
ALS2,0.064461848917214
BMPR2,0.0820651619447961
FAM117B,0.00299155719283455
WDR12,0.154492127160154
CARF,0.0472688130627914
CYP20A1,0.189183759033901
PARD3B,0.234784832307255
NRP2,0.297879687871967
INO80D,0.0170620237399727
KLF7,0.0857952726599642
ACADL,0.40079987108587
FN1,1.17224181192534
D230017M19RIK,0.121367079715865
TNS1,0.528390494446702
AAMP,0.0115932567574554
TMBIM1,0.165075440503426
RQCD1,0.00512638022259646
STK16,0.0291705346421852
ASIC4,0.121367079715865
CHPF,0.0192758241697228
STK11IP,0.0484635944130528
SLC4A3,0.0320378700867221
FARSB,0.00774329983415542
UTP14B,0.251641513140177
WDFY1,0.0927242233715718
MRPL44,0.0425166173968131
SERPINE2,0.121367079715865
C430014B12RIK,0.121367079715865
AGFG1,0.0360513580864109
DNER,0.0169909223282726
SP110,0.121367079715865
SP100,0.374298472374714
CAB39,0.166967850250385
ITM2C,0.0513844278375513
INPP5D,0.121367079715865
SH3BP4,0.234784832307255
ACKR3,0.121367079715865
LRRFIP1,0.121367079715865
UBE2F,0.0823846454497942
SCLY,0.080443226191734
SNED1,0.121367079715865
SEPT2,0.000913289082160378
BOK,0.234784832307255
ATG4B,0.102119655232852
PAM,0.234784832307255
ITIH5,0.234784832307255
TRAF6,0.0395245179377123
COMMD9,0.0915173680918107
APIP,0.0116825212482854
A930006I01RIK,0.0235022718384094
CAT,0.659015240084297
CAPRIN1,0.147415197899993
GM22761,0.0772847579701284
LMO2,0.441836443845027
CD59A,0.240314202885359
HIPK3,0.140564589990909
PAX6,0.167998621995372
IMMP1L,0.0552671157739071
BDNF,0.121367079715865
SLC12A6,0.0116740765790427
AVEN,0.0577141495020835
RYR3,0.121367079715865
ZFP770,0.095320724588838
2700033N17RIK,0.060960051766099
SPRED1,0.135164965701629
EIF2AK4,0.0206307771378839
BMF,0.037051089772314
RAD51,0.0956939753236005
VPS18,0.00590746874903703
DLL4,0.188603636686602
RPAP1,0.0648757284068181
STARD9,0.40079987108587
CCNDBP1,0.209597079643261
LCMT2,0.0197105228344122
MAP1A,0.0625109383046848
EIF3J1,0.200906357694239
SPG11,0.0526534490254915
B2M,0.933027699796896
GATM,0.121367079715865
SLC30A4,0.102807868072402
SEMA6D,0.234784832307255
GABPB1,0.058540059403382
SPPL2A,0.152532456287186
FAHD2A,0.0709141061711636
NPHP1,0.0895314464186356
ACOXL,0.121367079715865
BCL2L11,0.0655461147014749
ANAPC1,0.0290104933139411
PTER,0.0244092981204326
C1QL3,0.0122974655328229
MRPS26,0.119539099444999
RSU1,0.234784832307255
HSPA12B,0.498135387146195
1700037H04RIK,0.358802857343417
CDC25B,0.121367079715865
SMOX,0.678506007000822
RASSF2,0.121367079715865
TMX4,0.250859453614153
PLCB1,0.121367079715865
PLCB4,0.398326586351123
VIM,0.720051199114749
BTBD3,0.0231793779884722
KIF16B,0.0588776540550665
RRBP1,0.551307740454128
SNX5,0.101626307978229
CSRP2BP,0.0212964622297789
SEC23B,0.0654517688703826
SLC24A3,0.0149760887496596
RIN2,0.234784832307255
THBD,0.358802857343417
CD93,0.868183863959298
NXT1,0.0925711567816058
NSUN6,0.129336776237877
ZFP937,0.0928550070502083
ARL5B,0.0904539620224168
ENTPD6,0.0235910824693423
FKBP1A,0.0259882731891275
PSMF1,0.0193278544201818
SOX12,0.0134609060314889
ID1,0.341319418141467
CCM2L,0.297879687871967
ASXL1,0.0850420331973276
8430427H17RIK,0.00707674426323635
SNTA1,0.006808316462062
CBFA2T2,0.0628975779177241
GM14216,0.00558593530943735
PIGU,0.165660657976929
GSS,0.137684259726114
NFS1,0.126873724627019
CNBD2,0.080173117744658
DSN1,0.234784832307255
RBL1,0.121367079715865
MANBAL,0.0806530034465962
LBP,0.121367079715865
SNHG11,0.210265682597817
PPP1R16B,0.234784832307255
MAFB,0.0332982024198121
PLCG1,0.0929047875269504
GM16751,0.121367079715865
FITM2,0.128789849094955
TTPAL,0.0765999799381863
SERINC3,0.292947723840215
STK4,0.15498178667327
UBE2C,0.188603636686602
NEURL2,0.188603636686602
PLTP,1.03376153613627
CD40,0.121367079715865
NCOA3,0.0392376553014433
PREX1,0.234784832307255
1110018N20RIK,0.0943707276105624
PTPN1,0.121646526612268
TSHZ2,0.331220876480932
ZFP217,0.121367079715865
FAM210B,0.324953221984186
PMEPA1,0.223804259694368
GNAS,0.830967547857161
GM20721,0.0315533357153328
CTSZ,0.267934959972483
PHACTR3,0.121367079715865
TAF4A,0.0961217727940896
LSM14B,0.109232252535283
LAMA5,0.234784832307255
A930004D18RIK,0.0255104174031039
CABLES2,0.01293704971718
MRGBP,0.101136301183024
ZGPAT,0.0267634696324256
SOX18,0.297879687871967
DNAJC1,0.00974393689936154
PIP4K2A,0.0563007797190314
CACNA1B,0.121367079715865
ARRDC1,0.121367079715865
MRPL41,0.0303314092986249
NRARP,0.234784832307255
NELFB,0.107583729386925
TMEM203,0.0215818920112751
DPP7,0.0895141369464127
ABCA2,0.0055443004508865
C8G,0.121367079715865
UBAC1,0.246072457493151
NACC2,0.121367079715865
C330006A16RIK,0.049849070837186
DNLZ,0.0874260384861021
SDCCAG3,0.0820489854038331
PMPCA,0.228880152955392
0610009E02RIK,0.121367079715865
NOTCH1,0.341319418141467
EGFL7,0.754863181862602
SURF4,0.0603876141882543
VAV2,0.121367079715865
WDR5,0.0222018806331322
RXRA,0.156298267967437
MRPS2,0.000770224042648079
CCBL1,0.0423868607196
NUP188,0.188718672893736
FNBP1,0.00868782855063668
ABL1,0.00945407836366183
FAM102A,0.0511282520997772
ENG,0.642495336670593
GM26236,0.121367079715865
NMT2,0.00289342741037281
FAM129B,0.234784832307255
SLC2A8,0.121367079715865
RPP38,0.109219044610659
MVB12B,0.0020085979781083
GGTA1,0.121367079715865
DAB2IP,0.0123488537532059
MRRF,0.0725091191894889
ZBTB26,0.0171644156440719
LHX2,0.121367079715865
NEK6,0.234784832307255
SCAI,0.0959681178016442
FRMD4A,0.0980513383550673
GTDC1,0.0566953194649558
ZEB2,0.114597084668031
STAM2,0.0431920850390346
FMNL2,0.234784832307255
GPD2,0.234784832307255
NUDT5,0.00411369982957047
PKP4,0.186930362462361
TANC1,0.121367079715865
CD302,0.234784832307255
LY75,0.121367079715865
RBMS1,0.642495336670593
TANK,0.201909745399856
DPP4,0.121367079715865
COBLL1,0.121367079715865
SCN2A1,0.121367079715865
NOSTRIN,0.121367079715865
SPC25,0.409283231327325
4930550G17RIK,0.188603636686602
UBR3,0.00222880259109383
GAD1,0.0628169425481628
DCAF17,0.0374735626500653
ITGA6,0.473036179396193
PDK1,0.168255213294676
RAPGEF4,0.121367079715865
ZAK,0.234784832307255
CHN1,0.00533108829391419
FKBP7,0.121367079715865
PLEKHA3,0.0829926041837249
CCDC141,0.233606470688843
SESTD1,0.218350132990852
GM26755,0.121367079715865
DNAJC10,0.0453001204199491
NCKAP1,0.15299358980999
ITGAV,0.121367079715865
CALCRL,0.269787406735715
CTNND1,0.0591558936598629
UBE2L6,1.26671895166368
SLC43A3,0.121367079715865
TNKS1BP1,0.121367079715865
APLNR,0.234784832307255
PTPMT1,0.0324927899148774
NR1H3,0.121367079715865
A330069E16RIK,0.00730901136229095
ZFP408,0.0544233192062454
DGKZ,0.234784832307255
PEX16,0.00887960254474121
CHST1,0.341319418141467
TRP53I11,0.358802857343417
TSPAN18,0.297879687871967
CD82,0.341319418141467
GM13889,0.121367079715865
ALKBH3,0.0695734408651056
GM10800,0.154592862681797
FAM46C,1.09502967377614
FABP4,0.0661079355381363
CASQ2,0.121367079715865
TSPAN2,0.234784832307255
ZFAND1,0.0459380377371763
HIPK1,0.0407413083203565
GM15471,0.121367079715865
AP4B1,0.015725918819185
MAGI3,0.0593206768029369
SLC16A1,0.208919699891761
RHOC,0.234784832307255
CAPZA1,0.0711528885380446
CTTNBP2NL,0.395791036639659
DRAM2,0.187467048053461
SLC16A4,0.121367079715865
CSF1,0.188603636686602
GSTM5,0.124625041096643
GNAT2,0.129435160085817
GNAI3,0.0948571851452411
CELSR2,0.0617584527358175
TMEM167B,0.0132235391134803
FAM102B,0.0538675108269513
PRMT6,0.11574879134111
S1PR1,0.341319418141467
SLC30A7,0.224029057746029
GM26530,0.121367079715865
DBT,0.00735923940162106
SLC35A3,0.105528006457953
PALMD,0.341319418141467
4833424O15RIK,0.234784832307255
SNX7,0.234784832307255
CNN3,0.132499486917545
ARHGAP29,0.498093904094079
GCLM,0.223321621839011
FNBP1L,0.372621340083606
PLA2G12A,0.108702430443575
CASP6,0.297879687871967
CCDC109B,0.121367079715865
HADH,0.0100252495762501
NPNT,0.121367079715865
CENPE,0.0452515708549041
UBE2D3,0.113580809548189
SLC39A8,0.552744030554642
EMCN,0.498135387146195
TRMT10A,0.0483530090783265
RAP1GDS1,0.0263415765913667
PDLIM5,0.223052767329393
GBP5,0.188603636686602
GBP7,0.341319418141467
GBP3,0.498135387146195
GBP2,0.234784832307255
GTF2B,0.0345693881273011
PKN2,0.177935540920069
SEP15,0.029581229481298
CYR61,0.121367079715865
CTBS,0.107931990775761
GNG5,0.161824431041135
LPHN2,0.462677777074822
ELTD1,1.1683091838937
IFI44,0.121367079715865
PIGK,0.158403175466573
ST6GALNAC5,0.0546451613601193
CRYZ,0.234784832307255
WLS,0.121367079715865
CP,0.208805284315109
GYG,0.121367079715865
TNFSF10,0.188603636686602
FNDC3B,0.121367079715865
MECOM,0.234784832307255
PHC3,0.0196401372214728
GNB4,0.341319418141467
FXR1,0.165969866543795
SOX2,0.234784832307255
ANXA5,0.188603636686602
CETN4,0.0132148667304282
SPATA5,0.120514372464663
MFSD8,0.117195766208919
LARP1B,0.0713431258496207
ELF2,0.134343307584952
RAB33B,0.188603636686602
SETD7,0.121367079715865
MAML3,0.121367079715865
ZFHX4,0.0824365536194292
FOXO1,0.31282349738999
NHLRC3,0.107895523452107
PROSER1,0.121707661302134
FREM2,0.121367079715865
SUPT20,0.146989099613339
SERTM1,0.121367079715865
DCLK1,0.122658349129779
TM4SF1,0.40079987108587
WWTR1,0.301328076569797
EIF2A,0.0211930960159047
FAM194A,0.121367079715865
LXN,0.498135387146195
RARRES1,0.121367079715865
MFSD1,0.137671261811986
SCHIP1,0.0802970505945878
KPNA4,0.131099789508414
GOLIM4,0.0491608168571579
RAPGEF2,0.0544133781200376
GUCY1A3,0.0831314979749002
D930015E06RIK,0.121367079715865
ARFIP1,0.114477459917827
FBXW7,0.0631321407229831
PET112,0.0691485295818848
MAB21L2,0.234784832307255
ETV3,0.0326190871716711
ARHGEF11,0.122440600286484
NES,0.441836443845027
MRPS28,0.105688629473415
GPATCH4,0.157753260568529
0610031J06RIK,0.0994602031471743
SSR2,0.206881878866307
MSTO1,0.0801233816424314
CLK2,0.0919660231125586
SCAMP3,0.119604018608921
GBA,0.043650885573792
SLC50A1,0.0347806349942625
EFNA1,0.121367079715865
ADAM15,0.121367079715865
PBXIP1,0.121367079715865
TPM3,0.210596364547792
RAB13,0.121367079715865
SLC39A1,0.121367079715865
DENND4B,0.0971853700121675
S100A13,0.297879687871967
S100A16,0.121367079715865
S100A11,0.40079987108587
S100A10,0.234784832307255
ZFP704,0.0310407655971522
THEM4,0.253187438405896
SELENBP2,0.121367079715865
SELENBP1,0.0866084039128381
RFX5,0.121367079715865
ZFP687,0.168622862022665
CDC42SE1,0.145233997971987
FAM63A,0.0938250728784952
MCL1,0.0173366008843271
ECM1,0.297879687871967
GM129,0.121367079715865
BC028528,0.678506007000822
CAR14,0.203731567707125
HIST2H3C2,0.0983403584649984
TXNIP,0.121367079715865
ANKRD35,0.234784832307255
RNF115,0.031480066720319
HMGCS2,0.297879687871967
WARS2,0.0872458169941291
LEPROT,0.32204727741942
DAB1,0.0550073036432868
PPAP2B,0.234784832307255
USP24,0.00127694173052741
DHCR24,0.121367079715865
MRPL37,0.126588744970052
LRP8,0.739376515064038
CPT2,0.0457025318885637
SELRC1,0.112384709863177
PRPF38A,0.0328756888629636
KTI12,0.103217701595357
BEND5,0.234784832307255
SPATA6,0.234784832307255
ATPAF1,0.234784832307255
IPP,0.14658641546529
PRDX1,0.0999954826250885
TESK2,0.121367079715865
PLK3,0.121367079715865
SZT2,0.0735857386991128
TIE1,0.642495336670593
SLC2A1,0.725531519712254
ZFP691,0.0780328088732884
MFSD2A,0.40079987108587
HPCAL4,0.217928633919672
HEYL,0.121367079715865
PABPC4,0.156734446121357
MACF1,0.0772703395875219
INPP5B,0.0145558390492646
MTF1,0.0657651992815001
9930104L06RIK,0.0174898658974729
STK40,0.00745249812188935
AGO4,0.0688651884739667
GM12942,0.121367079715865
ZBTB8OS,0.0284885207231743
ZBTB8B,0.121367079715865
BSDC1,0.303566170219412
MARCKSL1,0.0969312648020524
TINAGL1,0.121367079715865
PUM1,0.183649301354351
PTPRU,0.213002858653013
PHACTR4,0.00517015198645311
FAM76A,0.0298431021757707
AHDC1,0.0167653565283474
WASF2,0.0367192430584957
SLC9A1,0.0748275437320499
SH3BGRL3,0.498135387146195
PAQR7,0.121367079715865
MAN1C1,0.40079987108587
CLIC4,0.441836443845027
NIPAL3,0.0407346011857327
FUCA1,0.0693566203872984
GALE,0.0716865116574326
ID3,0.361868929872016
E2F2,0.234784832307255
ASAP3,0.121367079715865
RUNX1T1,0.0327877611862456
HSPG2,0.234784832307255
ECE1,0.619306879042555
DDOST,0.0516347229735455
OTUD3,0.160674732083869
NBL1,0.121367079715865
AKR7A5,0.0920825260506299
IFFO2,0.234784832307255
ALDH4A1,0.0646358766129559
GM13027,0.121367079715865
GM13029,0.188603636686602
ARHGEF10L,0.0195822238091656
MFAP2,0.234784832307255
EPHA2,0.121367079715865
PRAMEF8,0.0645267472440131
2610305D13RIK,0.234784832307255
ZFP933,0.244661665809776
MIIP,0.0838453235405764
PLOD1,0.234784832307255
OTUD6B,0.0475345387621283
MAD2L2,0.121367079715865
FBXO6,0.06490957623048
EXOSC10,0.0197022135619619
TMEM55A,0.0990924337019575
PEX14,0.0885618611869476
PGD,0.0410131832356768
CTNNBIP1,0.0183384666725169
GM13066,0.121367079715865
VAMP3,0.115426350569499
NOL9,0.0220138278728376
PLEKHG5,0.121367079715865
ESPN,0.164485742632042
LRRC47,0.0696902418647952
TPRGL,0.119559791855245
MEGF6,0.358802857343417
PEX10,0.00397250438465635
RER1,0.0968827408554609
2610002J02RIK,0.0286326762512931
TMEM240,0.0012748449696794
VWA1,0.713784678957703
MXRA8,0.121367079715865
CPSF3L,0.222548520075848
AGRN,0.369222973366505
ISG15,0.473036179396193
CPNE3,0.119102435773389
RMDN1,0.128487805528508
USP45,0.0920221860066255
FBXL4,0.0129410077896397
MANEA,0.17662061866241
GABRR1,0.121367079715865
MOB3B,0.121367079715865
TMEM68,0.080353574846613
LYN,0.188603636686602
GM6297,0.0797804508203407
NOL6,0.121367079715865
UBE2R2,0.00973944733425793
UBAP2,0.0118299383246992
DCAF12,0.073680265038562
IL11RA1,0.106354635606631
1700022I11RIK,0.121367079715865
FANCG,0.0988100116419255
FAM214B,0.121367079715865
GBA2,0.0933724210572507
RGP1,0.0167033825375201
NPR2,0.121367079715865
HRCT1,0.121367079715865
GNE,0.0109406210197754
POLR1E,0.188603636686602
TRMT10B,0.00470755269660933
DCAF10,0.0721369335413378
SLC25A51,0.232338592181802
TMOD1,0.234784832307255
GABBR2,0.121367079715865
TGFBR1,0.0905830468876063
IMPAD1,0.169847279207374
INVS,0.121367079715865
VMA21-PS,0.121367079715865
ABCA1,0.593294144304279
KLF4,0.297879687871967
AI314180,0.0752754007884659
PTBP3,0.192550394729868
INIP,0.0355006933935437
UBXN2B,0.10118522558272
ALAD,0.0643047133932819
POLE3,0.159830754129452
ZFP618,0.121367079715865
SDCBP,0.469399019452104
TOX,0.188603636686602
A230083N12RIK,0.100932086613752
PTPRD,0.0337187290265995
CAR8,0.0467999043461712
NFIB,0.79819542400532
FREM1,0.121367079715865
RAB2A,0.147321271709872
DENND4C,0.046563296464785
SLC24A2,0.234784832307255
MTAP,0.121367079715865
TUSC1,0.121367079715865
CAAP1,0.133602358758245
TEK,0.590525498210815
JUN,0.0382830307677191
CYP2J6,0.234784832307255
E130114P18RIK,0.188603636686602
NFIA,0.319403646259823
ENOPH1,0.167064182331328
SEC31A,0.205685926550562
HSD17B11,0.234784832307255
SPARCL1,1.72613598551537
LRRC8C,0.498135387146195
LRRC8D,0.000271004248178788
HFM1,0.0427088724947512
FAM69A,0.121367079715865
TMED5,0.323825258049994
GM10419,0.121367079715865
PCGF3,0.0999247999467668
CPLX1,0.121367079715865
GAK,0.277559114731305
ANKLE2,0.0386603643134291
FBRSL1,0.0908726922159759
HSCB,0.0927222838721525
TTC28,0.269828121528145
MIAT,0.121367079715865
TPST2,0.163335888540415
2900026A02RIK,0.188603636686602
ISCU,0.108506154107715
CORO1C,0.168255213294676
KCTD10,0.184363738231437
GLTP,0.121367079715865
GIT2,0.00603455906599539
ANKRD13A,0.0428919311070485
GM13830,0.0193990549058147
SRSF9,0.17342582174024
PXN,0.107065546406846
RPLP0,0.195298638156305
GCN1L1,0.0490655247356962
RAB35,0.102568031466126
CIT,0.188603636686602
GM15728,0.0618243995808629
FBXW8,0.0749910706180366
PLBD2,0.121367079715865
RPH3A,0.0256554022095641
ALDH2,0.234784832307255
BRAP,0.0550391118086287
ATXN2,0.0311233619481668
SH2B3,0.121367079715865
FAM109A,0.121367079715865
RAD9B,0.0205358653637168
ARPC3,0.266189901023393
ANAPC5,0.28608976938799
ORAI1,0.234784832307255
CLIP1,0.222887390573272
OGFOD2,0.048887806036896
SNRNP35,0.0203475235200891
RILPL1,0.341319418141467
GTF2H3,0.0162776567046191
NCOR2,0.055338344344033
GUSB,0.121367079715865
TPST1,0.207827701712626
AUTS2,0.142145925681983
GATSL2,0.0199035914956248
GTF2I,0.00347105557659333
LAT2,0.121367079715865
TBL2,0.021515558934384
HIP1,0.491711927065275
HSPB1,0.188603636686602
FIS1,0.20298057914225
AP1S1,0.121367079715865
SERPINE1,0.121367079715865
TRIP6,0.121367079715865
EPHB4,0.188603636686602
TAF6,0.0802847141892239
CNPY4,0.121367079715865
GPC2,0.121367079715865
A430033K04RIK,0.0390152297537256
6330403L08RIK,0.121367079715865
MAFK,0.234784832307255
NUDT1,0.0613689503531603
AP5Z1,0.121367079715865
RADIL,0.0192165964598955
ACTB,0.0993772125973958
RBAK,0.115208836839051
KDELR2,0.247490478969386
RAC1,0.415418014189898
FAM220A,0.627548354760464
EIF2AK1,0.260028931991623
BRI3,0.000224671745523625
ARPC1B,0.590525498210815
PTCD1,0.0181308035361424
CPSF4,0.0339565229418229
ZKSCAN5,0.0677593513998665
ZFP655,0.0506389152285638
RPL21,0.0142464277115544
GTF3A,0.0869605192597139
FLT1,1.05950234092296
SLC46A3,0.0571434156012049
SLC7A1,0.541161928693585
1810059H22RIK,0.0393922871643249
FRY,0.498135387146195
RFC3,0.182072741020935
SEMA3C,0.297879687871967
CD36,0.234784832307255
GNAI1,0.121367079715865
PTPN12,0.0980399483063417
ARMC10,0.0322278625493653
RELN,0.121367079715865
FAM126A,0.215674002239623
NOS3,0.121367079715865
FASTK,0.178941224970404
TMUB1,0.00786683404057943
GALNT11,0.0983395695331479
DPP6,0.0707880315750138
INSIG1,0.121367079715865
RNF32,0.00394175324353525
UBE3C,0.0315054642654814
CENPA,0.121367079715865
ABHD1,0.121367079715865
SLC5A6,0.121367079715865
EIF2B4,0.131023805417371
IFT172,0.063953332809242
GCKR,0.04210405659723
PPP1CB,0.41300238520174
YWHAH,0.117101566284285
CTBP1,0.08387528504776
GM1673,0.0534015602451223
MXD4,0.171254845526135
TNIP2,0.0576318871288767
SH3BP2,0.121367079715865
RGS12,0.234784832307255
HTRA3,0.441836443845027
GATAD1,0.135075030068204
TBC1D14,0.0965641768823989
ANKIB1,0.0782672599104995
CRMP1,0.00179631893360479
CPEB2,0.121367079715865
CD38,0.121367079715865
FAM184B,0.121367079715865
LCORL,0.0433360184491919
ZCCHC4,0.121021320573522
RELL1,0.121367079715865
PGM1,0.121367079715865
GM20033,0.121367079715865
KLF3,0.121367079715865
KLHL5,0.121367079715865
RPL9,0.0249926833153935
PDS5A,0.295630200791082
APBB2,0.266835461791327
ATP8A1,0.0034475868221615
ATP10D,0.121367079715865
USP46,0.14047987923592
KDR,0.982181704843134
REST,0.0393786229812101
IGFBP7,1.59516884077861
SRI,0.37314924094726
ADAM22,0.164920692129085
LPHN3,0.19810909308992
ABCB1A,0.796335578440126
IGJ,0.194563653085247
CROT,0.133532798045646
TMEM243,0.104330805794411
SEPT11,0.266913321888062
CNOT6L,0.284515202084379
ANXA3,0.40079987108587
BMP2K,0.189921060262026
PPP4R2,0.171899457290281
BHLHE40,0.234784832307255
ARPC4,0.0498930893785141
EMC3,0.0113964330669573
TATDN2,0.0423667222882899
ATG7,0.0918126163571647
VGLL4,0.234784832307255
TAMM41,0.0726797292109613
MBD4,0.0381126391625835
PLXND1,0.121367079715865
TMCC1,0.00677651642031361
RASSF4,0.121367079715865
8430408G22RIK,0.40079987108587
CXCL12,0.234784832307255
BMS1,0.043732959992699
ADIPOR2,0.0326375519040301
RAD52,0.0901504915519663
WNK1,0.0668299064471052
APOBEC1,0.121367079715865
FOXJ2,0.0500511638762917
LPCAT3,0.297879687871967
GRCC10,0.0664752171376502
TAPBPL,0.188603636686602
LTBR,0.297879687871967
CD9,0.121367079715865
VWF,0.297879687871967
NDUFA9,0.0363934959359393
TSPAN9,0.129634590172855
TULP3,0.121367079715865
TMEM106B,0.010680562433488
STYK1,0.121367079715865
APOLD1,0.121367079715865
8430419L09RIK,0.121367079715865
EMP1,0.121367079715865
B630005N14RIK,0.158930769008018
H2AFJ,0.0357438152099429
WBP11,0.169440067160302
GPR85,0.121367079715865
PDE3A,0.121367079715865
SLCO1C1,0.519089531836054
SLCO1A4,0.856327456234569
ABCC9,0.121367079715865
CMAS,0.311888202911847
RASSF8,0.0608063813306945
PPFIBP1,0.498135387146195
CCDC91,0.13801819992143
TES,0.188603636686602
D830026I12RIK,0.121367079715865
CAV2,0.121367079715865
CAV1,0.297879687871967
ST7,0.121367079715865
PTPRZ1,0.121367079715865
GPR37,0.121367079715865
ARF5,0.142102755437273
CALU,0.0626732738449841
TNPO3,0.0470989625072362
SMO,0.121367079715865
ZC3HC1,0.00495746112672385
TMEM209,0.0595781509271549
EXOC4,0.000254827249548161
SAMD9L,0.121367079715865
AKR1B10,0.121367079715865
BPGM,1.94302688713554
3110062M04RIK,0.0772618065469871
1810058I24RIK,0.786567706301388
PTN,0.151572550859888
ZC3HAV1,0.121367079715865
MKRN1,1.63549851499686
GNG11,0.43271134439184
FAM115A,0.0698333585326821
ARHGEF5,0.121367079715865
CUL1,0.00136690276479551
ZFP746,0.0438455472963998
GIMAP8,0.121367079715865
GIMAP4,0.121367079715865
GIMAP6,0.498135387146195
GIMAP1,0.121367079715865
GIMAP5,0.297879687871967
TMEM176B,0.0686245147483985
TMEM176A,0.121367079715865
MALSU1,0.0997903117869142
GM26736,0.121367079715865
NPY,0.234784832307255
PON2,0.566671373040119
TRIL,0.297879687871967
FKBP14,0.121367079715865
NOD1,0.188603636686602
AQP1,0.0422215755197933
FKBP9,0.234784832307255
PPM1K,0.121367079715865
ABCG2,0.582116866526822
SNCA,2.15052308594753
NDNF,0.20750061815928
GNG12,0.121367079715865
GADD45A,0.0818268650354334
KRCC1,0.0602342526824004
RNF103,0.00918600359133515
KDM3A,0.0972579424576505
REEP1,0.234784832307255
ST3GAL5,0.189771626875776
VAMP5,0.121367079715865
GGCX,0.238487595132094
CAPG,0.121367079715865
KCMF1,0.0638052516528689
TMSB10,0.397358406123747
GM15605,0.0922164327375588
MOGS,0.0644105574985165
MTHFD2,0.234784832307255
BOLA3,0.181476502285395
NAGK,0.0790288188609768
DYSF,0.234784832307255
EXOC6B,0.0650331060414559
FBXO41,0.121367079715865
ICA1,0.121367079715865
PCYOX1,0.13253247196733
C87436,0.0446338692557728
ANTXR1,0.188603636686602
ARHGAP25,0.188603636686602
RAB43,0.00659405871493396
EEFSEC,0.121367079715865
MGLL,0.151033125971304
MCM2,0.234784832307255
PLXNA1,0.121367079715865
NXPH1,0.121367079715865
TXNRD3,0.121367079715865
ZXDC,0.0330221505143561
FGD5,0.441836443845027
ADAMTS9,0.188603636686602
MAGI1,0.122276619273954
SUCLG2,0.121367079715865
EOGT,0.498135387146195
FOXP1,0.585230806479281
EIF4E3,0.283568695911124
UCP2,0.762530443724543
FCHSD2,0.0449597870012312
ATG16L2,0.121367079715865
PDE2A,0.341319418141467
INPPL1,0.121367079715865
PGAP2,0.0322587693949299
RHOG,0.121367079715865
RRM1,0.0764133327936572
HBB-BT,7.47714425415587
HBB-BS,9.84064083459698
TRIM12C,0.121367079715865
PRKCDBP,0.188603636686602
ARFIP2,0.0570893946875896
LMO1,0.0396276710620295
ST5,0.234784832307255
TMEM9B,0.0236602578569676
SWAP70,0.341319418141467
SBF2,0.193400504087939
ADM,0.234784832307255
TEAD1,0.00844453721044048
RRAS2,0.121367079715865
ITPRIPL2,0.234784832307255
THUMPD1,0.0603135088100578
2610020H08RIK,0.121367079715865
LYRM1,0.018341755579201
TMEM159,0.0674679629458487
CRYM,0.0176421593605
METTL9,0.0447309712688924
USP31,0.0778806324054652
ARHGAP17,0.0381871366274823
RABEP2,0.0705683123413182
PPP4C,0.0768367862300957
TMEM219,0.10219285634705
KIF22,0.0172580582022684
SEPT1,0.121367079715865
SRCAP,0.0332829783705232
STX4A,0.13947199283619
VKORC1,0.121367079715865
BCKDK,0.00530465192760579
INPP5F,0.0622836656184644
MCMBP,0.00844671183611827
WDR11,0.125060027252885
ZFP324,0.121367079715865
FGFR2,0.121367079715865
TRIM28,0.0937649428094648
ACADSB,0.243929714021777
CPXM2,0.121367079715865
CHST15,0.121367079715865
OAT,0.0386744423268941
UROS,0.0219448820281597
CABP5,0.171927084150506
PTPRE,0.121367079715865
TCERG1L,0.121367079715865
LRRC27,0.0260950433735629
PWWP2B,0.0153661347523572
INPP5A,0.165086658400325
CALY,0.121367079715865
PAOX,0.121367079715865
IFITM3,0.498135387146195
IRF7,0.297879687871967
PNPLA2,0.234784832307255
EFCAB4A,0.121367079715865
CD151,0.234784832307255
CD81,0.0298737315314736
MRGPRE,0.121367079715865
ANO1,0.121367079715865
CCND1,0.121367079715865
EHD2,0.188603636686602
TMEM160,0.0136242809193829
PRKD2,0.121367079715865
PPP5C,0.00295269878527891
GM16266,0.121367079715865
DMWD,0.148917760969869
GPR4,0.188603636686602
VASP,0.341319418141467
FOSB,0.0613372162693439
CD3EAP,0.0544174628135592
RELB,0.121367079715865
APOE,0.495379982599699
PVRL2,0.121367079715865
CADM4,0.223487719361258
RPS19,0.0429950214790071
ZFP574,0.0652693606416911
ERF,0.234784832307255
CIC,0.096438504567924
MEGF8,0.0832220413636229
TGFB1,0.234784832307255
GM24865,0.153367164565307
ITPKC,0.121367079715865
GM15567,0.121367079715865
LTBP4,0.341319418141467
BLVRB,0.713836001278003
PRX,0.121367079715865
DYRK1B,0.0294212381601154
PLEKHG2,0.234784832307255
ZFP36,0.121367079715865
MRPS12,0.0551346948579874
ECH1,0.252556199173477
ZFP940,0.234784832307255
ZFP568,0.104296957587675
ZFP566,0.052400220913979
ZFP146,0.0322737426771503
CAPNS1,0.519742812402412
TBCB,0.0185796290137269
LSR,0.498135387146195
FXYD5,0.341319418141467
MYADM,0.121367079715865
PDCD2L,0.0579652270179759
4931406P16RIK,0.170508477382146
TSHZ3,0.121367079715865
POP4,0.0867232140230136
ZFP619,0.108291388004023
AI987944,0.0353236895216443
ZFP715,0.00540823906590539
EMC10,0.0524873250659563
EPS8L1,0.0409321522572381
ATF5,0.09112447527891
PPP1R12C,0.00874756210234517
CPT1C,0.121367079715865
GM15545,0.101950603558484
RRAS,0.121367079715865
PRRG2,0.0340899810695609
RCN3,0.40079987108587
FCGRT,0.40079987108587
RPS11,0.0589825431167922
ALDH16A1,0.0951969507258663
TEAD2,0.234784832307255
NUCB1,0.098002518888312
PPP1R15A,0.08974299360683
RASIP1,0.188603636686602
KDELR1,0.0403268056321326
NOMO1,0.190031931827699
SAAL1,0.0376389066735908
COX6B2,0.121367079715865
ZFP628,0.121367079715865
FIZ1,0.00409462597321202
CCDC106,0.234784832307255
EPN1,0.235727192046321
SLC17A6,0.121367079715865
CYFIP1,0.0061723443303247
NIPA2,0.0574527430220432
A230056P14RIK,0.121367079715865
NIPA1,0.121367079715865
SNRPN,0.0856463959901648
A330076H08RIK,0.00917677582292022
KLF13,0.234784832307255
NDNL2,0.0127698424430762
TJP1,0.0230731654793293
GM7546,0.0881251708786952
LINS,0.0896703346089154
SYNM,0.59344813302163
AKAP13,0.417053599078809
KLHL25,0.0976908483841032
ISG20,1.44772881682841
ABHD2,0.40079987108587
RLBP1,0.288138104421235
POLG,0.0644105574985165
KIF7,0.121367079715865
ZFP710,0.121367079715865
CIB1,0.279170758936089
CRTC3,0.0393728888504229
IQGAP1,0.504456637851949
PDE8A,0.209614788610636
3110040N11RIK,0.124657726374311
TM6SF1,0.297879687871967
EFTUD1,0.0139002447265737
STARD5,0.121367079715865
CTSC,0.121367079715865
L7RN6,0.288039328469614
2310010J17RIK,0.337162248955933
PICALM,0.00841068894841562
DLG2,0.0657718361754556
GM26944,0.121367079715865
PRCP,0.387695726846677
KCTD21,0.121367079715865
THRSP,0.121367079715865
CLNS1A,0.0060532204515799
UVRAG,0.00651775134253047
MAP6,0.0314067326087247
SERPINH1,0.234784832307255
ARRB1,0.121367079715865
SLCO2B1,0.188603636686602
CDH11,0.0815304761287716
CDH5,0.642495336670593
PDP2,0.121367079715865
4931428F04RIK,0.0336128603833459
TMEM208,0.0895989319243036
FHOD1,0.121367079715865
SLC9A5,0.0298941795390634
FAM65A,0.121367079715865
GFOD2,0.121367079715865
CENPT,0.108521471290854
THAP11,0.0886345520289817
PSMB10,0.234784832307255
NFATC3,0.13889939238511
TANGO6,0.121367079715865
ZFHX3,0.0189965852804492
ZFP821,0.100754826816251
AP1G1,0.00900790455297414
MTSS1L,0.100476052291921
COG4,0.0637381860113084
ST3GAL2,0.188603636686602
TMEM231,0.0579002404041222
GABARAPL2,0.099199636843429
ADAT1,0.108729898668677
COL4A1,0.888530326367288
KARS,0.150223583412439
COL4A2,0.900191394061151
NUDT7,0.121367079715865
ATMIN,0.086633583057602
GM20204,0.0353851401792966
CDH13,0.188603636686602
A330074K22RIK,0.121367079715865
FBXO31,0.16876993036216
MAP1LC3B,0.398538899857402
SLC7A5,0.98768183945756
CBFA2T3,0.121367079715865
RPL13,0.105180505972518
CPNE7,0.121367079715865
MC1R,0.140591090322603
DEF8,0.0555729943778716
2310022B05RIK,0.13293292438136
SIPA1L2,0.326992896790969
NTPCR,0.407266302514786
TUBGCP3,0.0532695057761464
NRP1,0.678506007000822
ITGB1,0.764219575025855
PCID2,0.0316714824049391
DCUN1D2,0.195620650885463
CDC16,0.215117119132196
TDRP,0.234784832307255
ANGPT2,0.374298472374714
GM6483,0.0814138725513851
THSD1,0.121367079715865
SLC20A2,0.104474441918384
PLAT,0.341319418141467
GINS4,0.0300172110851557
GOLGA7,0.0173479222841013
ADAM32,0.121367079715865
TACC1,0.488349459641309
PPAPDC1B,0.0203475235200891
HGSNAT,0.212599369162691
ZFP703,0.121367079715865
ERLIN2,0.190322570118456
GPR124,0.188603636686602
TTI2,0.00611949875862234
MAK16,0.171065926984911
WRN,0.09912373841261
RBPMS,0.121367079715865
LEPROTL1,0.16432679262551
TMEM66,0.040690774025058
DUSP4,0.121367079715865
PNPLA6,0.0991299600081086
ERI1,0.14062896535299
MFHAS1,0.110424721240812
XAB2,0.0786026957514327
D8ERTD82E,0.121367079715865
PCP2,0.0642407135632857
MTUS1,0.151815114328543
SNAPC2,0.0330218911570602
SORBS2,0.243863344644475
IRF2,0.12488031060716
GPM6A,0.186007404744825
GM1840,0.0655976661009992
CBR4,0.0258682279392294
CSGALNACT1,0.121367079715865
LPL,0.341319418141467
GM10311,0.121367079715865
ZFP869,0.00119882495969846
RFXANK,0.0734064240779655
NR2C2AP,0.098786855983815
UBA52,0.00917677582292022
KXD1,0.184483024913544
SSBP4,0.0349228594601193
NR2F6,0.0807404360386949
USHBP1,0.297879687871967
BST2,0.121367079715865
COLGALT1,0.164245135617057
TPM4,0.174546093140535
KLF2,0.566671373040119
SLC35E1,0.0647058964734915
MED26,0.100171291934691
SMIM7,0.0599125507541681
RBMXL1,0.0130726534410878
ZFP827,0.121367079715865
SMAD1,0.437826078074727
ANAPC10,0.0178838394990241
GYPA,0.888530326367288
GAB1,0.121367079715865
GM10643,0.121367079715865
ZSWIM4,0.0814404536379497
IER2,0.0115081158885349
NACC1,0.0646404978510741
RAD23A,0.323602053030236
DNASE2A,0.121367079715865
PRDX2,0.518323125396501
JUNB,0.352242311900155
TNPO2,0.0456932863893154
FBXW9,0.186260167121067
MAN2B1,0.022479021294592
ITFG1,0.114355699108738
EFNB2,0.188603636686602
N4BP1,0.0752494813263842
CNEP1R1,0.0402417476372205
TOX3,0.234784832307255
RBL2,0.0450608089261989
MT3,0.121367079715865
CPNE2,0.121367079715865
PLLP,0.121367079715865
DOK4,0.341319418141467
CCDC102A,0.121367079715865
KIFC3,0.249116015397938
ZFP319,0.121367079715865
USB1,0.043823273825907
LIG4,0.0202134635225575
ABHD13,0.0765944388001108
NCK1,0.198420908327159
SLC35G2,0.0495608417876283
ANAPC13,0.0571809278643305
TRF,0.121367079715865
CPNE4,0.121367079715865
ASTE1,0.121367079715865
PPM1M,0.121367079715865
TWF2,0.234784832307255
ALAS1,0.0891024239063645
POC1A,0.121367079715865
TMEM115,0.0470392994343407
HYAL2,0.234784832307255
HYAL1,0.234784832307255
IFRD2,0.121367079715865
GNAI2,0.578209572562575
MON1A,0.188603636686602
UBA7,0.234784832307255
FAM212A,0.121367079715865
DAG1,0.0385272930586578
GPX1,2.02646158637533
LAMB2,0.297879687871967
NCKIPSD,0.07275669765297
SHISA5,0.121367079715865
CDC25A,0.188603636686602
SMARCC1,0.0300934159094765
LRRFIP2,0.0638334834490233
PDCD6IP,0.0757660692140551
FBXL2,0.0709073839324126
TMPPE,0.121367079715865
CMTM8,0.234784832307255
TGFBR2,0.121367079715865
EXOG,0.070530006663592
CTNNB1,0.400434037899284
ULK4,0.104651493652006
ACKR2,0.234784832307255
ANO10,0.234784832307255
ABHD5,0.0424776965017958
1110059G10RIK,0.0830102911874622
EXOSC7,0.0173268768915667
LARS2,0.0821119081372683
LIMD1,0.202168614898367
AMOTL1,0.473036179396193
VSTM5,0.121367079715865
4931406C07RIK,0.00397250438465635
SLC36A4,0.0977845901352937
COL5A3,0.0571218141299963
PPAN,0.00633596050521794
ICAM1,0.188603636686602
FDX1L,0.0946050624765049
DNM2,0.227960672507752
CARM1,0.0184915684038331
YIPF2,0.119065657389659
DOCK6,0.121367079715865
RAB3D,0.121367079715865
JAM3,0.121367079715865
GM10717,0.121367079715865
FLI1,0.619306879042555
ETS1,0.705967786008253
4930581F22RIK,0.106427140933282
SRPR,0.00843121844574125
FAM118B,0.116201633170454
CDON,0.0212964622297789
STT3A,0.0429675216075564
CCDC15,0.0955096946388432
ROBO4,0.341319418141467
ESAM,0.713836001278003
TBRG1,0.245230334497332
VWA5A,0.234784832307255
SCN3B,0.121367079715865
TBCEL,0.328210488952358
D630033O11RIK,0.121367079715865
GM10687,0.234784832307255
MCAM,0.40079987108587
CBL,0.292404890261232
HINFP,0.121367079715865
HMBS,0.137828412731776
VPS11,0.00445265911054813
CCDC84,0.00949163878886287
ATP5L,0.130312329837133
MPZL3,0.121367079715865
SIDT2,0.000604364840405383
APOA1,0.121367079715865
NXPE2,0.121367079715865
NXPE4,0.297879687871967
REXO2,0.321779203670782
CRYAB,0.217166173053472
SIK2,0.00859840364459342
GM684,0.121367079715865
ARHGAP20,0.121367079715865
ZC3H12C,0.0710190852890023
KDELC2,0.188603636686602
ATM,0.15779081264368
CRABP1,0.121367079715865
ETFA,0.00856353131494295
RCN2,0.0840863800784861
COMMD4,0.0828180145011908
GM26631,0.121367079715865
ULK3,0.00912485143232096
SEMA7A,0.0448088944191138
NEO1,0.0966322239364139
SENP8,0.0028236849955634
UACA,0.341319418141467
TLE3,0.121367079715865
PDGFD,0.121367079715865
PAQR5,0.188603636686602
GM26609,0.121367079715865
MAP2K5,0.00234381813902724
GM16759,0.121367079715865
SMAD3,0.121367079715865
SMAD6,0.121367079715865
ZWILCH,0.121367079715865
SNAPC5,0.00816274406918522
MAP2K1,0.0515569722579546
UCHL4,0.0504897067932253
DIS3L,0.0327128992343617
RAB11A,0.153963808918128
IGDCC3,0.121367079715865
PDCD7,0.192637061705016
OAZ2,0.0179722570476542
TRIP4,0.033966230871166
RPS27L,0.077158470519686
TPM1,0.372462120702012
ANXA2,0.40079987108587
ADAM10,0.600393444168484
CGNL1,0.458371807732587
PRTG,0.0211715503686035
ARPP19,0.44179497177189
TMOD3,0.270302568066522
LYSMD2,0.121367079715865
TMEM123,0.376735415911474
GCLC,0.00929690228166832
ELOVL5,0.121367079715865
ICK,0.169096390687367
BIRC2,0.0687826233596442
GSTA4,0.341319418141467
SLC17A5,0.0238278127900189
CD109,0.297879687871967
FILIP1,0.234784832307255
MYO6,0.200950519038357
HMGN3,0.442374796122568
MTHFS,0.0690113398877891
CTSH,0.341319418141467
TFDP2,0.609959103387915
ATP1B3,0.0992676297796535
ZMYM3,0.0978700488515462
NHSL2,0.234784832307255
RGAG4,0.121367079715865
CHIC1,0.0956896806641139
5530601H04RIK,0.00813306680400423
MAGEE1,0.0245662435738358
MAGT1,0.0893509444654701
ATP7A,0.121367079715865
LPAR4,0.234784832307255
ITM2A,0.994480031998342
2610002M06RIK,0.0681378064376955
BRWD3,0.00643624574533039
HMGN5,0.062907248558919
SH3BGRL,0.156595133854222
APOOL,0.0850950942640164
CHM,0.139744148740877
3110007F17RIK,0.234784832307255
MED14,0.109993094244416
DIAP2,0.221208971746417
5730405O15RIK,0.0613689503531603
PCDH19,0.188603636686602
TSPAN6,0.552744030554642
TCEAL6,0.121367079715865
TCEAL8,0.0828349610415242
TCEAL5,0.240350591852933
WBP5,0.161807020370111
TCEAL3,0.0127357112658835
PLP1,0.0226160185961603
FAM199X,0.153829652063075
TBC1D8B,0.121367079715865
RBM41,0.113804619124856
TSC22D3,0.0403817253930173
NXT2,0.188603636686602
APEX2,0.150993296324848
ALAS2,3.19203340821449
MAGED2,0.0190817343261541
FGD1,0.0333907060199842
HSD17B10,0.0718703966360076
3010001F23RIK,0.121367079715865
GM6472,0.0468254556383068
RRAGB,0.0125509978460979
SAT1,0.330742305449943
PRDX4,0.199803458847197
MBTPS2,0.0974885911762354
CNKSR2,0.121367079715865
PDHA1,0.0508237674626134
PIR,0.121367079715865
MOSPD2,0.19730582464053
MAOA,0.188603636686602
MAOB,0.234784832307255
TMSB4X,0.206073494092146
RP2H,0.114334725228996
RBM10,0.0273158843093148
CDK16,0.173092570655227
USP11,0.0560632011759493
WDR44,0.0202844997591149
LAMP2,0.342826004451769
C1GALT1C1,0.139102040607072
TENM1,0.234784832307255
APLN,0.234784832307255
ZDHHC9,0.121367079715865
ENOX2,0.0451522364569498
RAP2C,0.0175919228879272
HS6ST2,0.121367079715865
FAM122B,0.121367079715865
CXX1B,0.145525387067153
GM2155,0.121367079715865
6330419J24RIK,0.121367079715865
MMGT1,0.014997186677159
FHL1,0.121367079715865
NUDT11,0.121367079715865
SHROOM4,0.121367079715865
IDS,0.0695861771162054
MTM1,0.1349450198521
CLCN5,0.24738110411689
PRRG3,0.121367079715865
BGN,0.188603636686602
SLC6A8,0.0169586509635988
FLNA,0.498135387146195
MPP1,0.0606153494152771
FUNDC2,0.023477078094307
MTCP1,0.0198804439366553
CCDC22,0.00897285266667254
GPKOW,0.0745383184159215
WDR45,0.00902622660551889
PRKX,0.00118556139958726
SLC35A2,0.00453863173983722
SUV39H1,0.000254827249548161
TMEM47,0.121367079715865
SLC38A5,0.297879687871967
GYK,0.0459189411846499
ZFX,0.0298374530349828
EIF2S3X,0.0295465723067529
KLHL15,0.0858222147070626
AMER1,0.00951612694941118
ZC4H2,0.0250710070840325
MSN,0.552744030554642
HEPH,0.121367079715865
DYNLT3,0.051861837948894
OPHN1,0.234784832307255
EFNB1,0.121367079715865
DDX3Y,0.342829055388012
SLC4A1,0.642495336670593
DHRS11,0.121367079715865
GM694,0.121367079715865
CAR5A,0.121367079715865

