KH2013:KH.C1.183,0.821693909456741
KH2013:KH.C1.962,0.0167472509606741
KH2013:KH.C1.841,0.0378325556937121
KH2013:KH.C1.1238,0.0216997830866537
KH2013:KH.C1.269,0.176318900667107
KH2013:KH.C1.996,0.0729594321359634
KH2013:KH.C1.1100,0.071199921346139
KH2013:KH.C1.1153,0.143063205576795
KH2013:KH.C1.114,0.178752206596398
KH2013:KH.C1.421,0.214045541303429
KH2013:KH.C1.1000,0.0283107670627681
KH2013:KH.C1.666,0.759036233739295
KH2013:KH.C1.927,0.0696600154485032
KH2013:KH.C1.866,0.0417454248444353
KH2013:KH.C1.326,0.0684391928066558
KH2013:KH.C1.404,0.0497738900009974
KH2013:KH.C1.1067,0.132600273315884
KH2013:KH.C1.483,0.447227295875263
KH2013:KH.C1.98,0.419283171114739
KH2013:KH.C1.515,0.071199921346139
KH2013:KH.C1.983,0.0918318943361089
KH2013:KH.C1.991,0.00203480822393619
KH2013:KH.C1.317,0.420070323472561
KH2013:KH.C1.1152,0.071199921346139
KH2013:KH.C1.863,0.11976112434255
KH2013:KH.C1.787,0.00120805358117423
KH2013:KH.C1.1081,0.00688923344030031
KH2013:KH.C1.99,0.0018319015091936
KH2013:KH.C1.4,0.0240797019764665
KH2013:KH.C1.628,0.427831838442491
KH2013:KH.C1.1109,3.60509212351202
KH2013:KH.C1.158,3.79299450019222
KH2013:KH.C1.485,0.269858873573981
KH2013:KH.C1.637,0.942530270683267
KH2013:KH.C1.1157,0.155654854915266
KH2013:KH.C1.285,0.0440156290649487
KH2013:KH.C1.993,0.393122074697936
KH2013:KH.C1.1302,0.0322953290084544
KH2013:KH.C1.1121,0.0105290075751526
KH2013:KH.C1.133,3.5210053577729
KH2013:KH.C1.252,2.26739078750007
KH2013:KH.C1.308,0.139772185636454
KH2013:KH.C1.5,0.348326192333146
KH2013:KH.C1.108,0.0569735691859929
KH2013:KH.C1.847,0.679477124930793
KH2013:KH.C1.25,0.367621474685856
KH2013:KH.C1.891,0.0018319015091936
KH2013:KH.C1.857,0.306290163931087
KH2013:KH.C1.1235,0.0820340587713326
KH2013:KH.C1.1139,0.071199921346139
KH2013:KH.C1.1065,0.46857511044332
KH2013:KH.C1.1165,0.071199921346139
KH2013:KH.C1.381,0.063386686375028
KH2013:KH.C1.226,0.351606658139454
KH2013:KH.C1.1082,0.027966985373321
KH2013:KH.C1.1103,0.397126677487619
KH2013:KH.C1.661,0.955805396159627
KH2013:KH.C1.489,0.221629027553941
KH2013:KH.C1.1248,0.039810344582386
KH2013:KH.C1.973,0.0693138007313318
KH2013:KH.C1.796,0.350600796728097
KH2013:KH.C1.575,0.0837679041552132
KH2013:KH.C1.865,0.288287661568801
KH2013:KH.C1.800,0.148312912928345
KH2013:KH.C1.1104,0.115304295027744
KH2013:KH.C1.529,0.270613940500425
KH2013:KH.C1.1191,0.00151939941766209
KH2013:KH.C1.812,0.289993667020109
KH2013:KH.C1.620,0.0599281267931302
KH2013:KH.C1.941,0.00386929695407276
KH2013:KH.C1.757,0.139772185636454
KH2013:KH.C1.1004,0.102953950928527
KH2013:KH.C1.205,0.058893329311658
KH2013:KH.C1.837,1.4046092557238
KH2013:KH.C1.67,0.64313132569541
KH2013:KH.C1.682,0.071199921346139
KH2013:KH.C1.510,0.071199921346139
KH2013:KH.C1.1252,0.723038447907288
KH2013:KH.C1.356,0.058893329311658
KH2013:KH.C1.531,0.00203480822393619
KH2013:KH.C1.953,0.00288863623551721
KH2013:KH.C1.93,0.071199921346139
KH2013:KH.C1.755,0.0117438703372122
KH2013:KH.C1.1085,0.071199921346139
KH2013:KH.C1.152,0.071199921346139
KH2013:KH.C1.817,0.0724415612443881
KH2013:KH.C1.625,0.00676866053872763
KH2013:KH.C1.450,0.728483830164455
KH2013:KH.C1.492,0.00725874257685962
KH2013:KH.C1.730,0.058893329311658
KH2013:KH.C1.373,0.0168448440016239
KH2013:KH.C1.186,0.104840441838497
KH2013:KH.C1.717,0.00893014056447313
KH2013:KH.C1.1299,0.406968305128195
KH2013:KH.C1.802,3.35105898207377
KH2013:KH.C1.870,0.288965840280799
KH2013:KH.C1.591,0.426065485903014
KH2013:KH.C1.1013,0.330319116254234
KH2013:KH.C1.392,0.071199921346139
KH2013:KH.C1.466,0.202253369290693
KH2013:KH.C1.168,0.139772185636454
KH2013:KH.C1.1040,1.92496867335064
KH2013:KH.C1.1032,0.177643268642385
KH2013:KH.C1.824,0.194642370292324
KH2013:KH.C1.883,0.062169108299575
KH2013:KH.C1.552,0.0467414804777145
KH2013:KH.C1.358,0.00341623316172495
KH2013:KH.C1.602,2.05243896386878
KH2013:KH.C1.340,0.411394186565435
KH2013:KH.C1.1213,0.0634838371800904
KH2013:KH.C1.1193,1.27955857768019
KH2013:KH.C1.1054,0.0413709200073861
KH2013:KH.C1.109,0.00203480822393619
KH2013:KH.C1.726,0.121096790103074
KH2013:KH.C1.1187,0.0751442614308975
KH2013:KH.C1.85,0.132050860185995
KH2013:KH.C1.123,0.018079988956311
KH2013:KH.C1.1175,0.0952755544805088
KH2013:KH.C1.90,0.216908663850007
KH2013:KH.C1.807,0.0791426836724849
KH2013:KH.C1.505,0.582182112950416
KH2013:KH.C1.862,0.113552048140873
KH2013:KH.C1.390,0.391784008286694
KH2013:KH.C1.992,0.0204004089134147
KH2013:KH.C1.741,0.071199921346139
KH2013:KH.C1.569,0.0765676042656316
KH2013:KH.C1.302,0.137404773507537
KH2013:KH.C1.711,0.107061583477199
KH2013:KH.C1.175,3.80088849763095
KH2013:KH.C1.467,0.0596651749694633
KH2013:KH.C1.53,0.192191380212952
KH2013:KH.C1.342,0.205929235502533
KH2013:KH.C1.1265,2.01387520499325
KH2013:KH.C1.244,1.81888905214888
KH2013:KH.C1.365,0.0650079773759309
KH2013:KH.C1.194,0.0428824924775977
KH2013:KH.C1.380,0.522292506496948
KH2013:KH.C1.330,0.0157372079932627
KH2013:KH.C1.1063,0.538945642172747
KH2013:KH.C1.932,0.0799221883824638
KH2013:KH.C1.212,3.83275015567645
KH2013:KH.C1.279,0.100397849848323
KH2013:KH.C1.768,0.392933374243582
KH2013:KH.C1.976,0.0510367943340837
KH2013:KH.C1.153,0.391688946570965
KH2013:KH.C1.350,0.134024507061689
KH2013:KH.C1.665,3.01374463242846
KH2013:KH.C1.727,0.112587893355264
KH2013:KH.C1.1079,0.0554631158805379
KH2013:KH.C1.1293,0.071199921346139
KH2013:KH.C1.644,0.00529687857364637
KH2013:KH.C1.263,0.107689042687725
KH2013:KH.C1.642,0.071199921346139
KH2013:KH.C1.958,0.0159351324012346
KH2013:KH.C1.985,0.367684497010416
KH2013:KH.C1.349,0.00381698515654398
KH2013:KH.C1.250,0.331727931423977
KH2013:KH.C1.611,1.57873408860234
KH2013:KH.C1.164,0.00381698515654398
KH2013:KH.C1.182,0.0748694536044677
KH2013:KH.C1.1074,0.0888524721951151
KH2013:KH.C1.465,0.0310600078673311
KH2013:KH.C1.573,0.00705509986611041
KH2013:KH.C1.765,0.00283184852749329
KH2013:KH.C1.606,0.0787822639249363
KH2013:KH.C1.1093,0.334936920710568
KH2013:KH.C1.1240,2.63356544912064
KH2013:KH.C1.570,0.0516782592552917
KH2013:KH.C1.877,0.071199921346139
KH2013:KH.C1.1042,0.00397316983916005
KH2013:KH.C1.216,1.29807362161131
KH2013:KH.C1.20,0.0465817577034048
KH2013:KH.C1.770,0.617719374218792
KH2013:KH.C1.972,0.027062471128193
KH2013:KH.C1.839,0.0189697495056994
KH2013:KH.C1.26,0.752451058689626
KH2013:KH.C1.1025,0.0636156426906322
KH2013:KH.C1.656,0.463086859135455
KH2013:KH.C1.660,0.058893329311658
KH2013:KH.C1.294,0.326048044229422
KH2013:KH.C1.495,0.187740414021041
KH2013:KH.C1.40,2.08263029084684
KH2013:KH.C1.705,0.650606582677001
KH2013:KH.C1.819,1.33811677924805
KH2013:KH.C1.641,0.0018319015091936
KH2013:KH.C1.874,0.071199921346139
KH2013:KH.C1.909,0.471357508022905
KH2013:KH.C1.351,0.071199921346139
KH2013:KH.C1.432,0.901688606618433
KH2013:KH.C1.900,0.527461619721897
KH2013:KH.C1.1227,0.0782601140030618
KH2013:KH.C1.889,0.0957826819776199
KH2013:KH.C1.1177,0.0142735752319751
KH2013:KH.C1.1128,0.0186925076707591
KH2013:KH.C1.401,0.0363332303956016
KH2013:KH.C1.1291,1.20990469573918
KH2013:KH.C1.1123,0.0018319015091936
KH2013:KH.C1.1289,0.488333538300192
KH2013:KH.C1.772,0.071199921346139
KH2013:KH.C1.860,0.137457042610768
KH2013:KH.C1.44,0.071199921346139
KH2013:KH.C1.396,0.125070491724899
KH2013:KH.C1.462,0.307699166719991
KH2013:KH.C1.562,0.112721807578605
KH2013:KH.C1.238,0.269667589377473
KH2013:KH.C1.980,0.0964934452032059
KH2013:KH.C1.950,0.0309419735517634
KH2013:KH.C1.346,0.0441561816407766
KH2013:KH.C1.213,0.071199921346139
KH2013:KH.C1.1254,0.00994210051689479
KH2013:KH.C1.801,0.142296559051536
KH2013:KH.C1.1258,1.86140592924351
KH2013:KH.C1.103,0.796095347413184
KH2013:KH.C1.58,0.22115861588941
KH2013:KH.C1.323,0.0367263843464749
KH2013:KH.C1.798,0.218496620751453
KH2013:KH.C1.1114,0.0912641530585419
KH2013:KH.C1.1018,1.09855785316937
KH2013:KH.C1.299,0.279226499730558
KH2013:KH.C1.828,0.0296141883082937
KH2013:KH.C1.747,2.31307678339122
KH2013:KH.C1.764,0.113210834448225
KH2013:KH.C1.188,3.70589661854108
KH2013:KH.C1.525,3.25973318106809
KH2013:KH.C1.184,0.139772185636454
KH2013:KH.C1.728,0.0416580606947832
KH2013:KH.C1.1167,0.00465974378041539
KH2013:KH.C1.181,2.84637803431407
KH2013:KH.C1.615,0.623508557788226
KH2013:KH.C1.1020,0.680526862436171
KH2013:KH.C1.189,0.071199921346139
KH2013:KH.C1.312,0.058893329311658
KH2013:KH.C1.73,1.61134400454546
KH2013:KH.C1.581,0.0229700753260987
KH2013:KH.C1.275,0.0128801009203824
KH2013:KH.C1.835,0.307637070230647
KH2013:KH.C1.715,0.0213280463271319
KH2013:KH.C1.759,0.00528315475884342
KH2013:KH.C1.1296,0.084598353906803
KH2013:KH.C1.722,0.347515930698346
KH2013:KH.C1.716,1.176147652372
KH2013:KH.C1.1199,2.48968143149397
KH2013:KH.C1.1070,0.113552048140873
KH2013:KH.C1.681,0.0719951804678905
KH2013:KH.C1.846,1.6457430615333
KH2013:KH.C1.738,0.00027990238760152
KH2013:KH.C1.1204,0.0444390865900769
KH2013:KH.C10.593,0.0660624575228088
KH2013:KH.C10.482,0.071199921346139
KH2013:KH.C10.161,0.254810177210686
KH2013:KH.C10.144,1.46118479658574
KH2013:KH.C10.384,0.342490074526062
KH2013:KH.C10.351,0.185858393959572
KH2013:KH.C10.379,0.640604118442968
KH2013:KH.C10.260,0.0165219652479936
KH2013:KH.C10.163,0.0637598416343328
KH2013:KH.C10.337,0.0728703316226532
KH2013:KH.C10.192,0.0496866477321318
KH2013:KH.C10.53,0.071199921346139
KH2013:KH.C10.67,0.36038930051459
KH2013:KH.C10.401,0.263102245036968
KH2013:KH.C10.396,0.071199921346139
KH2013:KH.C10.614,0.179858650216531
KH2013:KH.C10.91,0.353003617441668
KH2013:KH.C10.74,0.205224039216414
KH2013:KH.C10.99,0.293775712769072
KH2013:KH.C10.599,0.0908633696516655
KH2013:KH.C10.590,0.00800273623117134
KH2013:KH.C10.252,0.0186738360236708
KH2013:KH.C10.72,0.365691059052728
KH2013:KH.C10.512,1.16192398379899
KH2013:KH.C10.113,0.0970093820339871
KH2013:KH.C10.251,0.432751412967237
KH2013:KH.C10.77,0.161454589409842
KH2013:KH.C10.152,0.16368777181358
KH2013:KH.C10.514,0.110986970018009
KH2013:KH.C10.102,0.071199921346139
KH2013:KH.C10.549,0.355116884118279
KH2013:KH.C10.249,0.00885326549486485
KH2013:KH.C10.49,0.0981092134804038
KH2013:KH.C10.78,1.80446619028501
KH2013:KH.C10.426,0.131240886040306
KH2013:KH.C10.116,0.0531692047102304
KH2013:KH.C10.140,0.257819932873831
KH2013:KH.C10.393,0.071199921346139
KH2013:KH.C10.177,0.183594400542295
KH2013:KH.C10.245,0.0146369250198165
KH2013:KH.C10.223,0.040396045346573
KH2013:KH.C10.208,0.336684234248265
KH2013:KH.C10.311,0.0507120191217737
KH2013:KH.C10.55,0.00766452272599289
KH2013:KH.C10.19,0.071199921346139
KH2013:KH.C10.231,0.418281707839894
KH2013:KH.C10.59,0.101378973697021
KH2013:KH.C10.147,0.0449797838505571
KH2013:KH.C10.58,0.251623215366827
KH2013:KH.C10.166,0.132219507388888
KH2013:KH.C10.433,0.367023915419192
KH2013:KH.C10.463,0.305909787041751
KH2013:KH.C10.164,0.0103936026162481
KH2013:KH.C10.125,1.06426623815051
KH2013:KH.C10.253,0.175962544230596
KH2013:KH.C10.350,0.659860207803679
KH2013:KH.C10.241,0.139772185636454
KH2013:KH.C10.220,0.511552736940821
KH2013:KH.C10.625,0.111616869025687
KH2013:KH.C10.344,0.111616869025687
KH2013:KH.C10.418,0.00355635327855787
KH2013:KH.C10.398,0.0134229752812316
KH2013:KH.C10.254,0.071199921346139
KH2013:KH.C10.5,0.071199921346139
KH2013:KH.C10.470,0.071199921346139
KH2013:KH.C10.308,0.222384755379403
KH2013:KH.C10.589,0.139772185636454
KH2013:KH.C10.339,0.071199921346139
KH2013:KH.C10.531,0.267437099067738
KH2013:KH.C10.334,0.00388367585846236
KH2013:KH.C10.516,0.207013496506964
KH2013:KH.C10.250,0.230023578581587
KH2013:KH.C10.18,0.205929235502533
KH2013:KH.C10.190,1.11459695212254
KH2013:KH.C10.407,0.279980694685534
KH2013:KH.C10.617,0.0594851809797312
KH2013:KH.C10.175,0.0783566949453831
KH2013:KH.C10.246,0.0610469129824537
KH2013:KH.C10.436,0.122185650080068
KH2013:KH.C10.70,0.0128720365616731
KH2013:KH.C10.133,0.661940710208672
KH2013:KH.C10.8,0.820856526205638
KH2013:KH.C10.229,2.55764741700712
KH2013:KH.C10.383,0.00885326549486485
KH2013:KH.C10.450,0.0317220740272993
KH2013:KH.C10.335,0.39726723898462
KH2013:KH.C10.168,0.0896569097496633
KH2013:KH.C10.417,0.071199921346139
KH2013:KH.C10.287,0.0417520141835651
KH2013:KH.C10.428,0.123130619052072
KH2013:KH.C10.172,0.00676866053872763
KH2013:KH.C10.68,0.0320962745874214
KH2013:KH.C10.267,0.38116750916703
KH2013:KH.C10.107,0.0048309299293665
KH2013:KH.C10.29,0.414272689763904
KH2013:KH.C10.545,0.523548031219243
KH2013:KH.C10.127,0.582120601293719
KH2013:KH.C10.496,0.162570147778492
KH2013:KH.C10.606,0.0387189653970036
KH2013:KH.C10.201,0.0417697420706883
KH2013:KH.C10.40,3.14292911124462
KH2013:KH.C10.31,0.504922045275237
KH2013:KH.C10.446,0.0154701637089013
KH2013:KH.C10.289,0.071199921346139
KH2013:KH.C10.474,0.0139865883745966
KH2013:KH.C10.50,0.473037204404921
KH2013:KH.C10.214,0.10572221256556
KH2013:KH.C11.378,0.8861836723845
KH2013:KH.C11.566,0.0635578955940688
KH2013:KH.C11.333,0.0284371177436718
KH2013:KH.C11.513,0.071199921346139
KH2013:KH.C11.407,0.071199921346139
KH2013:KH.C11.486,0.134082113386015
KH2013:KH.C11.141,0.0387189653970036
KH2013:KH.C11.288,0.197746970056274
KH2013:KH.C11.228,0.0100378135605959
KH2013:KH.C11.518,0.302045866812404
KH2013:KH.C11.458,0.0933553298397106
KH2013:KH.C11.476,0.158609831271261
KH2013:KH.C11.98,0.132969246586065
KH2013:KH.C11.400,0.127465593601973
KH2013:KH.C11.500,0.0404063556643905
KH2013:KH.C11.471,0.0813804619264364
KH2013:KH.C11.274,6.01687056466805
KH2013:KH.C11.269,0.850494583188429
KH2013:KH.C11.733,0.306290163931087
KH2013:KH.C11.38,0.147394258219177
KH2013:KH.C11.222,0.071199921346139
KH2013:KH.C11.638,0.0397998920962686
KH2013:KH.C11.538,0.388444503895362
KH2013:KH.C11.196,2.52377555101628
KH2013:KH.C11.582,0.0112730682126775
KH2013:KH.C11.697,0.101499906375526
KH2013:KH.C11.6,0.149782540936966
KH2013:KH.C11.530,1.29353961604021
KH2013:KH.C11.342,1.09413144827678
KH2013:KH.C11.308,0.178752206596398
KH2013:KH.C11.394,1.45160380814437
KH2013:KH.C11.337,0.0796260050755052
KH2013:KH.C11.264,1.18187697910627
KH2013:KH.C11.574,0.0558953845365168
KH2013:KH.C11.390,1.46073043056776
KH2013:KH.C11.159,0.0684861094748795
KH2013:KH.C11.293,0.341448360354733
KH2013:KH.C11.685,0.00381698515654398
KH2013:KH.C11.683,0.0889038023101073
KH2013:KH.C11.304,1.37844270653639
KH2013:KH.C11.508,0.071199921346139
KH2013:KH.C11.249,0.302019021225883
KH2013:KH.C11.162,0.101502800710833
KH2013:KH.C11.405,0.102235406361707
KH2013:KH.C11.680,0.304118436666024
KH2013:KH.C11.568,0.217623121554411
KH2013:KH.C11.299,0.491683353812838
KH2013:KH.C11.454,6.84816380938095
KH2013:KH.C11.195,1.80870797156995
KH2013:KH.C11.490,0.375844164830512
KH2013:KH.C11.460,0.0266302522886333
KH2013:KH.C11.485,0.0261932546838831
KH2013:KH.C11.85,0.202596334790262
KH2013:KH.C11.456,1.46024611944866
KH2013:KH.C11.143,2.20739090167541
KH2013:KH.C11.495,0.124887947112932
KH2013:KH.C11.230,0.071199921346139
KH2013:KH.C11.25,0.205929235502533
KH2013:KH.C11.202,0.549592235775797
KH2013:KH.C11.706,0.0887903415557266
KH2013:KH.C11.324,0.0140625284945749
KH2013:KH.C11.603,0.156571861844319
KH2013:KH.C11.332,0.00996087944672495
KH2013:KH.C11.201,0.071199921346139
KH2013:KH.C11.365,0.00120057776651364
KH2013:KH.C11.253,0.0488757511638613
KH2013:KH.C11.316,0.0134229752812316
KH2013:KH.C11.721,0.071199921346139
KH2013:KH.C11.136,0.0481629025162475
KH2013:KH.C11.182,0.039657920747727
KH2013:KH.C11.265,0.296933273757574
KH2013:KH.C11.633,0.071199921346139
KH2013:KH.C11.364,0.542940343404651
KH2013:KH.C11.86,0.0322212073454862
KH2013:KH.C11.731,0.0674794188077408
KH2013:KH.C11.408,0.1744859651839
KH2013:KH.C11.439,0.163924272870832
KH2013:KH.C11.51,0.0954843074937278
KH2013:KH.C11.39,0.135933932381344
KH2013:KH.C11.404,0.226499785849939
KH2013:KH.C11.482,0.327319321985891
KH2013:KH.C11.402,0.786802024259725
KH2013:KH.C11.523,0.0363736463654159
KH2013:KH.C11.579,0.039986967841438
KH2013:KH.C11.149,0.435756150766376
KH2013:KH.C11.539,1.73412823102962
KH2013:KH.C11.167,0.189276161730251
KH2013:KH.C11.701,0.238037551708347
KH2013:KH.C11.541,0.071199921346139
KH2013:KH.C11.403,0.162393620293108
KH2013:KH.C11.212,5.21723809703895e-05
KH2013:KH.C11.93,0.300816224505114
KH2013:KH.C11.637,0.00799533997531629
KH2013:KH.C11.453,0.33607944640172
KH2013:KH.C11.215,2.60237349507385
KH2013:KH.C11.227,0.071199921346139
KH2013:KH.C11.43,0.071199921346139
KH2013:KH.C11.165,0.0121294967371378
KH2013:KH.C11.233,0.071199921346139
KH2013:KH.C11.592,0.100028364469792
KH2013:KH.C11.184,0.00154412095686189
KH2013:KH.C11.211,0.0901798249127647
KH2013:KH.C11.238,0.151881744132374
KH2013:KH.C11.468,0.573537480622456
KH2013:KH.C11.558,0.200147638462721
KH2013:KH.C11.424,0.025139075322557
KH2013:KH.C11.360,0.154536750706341
KH2013:KH.C11.431,0.0398660937479149
KH2013:KH.C11.32,0.00324609137174869
KH2013:KH.C11.311,0.071199921346139
KH2013:KH.C11.210,0.761389397078634
KH2013:KH.C11.598,0.071199921346139
KH2013:KH.C11.663,0.269248335028895
KH2013:KH.C11.563,0.0387692324602123
KH2013:KH.C11.314,1.37332104751342
KH2013:KH.C11.709,0.071199921346139
KH2013:KH.C11.139,1.17147406977919
KH2013:KH.C11.432,0.0579000771272542
KH2013:KH.C11.681,0.0830635757978927
KH2013:KH.C11.81,0.0445561676143982
KH2013:KH.C11.158,0.251446384410576
KH2013:KH.C11.155,0.0425699188276801
KH2013:KH.C11.501,0.239974193062563
KH2013:KH.C11.514,0.0305538083668324
KH2013:KH.C11.18,0.071199921346139
KH2013:KH.C11.175,0.257324409702104
KH2013:KH.C11.12,1.04625715633587
KH2013:KH.C11.577,0.400364180587002
KH2013:KH.C11.562,0.243584926323954
KH2013:KH.C11.68,0.0579000771272542
KH2013:KH.C11.232,0.179709098006951
KH2013:KH.C11.366,0.178752206596398
KH2013:KH.C11.679,0.583274436658404
KH2013:KH.C11.670,0.098348641077058
KH2013:KH.C11.242,0.932468264925723
KH2013:KH.C11.129,0.125167390366323
KH2013:KH.C11.493,0.0384747271563842
KH2013:KH.C11.176,9.04670496418406e-05
KH2013:KH.C11.76,0.211047566599612
KH2013:KH.C11.160,0.071199921346139
KH2013:KH.C11.279,0.545128101412346
KH2013:KH.C11.711,0.0202128715700888
KH2013:KH.C11.583,0.93608431431618
KH2013:KH.C11.138,0.0549337383605093
KH2013:KH.C11.595,0.279010663001701
KH2013:KH.C11.395,0.641601589888296
KH2013:KH.C11.734,0.604312692754468
KH2013:KH.C11.186,0.00858708815025144
KH2013:KH.C11.157,0.071199921346139
KH2013:KH.C11.199,1.33111854509653
KH2013:KH.C11.22,0.502806898391735
KH2013:KH.C12.537,1.27444973392355
KH2013:KH.C12.573,0.151881744132374
KH2013:KH.C12.408,0.192941252221642
KH2013:KH.C12.513,0.0818599482195762
KH2013:KH.C12.71,0.174016551923713
KH2013:KH.C12.81,0.227843370626691
KH2013:KH.C12.248,0.0577330039225332
KH2013:KH.C12.207,0.071199921346139
KH2013:KH.C12.82,0.139772185636454
KH2013:KH.C12.326,0.0413480467218555
KH2013:KH.C12.656,0.128050575330635
KH2013:KH.C12.520,0.0441811211485287
KH2013:KH.C12.267,0.0357115222736251
KH2013:KH.C12.307,0.494142038375611
KH2013:KH.C12.144,0.0018319015091936
KH2013:KH.C12.330,0.449629248051393
KH2013:KH.C12.280,0.0694820807802921
KH2013:KH.C12.75,0.0876590354645996
KH2013:KH.C12.284,0.112162690878501
KH2013:KH.C12.222,0.367023915419192
KH2013:KH.C12.340,0.0570984416247425
KH2013:KH.C12.572,0.139772185636454
KH2013:KH.C12.450,0.139772185636454
KH2013:KH.C12.226,0.0540998092555999
KH2013:KH.C12.125,0.253039777351068
KH2013:KH.C12.419,0.401940982165525
KH2013:KH.C12.233,0.071199921346139
KH2013:KH.C12.390,0.643612294063774
KH2013:KH.C12.213,0.224953009421987
KH2013:KH.C12.681,0.144690193603119
KH2013:KH.C12.472,0.0277554803961025
KH2013:KH.C12.536,0.167320565013296
KH2013:KH.C12.45,0.0931027132994026
KH2013:KH.C12.56,0.0198074365499465
KH2013:KH.C12.229,0.357759136690375
KH2013:KH.C12.1,0.115111765151592
KH2013:KH.C12.510,0.071199921346139
KH2013:KH.C12.648,1.3420753479916
KH2013:KH.C12.122,0.071199921346139
KH2013:KH.C12.661,0.139772185636454
KH2013:KH.C12.23,0.071199921346139
KH2013:KH.C12.413,0.071199921346139
KH2013:KH.C12.300,0.0264463892476014
KH2013:KH.C12.675,0.0387692324602123
KH2013:KH.C12.270,0.0895845682703808
KH2013:KH.C12.606,0.0357115222736251
KH2013:KH.C12.654,0.0838486099672324
KH2013:KH.C12.186,0.400092893475679
KH2013:KH.C12.402,1.94714272175745
KH2013:KH.C12.191,0.0431717049898321
KH2013:KH.C12.337,0.570549838162604
KH2013:KH.C12.509,0.071199921346139
KH2013:KH.C12.345,0.775970623297718
KH2013:KH.C12.32,0.269293325400705
KH2013:KH.C12.544,1.45011895914321
KH2013:KH.C12.63,0.409923940265897
KH2013:KH.C12.410,0.071199921346139
KH2013:KH.C12.178,0.071199921346139
KH2013:KH.C12.53,0.0901650963510433
KH2013:KH.C12.550,0.0143864959586577
KH2013:KH.C12.263,0.0605277357070061
KH2013:KH.C12.611,0.058893329311658
KH2013:KH.C12.30,0.558482191511427
KH2013:KH.C12.618,0.0025280016910206
KH2013:KH.C12.369,0.139772185636454
KH2013:KH.C12.690,0.139772185636454
KH2013:KH.C12.298,0.071199921346139
KH2013:KH.C12.302,0.0447091098663769
KH2013:KH.C12.67,2.13705373799721
KH2013:KH.C12.25,0.071199921346139
KH2013:KH.C12.409,0.00529323979319965
KH2013:KH.C12.668,0.0198897401239362
KH2013:KH.C12.65,0.027291376211269
KH2013:KH.C12.671,1.07766551079565
KH2013:KH.C12.613,0.109815092083693
KH2013:KH.C12.84,0.523906253572904
KH2013:KH.C12.350,0.120206018699853
KH2013:KH.C12.182,0.071199921346139
KH2013:KH.C12.588,0.184834175315438
KH2013:KH.C12.297,0.071199921346139
KH2013:KH.C12.156,0.0327876879608406
KH2013:KH.C12.691,0.310163234528518
KH2013:KH.C12.109,0.040693928031337
KH2013:KH.C12.148,0.071199921346139
KH2013:KH.C12.634,0.0347738199151958
KH2013:KH.C12.591,0.327800138875246
KH2013:KH.C12.195,0.766768059348449
KH2013:KH.C12.364,0.251385666508062
KH2013:KH.C12.561,0.0407960024513902
KH2013:KH.C12.247,0.0368934741712294
KH2013:KH.C12.354,0.0397998920962686
KH2013:KH.C12.453,0.451410581174695
KH2013:KH.C12.394,0.146682882688996
KH2013:KH.C12.118,0.0171997223461201
KH2013:KH.C12.480,0.352060287293072
KH2013:KH.C12.57,0.0965791617354491
KH2013:KH.C12.78,0.071199921346139
KH2013:KH.C12.439,0.585941135471061
KH2013:KH.C12.18,0.139772185636454
KH2013:KH.C12.433,0.194252583455173
KH2013:KH.C12.489,0.0759077970161296
KH2013:KH.C12.51,0.563554127243694
KH2013:KH.C12.314,0.071199921346139
KH2013:KH.C12.59,0.071199921346139
KH2013:KH.C12.456,0.139772185636454
KH2013:KH.C12.60,0.353787718301478
KH2013:KH.C12.3,1.1403055789999
KH2013:KH.C12.653,0.301876056799694
KH2013:KH.C12.4,1.98508457240126
KH2013:KH.C12.129,2.56233762851297
KH2013:KH.C12.243,0.067852302983633
KH2013:KH.C12.264,0.058893329311658
KH2013:KH.C12.304,0.477188144576922
KH2013:KH.C12.508,0.071199921346139
KH2013:KH.C12.231,1.42516574722019
KH2013:KH.C12.141,0.0018319015091936
KH2013:KH.C12.650,3.54573739168521
KH2013:KH.C12.462,0.367023915419192
KH2013:KH.C12.555,0.071199921346139
KH2013:KH.C12.20,0.62079822011871
KH2013:KH.C12.694,0.071199921346139
KH2013:KH.C12.5,0.071199921346139
KH2013:KH.C12.530,0.071199921346139
KH2013:KH.C13.130,0.826690194534451
KH2013:KH.C13.146,0.667030990901212
KH2013:KH.C13.16,4.56079721877983
KH2013:KH.C13.108,0.071199921346139
KH2013:KH.C13.71,0.139772185636454
KH2013:KH.C13.145,0.0557014924936996
KH2013:KH.C13.36,0.0606040913789726
KH2013:KH.C13.127,1.21150279167308
KH2013:KH.C13.67,0.208229823575026
KH2013:KH.C13.54,0.139772185636454
KH2013:KH.C13.3,1.05124052368233
KH2013:KH.C13.107,0.202765283623479
KH2013:KH.C13.181,0.071199921346139
KH2013:KH.C13.132,0.115212426340791
KH2013:KH.C13.13,1.56611544917176
KH2013:KH.C13.165,0.0139827413737143
KH2013:KH.C13.18,0.0184207315987514
KH2013:KH.C13.87,0.612282052014041
KH2013:KH.C13.1,0.071199921346139
KH2013:KH.C13.11,0.074808539092613
KH2013:KH.C13.42,0.448017044543519
KH2013:KH.C13.34,0.187135225613634
KH2013:KH.C13.105,0.374491629923953
KH2013:KH.C13.66,0.071199921346139
KH2013:KH.C13.168,0.0018319015091936
KH2013:KH.C13.68,0.20057762724023
KH2013:KH.C13.86,0.2023130717355
KH2013:KH.C13.184,0.64876579093529
KH2013:KH.C13.152,0.465959833673795
KH2013:KH.C13.23,0.0189443294578215
KH2013:KH.C13.121,0.109568923394457
KH2013:KH.C13.182,0.00524660328653512
KH2013:KH.C13.97,0.071199921346139
KH2013:KH.C13.163,0.607281160600011
KH2013:KH.C13.90,1.08236938785795
KH2013:KH.C13.119,4.81190275351015
KH2013:KH.C13.17,0.73124143627914
KH2013:KH.C13.91,0.308792395075141
KH2013:KH.C13.116,0.113266342851793
KH2013:KH.C13.100,0.0320510357866035
KH2013:KH.C13.141,0.0650209130268345
KH2013:KH.C13.117,0.0724400344930969
KH2013:KH.C13.110,0.401660829833933
KH2013:KH.C14.117,0.473117883835892
KH2013:KH.C14.479,0.0783508896249177
KH2013:KH.C14.12,0.467313416120014
KH2013:KH.C14.48,0.327242305779359
KH2013:KH.C14.449,0.0825779125204306
KH2013:KH.C14.202,0.528255270060632
KH2013:KH.C14.288,0.0238790964766753
KH2013:KH.C14.217,0.071199921346139
KH2013:KH.C14.312,0.221597372328006
KH2013:KH.C14.218,0.0149924050559534
KH2013:KH.C14.222,0.0451649698038364
KH2013:KH.C14.269,0.14017703805735
KH2013:KH.C14.433,0.0415242190063749
KH2013:KH.C14.349,0.0827848897644037
KH2013:KH.C14.267,0.00203480822393619
KH2013:KH.C14.37,0.00331915609503286
KH2013:KH.C14.54,0.0592156027459919
KH2013:KH.C14.271,0.058893329311658
KH2013:KH.C14.310,0.0146798250987935
KH2013:KH.C14.311,0.071199921346139
KH2013:KH.C14.206,0.42895442905008
KH2013:KH.C14.556,0.071199921346139
KH2013:KH.C14.463,0.519861328128395
KH2013:KH.C14.187,0.188907193062343
KH2013:KH.C14.532,0.111616869025687
KH2013:KH.C14.352,0.00288863623551721
KH2013:KH.C14.197,0.449864318846488
KH2013:KH.C14.379,0.139772185636454
KH2013:KH.C14.416,0.100810953890157
KH2013:KH.C14.505,0.071199921346139
KH2013:KH.C14.567,0.306290163931087
KH2013:KH.C14.614,0.0418426284329949
KH2013:KH.C14.256,0.0262154311028218
KH2013:KH.C14.335,0.0190333950286221
KH2013:KH.C14.30,0.071199921346139
KH2013:KH.C14.328,0.241455683572944
KH2013:KH.C14.601,0.277513442879864
KH2013:KH.C14.398,2.79020250257352
KH2013:KH.C14.397,0.365736687754319
KH2013:KH.C14.586,0.0322456694280839
KH2013:KH.C14.495,1.87400224856127
KH2013:KH.C14.85,0.205548185668142
KH2013:KH.C14.211,0.356238712418775
KH2013:KH.C14.581,0.071199921346139
KH2013:KH.C14.485,0.0696526003384822
KH2013:KH.C14.189,0.465539017154667
KH2013:KH.C14.142,0.00151939941766209
KH2013:KH.C14.22,0.163011806761106
KH2013:KH.C14.216,0.154487131659286
KH2013:KH.C14.400,0.0785331437370401
KH2013:KH.C14.592,0.0266661832600761
KH2013:KH.C14.208,0.00151939941766209
KH2013:KH.C14.108,0.00349183847710479
KH2013:KH.C14.455,0.217478237041271
KH2013:KH.C14.38,0.551526012529167
KH2013:KH.C14.446,1.15441516126264
KH2013:KH.C14.172,0.0570485376761076
KH2013:KH.C14.227,1.83601025013011
KH2013:KH.C14.121,0.0179318030073965
KH2013:KH.C14.299,0.0298796382223549
KH2013:KH.C14.158,0.071199921346139
KH2013:KH.C14.535,2.78054148390432
KH2013:KH.C14.317,0.0564982274345836
KH2013:KH.C14.163,2.1896088907095
KH2013:KH.C14.184,1.47311130107815
KH2013:KH.C14.29,0.382433489547799
KH2013:KH.C14.72,0.141228339164412
KH2013:KH.C14.285,0.071199921346139
KH2013:KH.C14.393,0.071199921346139
KH2013:KH.C14.263,0.364231162390734
KH2013:KH.C14.508,0.071199921346139
KH2013:KH.C14.133,0.069896650730831
KH2013:KH.C14.18,0.0974473006558584
KH2013:KH.C14.354,0.91303136029026
KH2013:KH.C14.324,0.0142735752319751
KH2013:KH.C14.325,0.0150746513907545
KH2013:KH.C14.80,0.071199921346139
KH2013:KH.C14.134,0.071199921346139
KH2013:KH.C14.408,0.478352344428856
KH2013:KH.C14.201,2.39455942211885
KH2013:KH.C14.272,0.112273841795908
KH2013:KH.C14.401,0.00888661965529471
KH2013:KH.C14.330,2.24046333559577
KH2013:KH.C14.146,0.996349773720533
KH2013:KH.C14.476,1.03359253434735
KH2013:KH.C14.606,0.071199921346139
KH2013:KH.C14.286,0.0681459549763941
KH2013:KH.C14.264,0.0347738199151958
KH2013:KH.C14.221,0.894021190502424
KH2013:KH.C14.293,4.11077129019372
KH2013:KH.C14.42,0.071199921346139
KH2013:KH.C14.478,2.55407202738122
KH2013:KH.C14.154,0.276629220059958
KH2013:KH.C14.490,0.127465593601973
KH2013:KH.C14.355,0.380104162672092
KH2013:KH.C14.39,0.139772185636454
KH2013:KH.C14.107,0.0317146646192875
KH2013:KH.C14.498,0.420235661444556
KH2013:KH.C14.337,0.28541768946834
KH2013:KH.C14.549,4.19993953570709
KH2013:KH.C14.356,5.13737899263044
KH2013:KH.C14.261,0.226895591454638
KH2013:KH.C14.36,0.0376759664776296
KH2013:KH.C14.474,0.101344210689056
KH2013:KH.C14.340,0.142525231454645
KH2013:KH.C14.140,0.113227052379191
KH2013:KH.C14.112,0.0769349058819357
KH2013:KH.C14.323,0.071199921346139
KH2013:KH.C14.69,0.0679245577648101
KH2013:KH.C14.327,0.0806594383887496
KH2013:KH.C2.653,0.873780176427525
KH2013:KH.C2.380,2.58148594033592
KH2013:KH.C2.773,0.00386929695407276
KH2013:KH.C2.173,0.071199921346139
KH2013:KH.C2.910,0.0117304970321033
KH2013:KH.C2.203,0.505260716782342
KH2013:KH.C2.330,0.125071185753319
KH2013:KH.C2.451,0.0694961033193413
KH2013:KH.C2.810,0.180374400680684
KH2013:KH.C2.420,0.0211797827116517
KH2013:KH.C2.833,0.245380281458051
KH2013:KH.C2.205,0.173000556696417
KH2013:KH.C2.655,0.245198453089119
KH2013:KH.C2.411,2.06073585281631
KH2013:KH.C2.52,0.638903803777589
KH2013:KH.C2.442,0.0815459135257756
KH2013:KH.C2.1079,0.071199921346139
KH2013:KH.C2.577,0.0142129641432666
KH2013:KH.C2.919,0.799974254193992
KH2013:KH.C2.181,0.507303677626056
KH2013:KH.C2.109,0.071199921346139
KH2013:KH.C2.529,0.133967417671778
KH2013:KH.C2.969,0.0719579337532273
KH2013:KH.C2.1091,0.205929235502533
KH2013:KH.C2.705,0.405511664953611
KH2013:KH.C2.545,0.124637894220033
KH2013:KH.C2.166,0.0114254490020229
KH2013:KH.C2.1117,0.542619827681013
KH2013:KH.C2.306,0.938667603369792
KH2013:KH.C2.694,3.05617421344045
KH2013:KH.C2.180,0.0110042192636558
KH2013:KH.C2.364,0.265012060787854
KH2013:KH.C2.454,0.071199921346139
KH2013:KH.C2.809,0.071199921346139
KH2013:KH.C2.796,0.243584926323954
KH2013:KH.C2.71,0.0155804464807321
KH2013:KH.C2.649,1.68423935531297
KH2013:KH.C2.948,0.00362356471162716
KH2013:KH.C2.1103,0.071199921346139
KH2013:KH.C2.886,0.0512972521518686
KH2013:KH.C2.1109,0.30336785159781
KH2013:KH.C2.318,0.0457167113989578
KH2013:KH.C2.761,0.269207364285613
KH2013:KH.C2.774,0.139772185636454
KH2013:KH.C2.337,0.0018319015091936
KH2013:KH.C2.477,0.00885326549486485
KH2013:KH.C2.61,0.684460703448256
KH2013:KH.C2.34,0.0304290095918804
KH2013:KH.C2.893,0.403976677131359
KH2013:KH.C2.294,0.0145319803979985
KH2013:KH.C2.994,0.183627741957712
KH2013:KH.C2.456,0.726428868398119
KH2013:KH.C2.924,0.711129068428747
KH2013:KH.C2.637,0.136586228297313
KH2013:KH.C2.191,0.330245881574631
KH2013:KH.C2.626,0.174502830926609
KH2013:KH.C2.915,0.228123141046049
KH2013:KH.C2.753,0.034472876781137
KH2013:KH.C2.959,0.0402247847781054
KH2013:KH.C2.377,0.0129856338064059
KH2013:KH.C2.291,0.071199921346139
KH2013:KH.C2.45,0.207911589180615
KH2013:KH.C2.615,0.130189267811256
KH2013:KH.C2.743,0.0160194916618064
KH2013:KH.C2.235,0.34784482854539
KH2013:KH.C2.121,0.0578873495443721
KH2013:KH.C2.609,0.691956709545173
KH2013:KH.C2.249,0.139772185636454
KH2013:KH.C2.690,0.0494656338144808
KH2013:KH.C2.321,0.740635767090335
KH2013:KH.C2.14,0.0424613763331433
KH2013:KH.C2.676,0.270910168846675
KH2013:KH.C2.124,0.0262354582795958
KH2013:KH.C2.612,0.260647472528163
KH2013:KH.C2.140,0.723926968290322
KH2013:KH.C2.36,0.153142673533092
KH2013:KH.C2.478,0.0564982274345836
KH2013:KH.C2.148,0.071199921346139
KH2013:KH.C2.251,5.71198390263823
KH2013:KH.C2.149,0.553704157246216
KH2013:KH.C2.792,1.39980329970328
KH2013:KH.C2.271,0.20100245999924
KH2013:KH.C2.278,0.13944778415672
KH2013:KH.C2.970,0.071199921346139
KH2013:KH.C2.240,0.216255211964288
KH2013:KH.C2.892,0.0549337383605093
KH2013:KH.C2.284,0.0428698371478714
KH2013:KH.C2.805,0.172019799833506
KH2013:KH.C2.732,0.148893959035874
KH2013:KH.C2.1085,0.0416171110917849
KH2013:KH.C2.255,0.013345860440856
KH2013:KH.C2.1017,0.114560495181612
KH2013:KH.C2.802,0.236004137578472
KH2013:KH.C2.20,0.177839141086225
KH2013:KH.C2.465,0.00984744532449632
KH2013:KH.C2.1067,0.040396045346573
KH2013:KH.C2.327,0.0892234568023271
KH2013:KH.C2.12,0.0569735691859929
KH2013:KH.C2.730,1.42307218169995
KH2013:KH.C2.422,0.0175114903463673
KH2013:KH.C2.199,0.139772185636454
KH2013:KH.C2.596,0.0447430309221242
KH2013:KH.C2.722,1.6555724054803
KH2013:KH.C2.167,0.369235788045146
KH2013:KH.C2.58,0.0378325556937121
KH2013:KH.C2.286,0.138758794023137
KH2013:KH.C2.555,0.139772185636454
KH2013:KH.C2.275,0.139772185636454
KH2013:KH.C2.467,0.114265583063683
KH2013:KH.C2.345,0.0108264203699231
KH2013:KH.C2.226,0.22790333301168
KH2013:KH.C2.402,0.111629354158899
KH2013:KH.C2.1071,0.0444305725646066
KH2013:KH.C2.1011,0.165285289172793
KH2013:KH.C2.285,0.188335838045113
KH2013:KH.C2.62,1.45684354306102
KH2013:KH.C2.134,0.20578329825477
KH2013:KH.C2.858,0.0901603797844496
KH2013:KH.C2.373,1.22237400093493
KH2013:KH.C2.489,0.00673383105788948
KH2013:KH.C2.290,0.155527599495967
KH2013:KH.C2.403,0.0445435572094064
KH2013:KH.C2.280,0.0839336433130142
KH2013:KH.C2.594,0.0710719861947311
KH2013:KH.C2.38,0.132181695951056
KH2013:KH.C2.598,0.0660624575228088
KH2013:KH.C2.457,0.0296755335916808
KH2013:KH.C2.922,3.21912736546159
KH2013:KH.C2.582,0.0339410617502554
KH2013:KH.C2.40,0.701972660135859
KH2013:KH.C2.78,0.868691494443882
KH2013:KH.C2.5,0.057354516734987
KH2013:KH.C2.819,0.0889726732037302
KH2013:KH.C2.127,0.071199921346139
KH2013:KH.C2.881,0.206492529181608
KH2013:KH.C2.1055,1.72490232502349
KH2013:KH.C2.353,0.153279777390545
KH2013:KH.C2.66,0.148243313252106
KH2013:KH.C2.781,0.0343477385452484
KH2013:KH.C2.473,0.0599281267931302
KH2013:KH.C2.1044,0.00529687857364637
KH2013:KH.C2.209,0.876788932443709
KH2013:KH.C2.302,0.161658370853371
KH2013:KH.C2.509,0.0762615490293424
KH2013:KH.C2.719,0.0198074365499465
KH2013:KH.C2.416,0.075383668294219
KH2013:KH.C2.846,0.0648886997596936
KH2013:KH.C2.549,0.320282806906767
KH2013:KH.C2.137,0.646786790294531
KH2013:KH.C2.654,0.0327876879608406
KH2013:KH.C2.859,0.0457983948715479
KH2013:KH.C2.884,0.279862792701704
KH2013:KH.C2.507,0.427690340306912
KH2013:KH.C2.334,1.8461343602723
KH2013:KH.C2.75,0.071199921346139
KH2013:KH.C2.530,0.186817607811577
KH2013:KH.C2.244,0.0856089511132752
KH2013:KH.C2.269,0.299961540143119
KH2013:KH.C2.399,0.109323591590072
KH2013:KH.C2.482,0.071199921346139
KH2013:KH.C2.585,0.0843415910908524
KH2013:KH.C2.29,0.0263591289569452
KH2013:KH.C2.469,0.0130490214202033
KH2013:KH.C2.958,0.00137926749155068
KH2013:KH.C2.187,0.128607426138899
KH2013:KH.C2.566,0.0216997830866537
KH2013:KH.C2.156,0.557072043305548
KH2013:KH.C2.816,0.0222269228911362
KH2013:KH.C2.1105,0.071199921346139
KH2013:KH.C2.488,0.0121294967371378
KH2013:KH.C2.817,0.0587881138473632
KH2013:KH.C2.867,0.026867507809208
KH2013:KH.C2.223,0.505734295601149
KH2013:KH.C2.190,0.0173771831132988
KH2013:KH.C2.384,0.0572096614877475
KH2013:KH.C2.348,0.139033707391848
KH2013:KH.C2.418,0.182740074999715
KH2013:KH.C2.254,0.18871956928496
KH2013:KH.C2.147,0.110832302881407
KH2013:KH.C2.307,0.286330851260192
KH2013:KH.C2.1010,0.071199921346139
KH2013:KH.C2.110,0.071199921346139
KH2013:KH.C2.973,0.071199921346139
KH2013:KH.C2.925,0.267872112335431
KH2013:KH.C2.861,0.0229700753260987
KH2013:KH.C2.997,0.0468428469329932
KH2013:KH.C2.913,0.385584498190874
KH2013:KH.C2.782,0.164632484249805
KH2013:KH.C2.480,0.0876056593189376
KH2013:KH.C2.157,0.0581121486201882
KH2013:KH.C2.70,0.000581855134774815
KH2013:KH.C2.320,0.255240873206471
KH2013:KH.C2.641,0.0541719853135715
KH2013:KH.C2.1089,0.0308888548341748
KH2013:KH.C2.633,0.0577352563570289
KH2013:KH.C2.623,0.0773217562154571
KH2013:KH.C2.786,0.071199921346139
KH2013:KH.C2.192,0.00528315475884342
KH2013:KH.C2.1092,0.506385047724393
KH2013:KH.C2.763,0.0295369491900884
KH2013:KH.C2.542,0.071199921346139
KH2013:KH.C2.248,0.196810672571839
KH2013:KH.C2.863,0.498320441042261
KH2013:KH.C2.1146,0.071199921346139
KH2013:KH.C2.10,1.1016926613624
KH2013:KH.C2.537,0.123614588887289
KH2013:KH.C2.453,1.40398841768749
KH2013:KH.C2.37,0.0901667419028624
KH2013:KH.C2.899,0.112500915202393
KH2013:KH.C2.992,0.130351861648337
KH2013:KH.C2.22,0.103595514581279
KH2013:KH.C2.996,0.0456933187733679
KH2013:KH.C2.146,0.184948483966487
KH2013:KH.C2.998,0.272018127070677
KH2013:KH.C2.97,0.251448027329882
KH2013:KH.C2.1050,0.794388214120436
KH2013:KH.C2.3,0.418765273827116
KH2013:KH.C2.708,0.113128431904714
KH2013:KH.C2.250,0.0255955450103981
KH2013:KH.C2.665,0.099047341892068
KH2013:KH.C3.827,0.00799533997531629
KH2013:KH.C3.753,0.0298796382223549
KH2013:KH.C3.665,0.0996616449136858
KH2013:KH.C3.333,0.139772185636454
KH2013:KH.C3.406,0.264913204467397
KH2013:KH.C3.114,0.0581878333672096
KH2013:KH.C3.422,0.145228251727889
KH2013:KH.C3.732,0.220052648887287
KH2013:KH.C3.604,0.399539870284187
KH2013:KH.C3.549,0.0570050194415283
KH2013:KH.C3.216,0.240231074589731
KH2013:KH.C3.400,0.0876056593189376
KH2013:KH.C3.347,0.00700011549020451
KH2013:KH.C3.823,0.134300388053755
KH2013:KH.C3.694,0.0104599205763816
KH2013:KH.C3.143,0.218005531282099
KH2013:KH.C3.793,0.0694332460135454
KH2013:KH.C3.174,0.0445561676143982
KH2013:KH.C3.765,0.0665906440763048
KH2013:KH.C3.438,0.018976347574793
KH2013:KH.C3.137,0.675828161629717
KH2013:KH.C3.459,0.00178698321470035
KH2013:KH.C3.82,0.0279340088167931
KH2013:KH.C3.926,0.0105290075751526
KH2013:KH.C3.628,0.0109951578000502
KH2013:KH.C3.780,0.126859563090351
KH2013:KH.C3.503,0.517405418291535
KH2013:KH.C3.287,0.0300684132572067
KH2013:KH.C3.526,1.79729566062844
KH2013:KH.C3.650,0.669861922592775
KH2013:KH.C3.471,0.0946594643298742
KH2013:KH.C3.641,0.110124411417741
KH2013:KH.C3.298,0.238397241693645
KH2013:KH.C3.813,0.0327719463987404
KH2013:KH.C3.80,0.153052151832475
KH2013:KH.C3.7,0.0033532324694876
KH2013:KH.C3.93,0.010016930897923
KH2013:KH.C3.715,0.0577330039225332
KH2013:KH.C3.855,0.00203480822393619
KH2013:KH.C3.566,1.22583997162186
KH2013:KH.C3.140,0.118851227062347
KH2013:KH.C3.328,0.0581605075510576
KH2013:KH.C3.738,0.077866726392063
KH2013:KH.C3.515,0.541145811701818
KH2013:KH.C3.4,0.100294338317615
KH2013:KH.C3.642,0.0205039034534274
KH2013:KH.C3.644,0.147061492266251
KH2013:KH.C3.184,0.0186738360236708
KH2013:KH.C3.754,0.113307239716902
KH2013:KH.C3.251,0.240088168353308
KH2013:KH.C3.151,0.071199921346139
KH2013:KH.C3.70,0.767573687760057
KH2013:KH.C3.905,0.601076982559552
KH2013:KH.C3.742,0.248375711310162
KH2013:KH.C3.99,0.329303314482841
KH2013:KH.C3.39,0.071199921346139
KH2013:KH.C3.286,0.0184207315987514
KH2013:KH.C3.731,0.133317645010801
KH2013:KH.C3.923,0.376551382206354
KH2013:KH.C3.519,0.0579000771272542
KH2013:KH.C3.649,0.071199921346139
KH2013:KH.C3.91,0.071199921346139
KH2013:KH.C3.331,0.0235643492821549
KH2013:KH.C3.231,0.0442962344872357
KH2013:KH.C3.84,0.682458637344193
KH2013:KH.C3.63,0.0427925324387779
KH2013:KH.C3.611,0.513857126485088
KH2013:KH.C3.762,0.0381875967586636
KH2013:KH.C3.52,0.0172882197278327
KH2013:KH.C3.716,0.0173771831132988
KH2013:KH.C3.187,0.751748390090712
KH2013:KH.C3.622,0.228085705134546
KH2013:KH.C3.133,0.140255440514344
KH2013:KH.C3.297,0.562066797243932
KH2013:KH.C3.256,0.178752206596398
KH2013:KH.C3.172,0.0383000677362501
KH2013:KH.C3.647,0.0164379175717442
KH2013:KH.C3.903,0.500151640165837
KH2013:KH.C3.304,0.111892277411345
KH2013:KH.C3.89,0.175325099838658
KH2013:KH.C3.226,0.108372156386584
KH2013:KH.C3.791,0.873556185778625
KH2013:KH.C3.291,0.071199921346139
KH2013:KH.C3.207,0.342113872916643
KH2013:KH.C3.837,0.107012313240114
KH2013:KH.C3.538,0.0618433008537376
KH2013:KH.C3.374,0.0210777842599225
KH2013:KH.C3.381,1.83839000180242
KH2013:KH.C3.48,0.084716295655441
KH2013:KH.C3.264,0.111521637167869
KH2013:KH.C3.369,0.405414498987219
KH2013:KH.C3.744,0.223669986868231
KH2013:KH.C3.705,0.0535874835480733
KH2013:KH.C3.289,0.071199921346139
KH2013:KH.C3.86,0.22174284816037
KH2013:KH.C3.814,0.172703377692436
KH2013:KH.C3.370,0.0615664855202554
KH2013:KH.C3.456,0.071199921346139
KH2013:KH.C3.260,0.0733994272658557
KH2013:KH.C3.418,0.12087727192388
KH2013:KH.C3.718,1.00081056050093
KH2013:KH.C3.399,0.967078711138222
KH2013:KH.C3.405,0.0365793308205316
KH2013:KH.C3.608,0.0235064887548589
KH2013:KH.C3.420,0.357167514183424
KH2013:KH.C3.805,0.071199921346139
KH2013:KH.C3.185,0.00848583896328516
KH2013:KH.C3.243,0.12897665991661
KH2013:KH.C3.98,0.071199921346139
KH2013:KH.C3.27,0.060521650781004
KH2013:KH.C3.795,0.425925728128189
KH2013:KH.C3.35,0.231661437954632
KH2013:KH.C3.861,0.0639746614477652
KH2013:KH.C3.870,0.00658595418262395
KH2013:KH.C3.693,0.071199921346139
KH2013:KH.C3.272,0.103269094279471
KH2013:KH.C3.570,0.0198074365499465
KH2013:KH.C3.829,0.071199921346139
KH2013:KH.C3.149,1.64540586401364
KH2013:KH.C3.781,5.07547693089107
KH2013:KH.C3.906,0.00656508698857211
KH2013:KH.C3.436,0.00984217137738986
KH2013:KH.C3.883,0.0415548270272923
KH2013:KH.C3.196,0.0312902507897795
KH2013:KH.C3.208,0.396922870736467
KH2013:KH.C3.598,0.0170761670332844
KH2013:KH.C3.340,0.101395813169594
KH2013:KH.C3.511,1.02711492861787
KH2013:KH.C3.483,0.287675812612956
KH2013:KH.C3.455,0.0901667419028624
KH2013:KH.C3.326,0.026701832860819
KH2013:KH.C3.486,0.173374608356415
KH2013:KH.C3.758,0.00546007605782488
KH2013:KH.C3.672,0.45956082184081
KH2013:KH.C3.203,0.0652678097283235
KH2013:KH.C3.410,0.0540998092555999
KH2013:KH.C3.92,0.00780069365980252
KH2013:KH.C3.263,0.109998078023888
KH2013:KH.C3.97,0.071199921346139
KH2013:KH.C3.320,0.775315764074253
KH2013:KH.C3.124,0.117276520973364
KH2013:KH.C3.548,0.166192977172102
KH2013:KH.C3.601,0.0427925324387779
KH2013:KH.C3.720,0.206723543460266
KH2013:KH.C3.494,0.0409045336111199
KH2013:KH.C3.921,0.071199921346139
KH2013:KH.C3.411,0.0867419090844216
KH2013:KH.C3.282,0.620069565674293
KH2013:KH.C3.305,0.425925728128189
KH2013:KH.C3.745,0.965555468605998
KH2013:KH.C3.578,0.0918966234447686
KH2013:KH.C3.461,0.00315634520944596
KH2013:KH.C3.508,0.071199921346139
KH2013:KH.C3.696,0.0619253487958604
KH2013:KH.C3.267,0.0259571509488828
KH2013:KH.C3.50,0.071199921346139
KH2013:KH.C3.467,0.0018319015091936
KH2013:KH.C4.146,0.249225710999907
KH2013:KH.C4.507,0.139772185636454
KH2013:KH.C4.262,0.814349856013223
KH2013:KH.C4.224,1.22017617446241
KH2013:KH.C4.419,0.139772185636454
KH2013:KH.C4.648,0.82424008874472
KH2013:KH.C4.409,0.0505742542220028
KH2013:KH.C4.128,0.071199921346139
KH2013:KH.C4.75,0.00283680344068984
KH2013:KH.C4.69,0.167437872408019
KH2013:KH.C4.119,0.0296141883082937
KH2013:KH.C4.261,0.836157813712334
KH2013:KH.C4.347,0.071199921346139
KH2013:KH.C4.201,0.686854839196161
KH2013:KH.C4.556,0.071199921346139
KH2013:KH.C4.295,0.0845466011665529
KH2013:KH.C4.131,0.0607369230106123
KH2013:KH.C4.684,0.058893329311658
KH2013:KH.C4.738,0.0150728703799205
KH2013:KH.C4.407,0.179165035501067
KH2013:KH.C4.708,0.176924702445953
KH2013:KH.C4.102,0.56074781643874
KH2013:KH.C4.439,0.0749082033203572
KH2013:KH.C4.351,0.0500348947532048
KH2013:KH.C4.339,0.97644673118063
KH2013:KH.C4.425,0.071199921346139
KH2013:KH.C4.435,0.06169804102437
KH2013:KH.C4.343,0.00596790176065191
KH2013:KH.C4.332,0.203752464808709
KH2013:KH.C4.476,0.0839336433130142
KH2013:KH.C4.20,0.139772185636454
KH2013:KH.C4.381,0.413335098939939
KH2013:KH.C4.797,0.107355130716495
KH2013:KH.C4.139,0.139772185636454
KH2013:KH.C4.472,0.270617373311466
KH2013:KH.C4.129,2.05214957389934
KH2013:KH.C4.509,0.0300200634835594
KH2013:KH.C4.765,0.0309115136175471
KH2013:KH.C4.690,0.107499815074028
KH2013:KH.C4.326,0.414408461270925
KH2013:KH.C4.592,0.0361743124583249
KH2013:KH.C4.685,0.111616869025687
KH2013:KH.C4.493,0.196041084840468
KH2013:KH.C4.370,1.97322939687863
KH2013:KH.C4.566,0.0785642715539593
KH2013:KH.C4.528,0.240497537610397
KH2013:KH.C4.268,0.394216317244434
KH2013:KH.C4.18,0.0386429281677459
KH2013:KH.C4.615,0.671306161791599
KH2013:KH.C4.205,0.139772185636454
KH2013:KH.C4.450,0.152724875411665
KH2013:KH.C4.736,0.0736094595765128
KH2013:KH.C4.402,0.981518096692772
KH2013:KH.C4.428,0.372944955899089
KH2013:KH.C4.508,0.139772185636454
KH2013:KH.C4.219,0.071199921346139
KH2013:KH.C4.26,0.071199921346139
KH2013:KH.C4.391,0.313847097489101
KH2013:KH.C4.234,0.116791992571364
KH2013:KH.C4.561,0.139928859314916
KH2013:KH.C4.134,0.46909296932987
KH2013:KH.C4.93,0.243584926323954
KH2013:KH.C4.62,0.178752206596398
KH2013:KH.C4.459,0.0358784945937779
KH2013:KH.C4.231,0.0957862293537567
KH2013:KH.C4.94,1.46523669448101
KH2013:KH.C4.670,0.00158074715367121
KH2013:KH.C4.524,0.0033532324694876
KH2013:KH.C4.694,1.9145712362144
KH2013:KH.C4.753,0.449035728656988
KH2013:KH.C4.796,0.0127644510852388
KH2013:KH.C4.584,0.392875694782445
KH2013:KH.C4.456,0.394919581949629
KH2013:KH.C4.371,0.0157214236159852
KH2013:KH.C4.179,0.0167398111294468
KH2013:KH.C4.364,0.0811647542660483
KH2013:KH.C4.624,0.549933889781369
KH2013:KH.C4.187,0.136418136574768
KH2013:KH.C4.236,0.0800236959784972
KH2013:KH.C4.247,4.23492423809874
KH2013:KH.C4.55,0.0636232386205096
KH2013:KH.C4.192,0.071199921346139
KH2013:KH.C4.312,0.0486496389425929
KH2013:KH.C4.597,0.12647234141757
KH2013:KH.C4.214,0.0459641774921222
KH2013:KH.C4.526,0.0471395732747102
KH2013:KH.C4.242,0.178752206596398
KH2013:KH.C4.330,0.420609970578785
KH2013:KH.C4.487,0.139772185636454
KH2013:KH.C4.254,0.451820001394174
KH2013:KH.C4.617,0.00467920324538546
KH2013:KH.C4.667,0.281604629826118
KH2013:KH.C4.319,1.32689365352868
KH2013:KH.C4.514,0.597035436745206
KH2013:KH.C4.538,1.42932083046378
KH2013:KH.C4.563,0.071199921346139
KH2013:KH.C4.95,1.5956472327662
KH2013:KH.C4.325,0.071199921346139
KH2013:KH.C4.73,4.61287443895013
KH2013:KH.C4.516,0.124868878595374
KH2013:KH.C4.115,0.0765919766436155
KH2013:KH.C4.103,0.679559132541354
KH2013:KH.C4.618,0.071199921346139
KH2013:KH.C4.72,0.243533397656984
KH2013:KH.C4.533,0.071199921346139
KH2013:KH.C4.209,1.39458012571142
KH2013:KH.C4.467,0.175283422096119
KH2013:KH.C4.211,0.071199921346139
KH2013:KH.C4.810,0.0220608265244852
KH2013:KH.C4.183,1.723188890674
KH2013:KH.C4.778,0.0640707491958385
KH2013:KH.C4.190,0.748626581870453
KH2013:KH.C4.52,0.339801778741028
KH2013:KH.C4.453,0.605640394974428
KH2013:KH.C4.208,2.26914585056757
KH2013:KH.C4.90,0.330199428147458
KH2013:KH.C4.269,0.071199921346139
KH2013:KH.C4.121,0.197484507596522
KH2013:KH.C4.126,0.0475469509301124
KH2013:KH.C4.338,0.421148314849618
KH2013:KH.C4.544,0.155236632000052
KH2013:KH.C4.193,0.26045263235604
KH2013:KH.C4.662,0.00361552171953152
KH2013:KH.C4.714,0.207021593819462
KH2013:KH.C4.285,0.071199921346139
KH2013:KH.C4.488,0.071199921346139
KH2013:KH.C4.497,0.143991301110453
KH2013:KH.C4.4,0.071199921346139
KH2013:KH.C4.341,0.364953929238994
KH2013:KH.C4.286,0.0818599482195762
KH2013:KH.C4.725,0.0121443712374886
KH2013:KH.C4.321,0.0549417189364372
KH2013:KH.C4.772,0.071199921346139
KH2013:KH.C4.454,0.071199921346139
KH2013:KH.C4.681,0.102549723783404
KH2013:KH.C4.253,0.772127764142786
KH2013:KH.C4.127,1.79787930035574
KH2013:KH.C4.811,0.0479645259973291
KH2013:KH.C4.513,0.274475196119332
KH2013:KH.C4.265,0.00906097913806229
KH2013:KH.C4.363,0.542173888217218
KH2013:KH.C4.699,0.00120597107351526
KH2013:KH.C4.230,1.93622631318652
KH2013:KH.C4.521,0.127058783178465
KH2013:KH.C4.631,0.565718727655879
KH2013:KH.C4.559,1.00873118820307
KH2013:KH.C4.798,0.0663212720570828
KH2013:KH.C4.249,0.180346011195369
KH2013:KH.C4.260,0.336774600729733
KH2013:KH.C4.804,0.145007990131612
KH2013:KH.C4.492,0.0945741535545594
KH2013:KH.C4.57,0.00893941294344268
KH2013:KH.C4.12,0.220663239857745
KH2013:KH.C4.565,0.104492380311856
KH2013:KH.C4.626,1.55026350920479
KH2013:KH.C4.423,0.0448142001319776
KH2013:KH.C4.692,0.0449797838505571
KH2013:KH.C4.138,0.495299893076448
KH2013:KH.C4.221,0.329488456740253
KH2013:KH.C4.101,0.424144444428031
KH2013:KH.C4.719,0.1792728713658
KH2013:KH.C5.423,0.139772185636454
KH2013:KH.C5.630,0.0598833139496953
KH2013:KH.C5.531,0.357829845574728
KH2013:KH.C5.118,0.0815016904540629
KH2013:KH.C5.193,0.0756134619893984
KH2013:KH.C5.430,0.106563405530469
KH2013:KH.C5.246,0.0989202546804032
KH2013:KH.C5.36,0.18576203634731
KH2013:KH.C5.183,0.0195474553772641
KH2013:KH.C5.128,0.0706034702500922
KH2013:KH.C5.481,0.0683740726915373
KH2013:KH.C5.552,0.071199921346139
KH2013:KH.C5.346,0.603431772015905
KH2013:KH.C5.618,0.986087846244452
KH2013:KH.C5.309,0.725171088641217
KH2013:KH.C5.616,2.25112791585743
KH2013:KH.C5.52,2.12914313676327
KH2013:KH.C5.18,0.800679160543846
KH2013:KH.C5.134,0.464914535774242
KH2013:KH.C5.9,0.00472716935079153
KH2013:KH.C5.622,0.00799533997531629
KH2013:KH.C5.62,0.509345721111894
KH2013:KH.C5.28,0.777479835267334
KH2013:KH.C5.580,0.071199921346139
KH2013:KH.C5.117,0.0437905056198357
KH2013:KH.C5.77,0.0356097760938261
KH2013:KH.C5.26,0.0018319015091936
KH2013:KH.C5.451,0.0458318880605312
KH2013:KH.C5.285,0.578473038030247
KH2013:KH.C5.133,0.0158651955204337
KH2013:KH.C5.180,0.0431672180506021
KH2013:KH.C5.437,0.0564982274345836
KH2013:KH.C5.92,0.0526941771962683
KH2013:KH.C5.325,0.00908430712806804
KH2013:KH.C5.289,0.124990654453903
KH2013:KH.C5.596,1.74389757185066
KH2013:KH.C5.384,1.22440792324488
KH2013:KH.C5.485,0.126305268212849
KH2013:KH.C5.322,0.0445179913108603
KH2013:KH.C5.87,0.139772185636454
KH2013:KH.C5.72,0.32777036504837
KH2013:KH.C5.84,0.071199921346139
KH2013:KH.C5.510,0.176359118796763
KH2013:KH.C5.107,0.168513896630303
KH2013:KH.C5.260,1.49305160403488
KH2013:KH.C5.435,0.0714402046249221
KH2013:KH.C5.282,0.0387189653970036
KH2013:KH.C5.577,0.071199921346139
KH2013:KH.C5.604,0.037843166323514
KH2013:KH.C5.495,0.00461848093557889
KH2013:KH.C5.179,0.071199921346139
KH2013:KH.C5.533,0.607957156514946
KH2013:KH.C5.323,0.00867647740121566
KH2013:KH.C5.476,0.0773024150920435
KH2013:KH.C5.17,0.0462425193107515
KH2013:KH.C5.653,0.563539437433028
KH2013:KH.C5.215,0.416022439037881
KH2013:KH.C5.76,0.1614460250982
KH2013:KH.C5.275,0.726921241944226
KH2013:KH.C5.330,0.41098143672823
KH2013:KH.C5.519,2.88325153487644
KH2013:KH.C5.511,0.0724415612443881
KH2013:KH.C5.567,0.184640997108869
KH2013:KH.C5.660,0.013345860440856
KH2013:KH.C5.415,0.00279324756111129
KH2013:KH.C5.464,0.235240770729329
KH2013:KH.C5.120,0.0513618448667097
KH2013:KH.C5.47,0.145062218925149
KH2013:KH.C5.501,0.269858873573981
KH2013:KH.C5.512,0.071199921346139
KH2013:KH.C5.581,0.598975940508271
KH2013:KH.C5.252,0.071199921346139
KH2013:KH.C5.10,0.23706967322044
KH2013:KH.C5.537,1.19218079349174
KH2013:KH.C5.500,0.0441811211485287
KH2013:KH.C5.397,0.0299424707968986
KH2013:KH.C5.557,0.178752206596398
KH2013:KH.C5.19,0.0479396772124723
KH2013:KH.C5.376,0.071199921346139
KH2013:KH.C5.556,0.117996072078915
KH2013:KH.C5.200,0.956802240412886
KH2013:KH.C5.57,0.0343544665592962
KH2013:KH.C5.546,0.0713809430002073
KH2013:KH.C5.612,0.071199921346139
KH2013:KH.C5.377,0.231121691479944
KH2013:KH.C5.223,0.00675235450788637
KH2013:KH.C5.496,0.0855095592953401
KH2013:KH.C5.367,0.68759972742606
KH2013:KH.C5.628,0.0641558210884446
KH2013:KH.C5.265,0.123205587542186
KH2013:KH.C5.122,0.310144379967942
KH2013:KH.C5.141,1.11542445693234
KH2013:KH.C5.16,0.508278577855449
KH2013:KH.C5.22,0.139772185636454
KH2013:KH.C5.140,0.446221010608954
KH2013:KH.C5.12,0.0455631525189003
KH2013:KH.C5.651,0.263696808513306
KH2013:KH.C5.398,1.23237643189706
KH2013:KH.C5.127,0.0929950657733647
KH2013:KH.C5.553,0.12151218332362
KH2013:KH.C5.568,0.0519922914348649
KH2013:KH.C5.302,2.31157616714847
KH2013:KH.C5.240,1.45621258323487
KH2013:KH.C5.338,0.391685280057187
KH2013:KH.C5.208,3.06265910791907
KH2013:KH.C5.13,0.295777560252634
KH2013:KH.C5.414,0.308602967631646
KH2013:KH.C5.21,0.773473440211043
KH2013:KH.C5.235,0.352031093388521
KH2013:KH.C5.147,0.0850490387222793
KH2013:KH.C5.385,0.269844469700089
KH2013:KH.C5.268,0.0012957637845935
KH2013:KH.C5.418,0.0552691705023958
KH2013:KH.C5.654,0.126459613834687
KH2013:KH.C5.369,4.56179859655207
KH2013:KH.C5.566,0.040693928031337
KH2013:KH.C5.312,0.215828634709099
KH2013:KH.C5.103,0.00178698321470035
KH2013:KH.C5.363,0.026701832860819
KH2013:KH.C5.69,0.0387828664261801
KH2013:KH.C5.217,0.0853797655845948
KH2013:KH.C5.327,0.071199921346139
KH2013:KH.C5.597,0.0813556148332872
KH2013:KH.C5.38,0.127058783178465
KH2013:KH.C5.37,0.779465285352598
KH2013:KH.C6.19,0.126305268212849
KH2013:KH.C6.197,3.43158818254356
KH2013:KH.C6.15,0.0600534348056371
KH2013:KH.C6.57,0.910504652444344
KH2013:KH.C6.130,0.0757253499150832
KH2013:KH.C6.202,0.452858684379729
KH2013:KH.C6.239,0.797071467195976
KH2013:KH.C6.244,0.0870381257551246
KH2013:KH.C6.185,0.0142126254740882
KH2013:KH.C6.300,0.0245806128068268
KH2013:KH.C6.224,0.071199921346139
KH2013:KH.C6.290,0.0229700753260987
KH2013:KH.C6.165,0.0103936026162481
KH2013:KH.C6.101,0.0167189040219952
KH2013:KH.C6.215,0.0714218764053034
KH2013:KH.C6.179,0.071199921346139
KH2013:KH.C6.226,0.233798374220518
KH2013:KH.C6.28,0.071199921346139
KH2013:KH.C6.12,0.911361129628056
KH2013:KH.C6.205,0.0961319562762537
KH2013:KH.C6.198,1.96346680929476
KH2013:KH.C6.180,0.110767652579874
KH2013:KH.C6.7,0.0181690011809117
KH2013:KH.C6.151,0.13360695754102
KH2013:KH.C6.145,0.139772185636454
KH2013:KH.C6.115,0.662051737478279
KH2013:KH.C6.88,0.187826979691632
KH2013:KH.C6.41,0.0998380111598705
KH2013:KH.C6.278,0.0397998920962686
KH2013:KH.C6.5,0.071199921346139
KH2013:KH.C6.80,0.114278203522637
KH2013:KH.C6.293,0.0154701637089013
KH2013:KH.C6.194,0.124101007064786
KH2013:KH.C6.43,0.00625155806991449
KH2013:KH.C6.14,0.00151939941766209
KH2013:KH.C6.214,0.0203315380197918
KH2013:KH.C6.234,1.43216608306047
KH2013:KH.C6.152,0.0927873021547123
KH2013:KH.C6.30,0.0172882197278327
KH2013:KH.C6.236,0.0886669605792551
KH2013:KH.C6.125,0.0793161016525719
KH2013:KH.C6.291,0.428391043579758
KH2013:KH.C6.138,0.0847108282118324
KH2013:KH.C6.94,0.422712185038413
KH2013:KH.C6.133,0.335703108928707
KH2013:KH.C6.254,0.0238790964766753
KH2013:KH.C6.109,0.139289050000812
KH2013:KH.C6.121,0.08953917912781
KH2013:KH.C6.77,0.058893329311658
KH2013:KH.C6.61,0.413374981034939
KH2013:KH.C6.56,0.888432769038376
KH2013:KH.C6.103,0.216017060852002
KH2013:KH.C6.25,0.058893329311658
KH2013:KH.C6.79,0.0146798250987935
KH2013:KH.C6.176,0.317026237512422
KH2013:KH.C6.127,0.111616869025687
KH2013:KH.C7.542,0.783788755378703
KH2013:KH.C7.581,2.24842702988994
KH2013:KH.C7.18,0.100858002534852
KH2013:KH.C7.733,0.515423854518965
KH2013:KH.C7.659,0.0647662654435035
KH2013:KH.C7.437,0.719783872452918
KH2013:KH.C7.421,0.153151315595573
KH2013:KH.C7.605,0.104450758884093
KH2013:KH.C7.751,0.0441638646089904
KH2013:KH.C7.483,0.0173743924095335
KH2013:KH.C7.108,0.0455631525189003
KH2013:KH.C7.550,0.0413480467218555
KH2013:KH.C7.413,0.115146320415056
KH2013:KH.C7.387,0.396361795347271
KH2013:KH.C7.772,0.052965902392863
KH2013:KH.C7.680,0.0518535777044913
KH2013:KH.C7.566,0.058893329311658
KH2013:KH.C7.548,0.432364893708418
KH2013:KH.C7.511,0.139772185636454
KH2013:KH.C7.141,0.0384675700099642
KH2013:KH.C7.412,0.169399011719116
KH2013:KH.C7.288,1.44361946217371
KH2013:KH.C7.501,1.06570448664337
KH2013:KH.C7.78,0.143316402306646
KH2013:KH.C7.369,0.139772185636454
KH2013:KH.C7.244,0.139772185636454
KH2013:KH.C7.42,0.369225191477915
KH2013:KH.C7.211,0.248929314973516
KH2013:KH.C7.487,0.071199921346139
KH2013:KH.C7.309,1.64482480149444
KH2013:KH.C7.768,0.889658736998114
KH2013:KH.C7.30,0.00362356471162716
KH2013:KH.C7.281,1.35614303307845
KH2013:KH.C7.91,0.071199921346139
KH2013:KH.C7.492,0.0678511846202817
KH2013:KH.C7.63,1.59107741788633
KH2013:KH.C7.66,0.248975097693738
KH2013:KH.C7.354,0.80216125337476
KH2013:KH.C7.241,0.071199921346139
KH2013:KH.C7.499,0.0671605951447227
KH2013:KH.C7.534,0.037843166323514
KH2013:KH.C7.478,0.0533553005049624
KH2013:KH.C7.77,0.187532826180519
KH2013:KH.C7.62,0.11883587660496
KH2013:KH.C7.447,0.879315907488549
KH2013:KH.C7.345,0.071199921346139
KH2013:KH.C7.92,0.138391038147198
KH2013:KH.C7.533,0.078291236329956
KH2013:KH.C7.496,0.157071534740997
KH2013:KH.C7.618,0.412857283095845
KH2013:KH.C7.504,0.225988038036966
KH2013:KH.C7.409,0.071199921346139
KH2013:KH.C7.199,1.89081321080283
KH2013:KH.C7.81,0.570451260032643
KH2013:KH.C7.253,0.017791345978699
KH2013:KH.C7.673,0.113115821499722
KH2013:KH.C7.602,0.00527537250555954
KH2013:KH.C7.444,0.011783337652168
KH2013:KH.C7.85,0.071199921346139
KH2013:KH.C7.579,0.0741538220552516
KH2013:KH.C7.607,0.071199921346139
KH2013:KH.C7.113,0.0509123144941395
KH2013:KH.C7.58,0.071199921346139
KH2013:KH.C7.191,0.055421624590526
KH2013:KH.C7.462,0.111903952603201
KH2013:KH.C7.693,0.195496933959397
KH2013:KH.C7.232,0.100989781580525
KH2013:KH.C7.526,0.567986679145105
KH2013:KH.C7.670,0.831821935262425
KH2013:KH.C7.218,0.139772185636454
KH2013:KH.C7.746,0.0534769679003518
KH2013:KH.C7.720,1.14169423995505
KH2013:KH.C7.133,0.246441689283114
KH2013:KH.C7.129,0.139772185636454
KH2013:KH.C7.355,0.0657520316204793
KH2013:KH.C7.188,0.106849364333297
KH2013:KH.C7.377,1.01926838887448
KH2013:KH.C7.216,0.331727931423977
KH2013:KH.C7.668,0.0229700753260987
KH2013:KH.C7.270,0.205929235502533
KH2013:KH.C7.403,0.336460244501099
KH2013:KH.C7.109,0.446175921599591
KH2013:KH.C7.210,0.359169426273935
KH2013:KH.C7.172,0.185993703809509
KH2013:KH.C7.729,0.607358806903147
KH2013:KH.C7.50,0.28019348117945
KH2013:KH.C7.198,0.0489862232854662
KH2013:KH.C7.19,0.0637686924303435
KH2013:KH.C7.180,0.198532244639335
KH2013:KH.C7.152,0.095809417955763
KH2013:KH.C7.559,0.469467880086028
KH2013:KH.C7.459,0.00132925397323332
KH2013:KH.C7.28,0.0567197306402719
KH2013:KH.C7.67,0.130442992976133
KH2013:KH.C7.230,0.669386340402039
KH2013:KH.C7.154,0.262280583011188
KH2013:KH.C7.600,0.123066386829217
KH2013:KH.C7.163,0.620495280228632
KH2013:KH.C7.554,0.0110298933631314
KH2013:KH.C7.599,0.0951360416708776
KH2013:KH.C7.753,0.153673643614216
KH2013:KH.C7.262,0.175296737690731
KH2013:KH.C7.271,0.117309951417503
KH2013:KH.C7.438,0.0308141638911507
KH2013:KH.C7.59,0.0318904051457577
KH2013:KH.C7.440,0.0253093389247038
KH2013:KH.C7.260,1.17156622827763
KH2013:KH.C7.195,0.147649153963198
KH2013:KH.C7.476,0.071199921346139
KH2013:KH.C7.164,4.18563866562797
KH2013:KH.C7.540,0.00521655826932401
KH2013:KH.C7.708,0.139772185636454
KH2013:KH.C7.140,0.00561141894953221
KH2013:KH.C7.61,0.0657520316204793
KH2013:KH.C7.656,0.0433326128356726
KH2013:KH.C7.442,0.425179933183842
KH2013:KH.C7.522,0.0853667212096825
KH2013:KH.C7.638,0.0694090305518247
KH2013:KH.C7.169,0.071199921346139
KH2013:KH.C7.766,0.20774744887413
KH2013:KH.C7.594,0.071199921346139
KH2013:KH.C7.754,0.124861975698259
KH2013:KH.C7.8,0.0328054838213628
KH2013:KH.C7.527,0.0216695570664793
KH2013:KH.C7.337,0.00381698515654398
KH2013:KH.C7.313,0.071199921346139
KH2013:KH.C7.90,1.17450912497912
KH2013:KH.C7.250,0.071199921346139
KH2013:KH.C7.299,0.979532820122962
KH2013:KH.C7.43,0.057354516734987
KH2013:KH.C7.565,0.0581121486201882
KH2013:KH.C7.348,0.15335177291232
KH2013:KH.C7.267,0.0329669059507125
KH2013:KH.C7.703,1.25128814891649
KH2013:KH.C7.779,0.128188464687821
KH2013:KH.C7.205,0.071199921346139
KH2013:KH.C8.401,0.0869591735364266
KH2013:KH.C8.355,0.030395699747797
KH2013:KH.C8.620,1.07938244903963
KH2013:KH.C8.168,1.09949321889881
KH2013:KH.C8.178,0.00676866053872763
KH2013:KH.C8.915,0.434327951716126
KH2013:KH.C8.491,0.149131320127372
KH2013:KH.C8.164,2.57318298746284
KH2013:KH.C8.537,0.0413480467218555
KH2013:KH.C8.444,0.0345803289821564
KH2013:KH.C8.749,0.071199921346139
KH2013:KH.C8.391,0.0967152256489144
KH2013:KH.C8.759,0.237542995046255
KH2013:KH.C8.785,1.2378352063254
KH2013:KH.C8.500,0.178752206596398
KH2013:KH.C8.149,0.5151536221829
KH2013:KH.C8.551,0.272942128065343
KH2013:KH.C8.302,0.0396915090186349
KH2013:KH.C8.509,0.0456857442857035
KH2013:KH.C8.510,1.4607522385263
KH2013:KH.C8.433,0.071199921346139
KH2013:KH.C8.337,0.139772185636454
KH2013:KH.C8.121,4.64874075446462
KH2013:KH.C8.398,0.425908435112591
KH2013:KH.C8.278,0.00178698321470035
KH2013:KH.C8.251,0.197146492725894
KH2013:KH.C8.18,0.135968797076871
KH2013:KH.C8.299,0.071199921346139
KH2013:KH.C8.241,0.0591329670064163
KH2013:KH.C8.170,0.861580472890912
KH2013:KH.C8.181,0.128540607787414
KH2013:KH.C8.659,0.071199921346139
KH2013:KH.C8.887,0.0451649698038364
KH2013:KH.C8.806,0.031450928851254
KH2013:KH.C8.208,0.0586874139125867
KH2013:KH.C8.316,0.257678419203335
KH2013:KH.C8.271,0.0100378135605959
KH2013:KH.C8.353,0.180403472558755
KH2013:KH.C8.717,0.333860385995466
KH2013:KH.C8.90,0.0615664855202554
KH2013:KH.C8.83,0.00203480822393619
KH2013:KH.C8.842,0.0711908697196453
KH2013:KH.C8.360,0.071199921346139
KH2013:KH.C8.920,0.101929637484079
KH2013:KH.C8.187,0.211159882076725
KH2013:KH.C8.512,0.0411852150098998
KH2013:KH.C8.621,0.071199921346139
KH2013:KH.C8.809,0.246149331978445
KH2013:KH.C8.260,0.0577330039225332
KH2013:KH.C8.296,0.071199921346139
KH2013:KH.C8.35,0.871515330546598
KH2013:KH.C8.762,0.00451304187035786
KH2013:KH.C8.775,0.120770120586197
KH2013:KH.C8.791,0.0549337383605093
KH2013:KH.C8.280,0.0750964628095213
KH2013:KH.C8.247,0.120039773482606
KH2013:KH.C8.563,0.0438771305052334
KH2013:KH.C8.470,4.69751654490738
KH2013:KH.C8.156,0.0415428749340658
KH2013:KH.C8.153,0.202596334790262
KH2013:KH.C8.807,1.47932850930593
KH2013:KH.C8.456,0.039657920747727
KH2013:KH.C8.882,0.00848583896328516
KH2013:KH.C8.630,0.115095909177483
KH2013:KH.C8.912,0.185155009716433
KH2013:KH.C8.144,0.664189423886806
KH2013:KH.C8.374,0.198819297576488
KH2013:KH.C8.386,0.217199205109793
KH2013:KH.C8.10,0.071199921346139
KH2013:KH.C8.653,0.00885326549486485
KH2013:KH.C8.372,0.00284138125585082
KH2013:KH.C8.778,0.00325746750391736
KH2013:KH.C8.445,0.584698062233128
KH2013:KH.C8.145,0.208056580679035
KH2013:KH.C8.376,1.28694046494997
KH2013:KH.C8.519,0.393525536288611
KH2013:KH.C8.476,0.244219630241631
KH2013:KH.C8.13,0.252777934084738
KH2013:KH.C8.876,0.244334052297647
KH2013:KH.C8.623,0.0233394304118439
KH2013:KH.C8.746,0.398728403084812
KH2013:KH.C8.436,0.0584109919298048
KH2013:KH.C8.731,0.0143864959586577
KH2013:KH.C8.724,2.03382993256006
KH2013:KH.C8.576,0.11808472876908
KH2013:KH.C8.99,0.343186888184201
KH2013:KH.C8.817,0.387692941353397
KH2013:KH.C8.475,1.47288124664623
KH2013:KH.C8.66,0.637307147101943
KH2013:KH.C8.605,0.184948483966487
KH2013:KH.C8.38,0.177265233148977
KH2013:KH.C8.594,0.191233771227312
KH2013:KH.C8.51,0.071199921346139
KH2013:KH.C8.748,0.630519136402721
KH2013:KH.C8.754,0.0298796382223549
KH2013:KH.C8.126,0.191654320307339
KH2013:KH.C8.135,0.174092756933774
KH2013:KH.C8.811,0.258789469459895
KH2013:KH.C8.182,0.0391931220877538
KH2013:KH.C8.17,0.0184903905528501
KH2013:KH.C8.24,2.00536734959463
KH2013:KH.C8.42,0.0845466011665529
KH2013:KH.C8.117,0.302368423178418
KH2013:KH.C8.215,1.35682856832691
KH2013:KH.C8.407,0.499221178754708
KH2013:KH.C8.859,0.0556700135291641
KH2013:KH.C8.477,0.0525180325319979
KH2013:KH.C8.309,0.0359323672815539
KH2013:KH.C8.420,0.283679396887973
KH2013:KH.C8.395,0.126085176659209
KH2013:KH.C8.361,0.08984092613781
KH2013:KH.C8.661,1.18500315687534
KH2013:KH.C8.894,1.52018393208721
KH2013:KH.C8.516,0.0527874321827344
KH2013:KH.C8.59,0.071199921346139
KH2013:KH.C8.858,0.0731075979575121
KH2013:KH.C8.418,0.203069488259129
KH2013:KH.C8.904,0.0891787900259552
KH2013:KH.C8.33,0.378645866262106
KH2013:KH.C8.590,0.508203454519642
KH2013:KH.C8.710,0.0150746513907545
KH2013:KH.C8.573,1.56544962632168
KH2013:KH.C8.877,1.190356934503
KH2013:KH.C8.511,0.071199921346139
KH2013:KH.C8.415,0.656445383932001
KH2013:KH.C8.454,0.071199921346139
KH2013:KH.C8.154,0.703515745297787
KH2013:KH.C8.273,0.0203575940873976
KH2013:KH.C8.841,0.108652365238548
KH2013:KH.C8.489,1.75610141990209
KH2013:KH.C8.686,0.271960160140489
KH2013:KH.C8.166,0.071199921346139
KH2013:KH.C8.137,0.0920379004873489
KH2013:KH.C8.617,0.295806960498856
KH2013:KH.C8.636,0.10615999243092
KH2013:KH.C8.244,0.476474502450024
KH2013:KH.C8.197,0.0198074365499465
KH2013:KH.C8.67,0.691222048191852
KH2013:KH.C8.159,1.38915862502878
KH2013:KH.C8.37,0.0308141638911507
KH2013:KH.C8.716,0.448273713636278
KH2013:KH.C8.115,0.104642575406608
KH2013:KH.C8.287,1.57488003915034
KH2013:KH.C8.525,0.145327577703312
KH2013:KH.C8.124,0.0145524558197854
KH2013:KH.C8.220,0.0292562913713614
KH2013:KH.C8.843,0.071199921346139
KH2013:KH.C8.295,0.071199921346139
KH2013:KH.C8.313,0.577357032159893
KH2013:KH.C8.326,0.641463597361265
KH2013:KH.C8.265,0.188928210266747
KH2013:KH.C8.9,0.171471709142728
KH2013:KH.C8.351,0.189663052516903
KH2013:KH.C8.73,0.691236938004281
KH2013:KH.C8.123,0.071199921346139
KH2013:KH.C8.494,0.348529223443092
KH2013:KH.C8.719,0.697936647651212
KH2013:KH.C8.25,0.134393640607379
KH2013:KH.C8.107,0.0460684399524404
KH2013:KH.C8.844,0.202093483310123
KH2013:KH.C8.65,0.035443496263466
KH2013:KH.C8.131,0.071199921346139
KH2013:KH.C8.365,0.288842956774296
KH2013:KH.C8.129,0.149384119615452
KH2013:KH.C8.609,0.0898344271526036
KH2013:KH.C9.494,0.271151199861669
KH2013:KH.C9.706,0.071199921346139
KH2013:KH.C9.555,0.0465318496236935
KH2013:KH.C9.351,0.0325389057721672
KH2013:KH.C9.450,0.705911050301182
KH2013:KH.C9.857,0.176499056227082
KH2013:KH.C9.561,0.187060257123519
KH2013:KH.C9.570,0.171872073519401
KH2013:KH.C9.768,0.297631242144013
KH2013:KH.C9.785,0.0336296601680876
KH2013:KH.C9.178,0.00529687857364637
KH2013:KH.C9.47,0.0192974316779257
KH2013:KH.C9.441,0.027291376211269
KH2013:KH.C9.203,0.0573435475212879
KH2013:KH.C9.266,0.108797049068421
KH2013:KH.C9.695,0.25235266834728
KH2013:KH.C9.641,0.00151939941766209
KH2013:KH.C9.699,0.0947636305467642
KH2013:KH.C9.886,0.397289503959953
KH2013:KH.C9.72,1.12041517792556
KH2013:KH.C9.120,0.105710064473245
KH2013:KH.C9.455,0.0526941771962683
KH2013:KH.C9.571,0.0459349908001229
KH2013:KH.C9.855,0.0935981713492156
KH2013:KH.C9.652,0.139772185636454
KH2013:KH.C9.132,0.930066132170011
KH2013:KH.C9.740,1.35976292450264
KH2013:KH.C9.361,0.0249849774435961
KH2013:KH.C9.198,0.0157693268005369
KH2013:KH.C9.649,0.00778721159109868
KH2013:KH.C9.244,0.350505606686348
KH2013:KH.C9.736,0.010929909658546
KH2013:KH.C9.23,0.19969484099463
KH2013:KH.C9.708,0.160480450832245
KH2013:KH.C9.16,0.0799626694207731
KH2013:KH.C9.715,0.0134229752812316
KH2013:KH.C9.391,0.071199921346139
KH2013:KH.C9.186,0.310873406583518
KH2013:KH.C9.40,1.55408088676548
KH2013:KH.C9.525,0.00996087944672495
KH2013:KH.C9.496,2.00449259818599
KH2013:KH.C9.249,0.00416409352167526
KH2013:KH.C9.41,0.00372627438067376
KH2013:KH.C9.533,0.274493388151887
KH2013:KH.C9.83,0.0849120739804
KH2013:KH.C9.650,0.323343230578953
KH2013:KH.C9.538,0.154357474507363
KH2013:KH.C9.639,0.191227541590978
KH2013:KH.C9.502,0.0144752805844668
KH2013:KH.C9.660,0.807636216818444
KH2013:KH.C9.744,0.071199921346139
KH2013:KH.C9.792,0.0157214236159852
KH2013:KH.C9.595,0.302045866812404
KH2013:KH.C9.687,0.126305268212849
KH2013:KH.C9.49,0.0286032502211271
KH2013:KH.C9.19,0.071199921346139
KH2013:KH.C9.277,0.0118603690156617
KH2013:KH.C9.379,0.071199921346139
KH2013:KH.C9.859,2.08524477348024
KH2013:KH.C9.460,0.0843165628350251
KH2013:KH.C9.338,0.0240096920367835
KH2013:KH.C9.143,0.106023143613994
KH2013:KH.C9.878,0.00514678716400017
KH2013:KH.C9.832,0.071199921346139
KH2013:KH.C9.279,0.0510812261787266
KH2013:KH.C9.789,0.117862541861064
KH2013:KH.C9.340,0.071199921346139
KH2013:KH.C9.142,0.346053021024341
KH2013:KH.C9.723,2.67170496127694
KH2013:KH.C9.319,2.3031224491756
KH2013:KH.C9.470,0.110584258740001
KH2013:KH.C9.491,0.489736689147346
KH2013:KH.C9.65,0.0504942234251707
KH2013:KH.C9.146,1.26044310863482
KH2013:KH.C9.193,0.071199921346139
KH2013:KH.C9.655,0.793651465759549
KH2013:KH.C9.424,0.4126243211777
KH2013:KH.C9.316,0.211696540575827
KH2013:KH.C9.43,1.13220625587896
KH2013:KH.C9.356,1.52649670366105
KH2013:KH.C9.635,0.0887903415557266
KH2013:KH.C9.602,0.148000084135295
KH2013:KH.C9.383,0.126227924640998
KH2013:KH.C9.818,0.143659454720867
KH2013:KH.C9.331,0.412824001091928
KH2013:KH.C9.440,0.108215180900193
KH2013:KH.C9.630,0.0393785994805048
KH2013:KH.C9.684,0.0880332333238005
KH2013:KH.C9.679,0.126442897733165
KH2013:KH.C9.226,0.18792167637602
KH2013:KH.C9.656,2.06229517316074
KH2013:KH.C9.697,0.0738691428639618
KH2013:KH.C9.20,3.26574354614219
KH2013:KH.C9.271,0.460337245021413
KH2013:KH.C9.313,0.0869859364277464
KH2013:KH.C9.742,0.0947996779714906
KH2013:KH.C9.623,0.0472564548355103
KH2013:KH.C9.111,0.00799544671949613
KH2013:KH.C9.692,1.6346772405074
KH2013:KH.C9.810,2.98946232975581
KH2013:KH.C9.462,0.239910144185045
KH2013:KH.C9.475,1.13994815632636
KH2013:KH.C9.90,0.0136861292796468
KH2013:KH.C9.95,0.0207570375705129
KH2013:KH.C9.130,0.103241567826888
KH2013:KH.C9.432,0.277775280095321
KH2013:KH.C9.367,0.00362356471162716
KH2013:KH.C9.306,0.071199921346139
KH2013:KH.C9.543,3.92055875145438
KH2013:KH.C9.757,0.144461128554201
KH2013:KH.C9.781,1.01401322052885
KH2013:KH.C9.101,0.0679245577648101
KH2013:KH.C9.526,0.907880316268574
KH2013:KH.C9.445,2.47344440998574
KH2013:KH.C9.91,0.0421953882895587
KH2013:KH.C9.678,0.166730721292894
KH2013:KH.C9.381,0.0618433969007937
KH2013:KH.C9.523,0.574107512250212
KH2013:KH.C9.159,0.071199921346139
KH2013:KH.C9.213,0.0921366135724703
KH2013:KH.C9.659,0.071199921346139
KH2013:KH.C9.461,0.133933079559147
KH2013:KH.C9.157,2.56100136423184
KH2013:KH.C9.848,0.0184240494481631
KH2013:KH.C9.881,0.124840330927582
KH2013:KH.C9.501,1.0208022078652
KH2013:KH.C9.559,0.385309086958661
KH2013:KH.C9.10,0.0425014928967306
KH2013:KH.C9.287,0.110004960296294
KH2013:KH.C9.405,0.138598611110467
KH2013:KH.C9.62,1.29900534534284
KH2013:KH.C9.498,0.0238790964766753
KH2013:KH.C9.478,0.0325399713871997
KH2013:KH.C9.402,0.305997092769329
KH2013:KH.C9.81,0.071199921346139
KH2013:KH.C9.152,0.071199921346139
KH2013:KH.C9.283,0.0382366499362818
KH2013:KH.C9.359,0.00725874257685962
KH2013:KH.C9.195,0.562040327817119
KH2013:KH.C9.58,0.100221982425802
KH2013:KH.C9.9,0.199482249030683
KH2013:KH.C9.235,0.202742387448283
KH2013:KH.C9.187,0.750294566277984
KH2013:KH.C9.748,0.071199921346139
KH2013:KH.C9.622,0.292977592129321
KH2013:KH.C9.227,0.139772185636454
KH2013:KH.C9.77,0.071199921346139
KH2013:KH.C9.451,0.071199921346139
KH2013:KH.C9.371,0.0700582286455936
KH2013:KH.C9.44,0.0430911704513848
KH2013:KH.C9.459,0.0477611944095745
KH2013:KH.C9.281,0.347314646231712
KH2013:KH.C9.3,1.03879852906431
KH2013:KH.C9.625,0.071199921346139
KH2013:KH.C9.476,0.695827751073057
KH2013:KH.C9.48,0.767109642822533
KH2013:KH.C9.212,0.324887057883094
KH2013:KH.C9.182,0.51932458480659
KH2013:KH.C9.147,3.55459257209244
KH2013:KH.C9.774,0.688462660877858
KH2013:KH.C9.251,1.22617442131331
KH2013:KH.C9.864,0.12170144460419
KH2013:KH.C9.448,0.124096708465138
KH2013:KH.C9.55,0.19479836505335
KH2013:KH.C9.767,0.071199921346139
KH2013:KH.C9.808,0.0416171110917849
KH2013:KH.C9.204,1.64466882827879
KH2013:KH.C9.196,0.269858873573981
KH2013:KH.C9.216,0.265521635665433
KH2013:KH.C9.588,0.071199921346139
KH2013:KH.C9.599,0.0358784945937779
KH2013:KH.L1.1,0.139772185636454
KH2013:KH.L10.9,0.816816621622213
KH2013:KH.L10.31,1.27243087615655
KH2013:KH.L10.34,1.16145868677454
KH2013:KH.L10.6,0.071199921346139
KH2013:KH.L10.1,0.0952035240682516
KH2013:KH.L101.1,0.0178341889196882
KH2013:KH.L101.8,0.251336662518352
KH2013:KH.L102.1,0.0540998092555999
KH2013:KH.L102.8,0.126678700647083
KH2013:KH.L104.3,0.0189443294578215
KH2013:KH.L105.4,0.225558809756893
KH2013:KH.L106.15,0.160584996038734
KH2013:KH.L106.9,0.290643448094887
KH2013:KH.L106.19,0.778182136310076
KH2013:KH.L106.2,1.01734602340095
KH2013:KH.L106.5,0.071199921346139
KH2013:KH.L106.6,0.79337893350087
KH2013:KH.L107.11,0.071199921346139
KH2013:KH.L107.5,0.263423802231672
KH2013:KH.L108.8,0.071199921346139
KH2013:KH.L108.4,0.252200306438839
KH2013:KH.L108.36,0.00509351258086714
KH2013:KH.L108.9,0.0843415910908524
KH2013:KH.L108.22,0.127863858973077
KH2013:KH.L108.21,0.071199921346139
KH2013:KH.L108.6,0.00799533997531629
KH2013:KH.L108.55,0.071199921346139
KH2013:KH.L108.30,0.0840721061398005
KH2013:KH.L108.10,0.101690477566079
KH2013:KH.L108.43,0.071199921346139
KH2013:KH.L108.28,2.9158064508699
KH2013:KH.L108.17,0.181126202390836
KH2013:KH.L108.49,1.08096553119603
KH2013:KH.L108.20,0.196989383553149
KH2013:KH.L108.44,0.160302975510882
KH2013:KH.L108.58,0.0476041874545796
KH2013:KH.L109.4,0.00809987845114533
KH2013:KH.L109.1,0.00756075309514253
KH2013:KH.L11.2,0.062591698631285
KH2013:KH.L11.3,0.0357115222736251
KH2013:KH.L11.7,0.070829965704552
KH2013:KH.L112.5,0.0250259070589
KH2013:KH.L112.6,0.00546007605782488
KH2013:KH.L112.8,0.071199921346139
KH2013:KH.L112.30,1.20995963129052
KH2013:KH.L112.11,0.0800840092504488
KH2013:KH.L112.9,0.0702610867086888
KH2013:KH.L112.12,0.071199921346139
KH2013:KH.L112.33,0.332397816437423
KH2013:KH.L114.8,0.237647516859765
KH2013:KH.L116.7,2.2202637266882
KH2013:KH.L116.21,1.3569402641702
KH2013:KH.L116.82,0.641114943986263
KH2013:KH.L116.47,0.0191832561240201
KH2013:KH.L116.100,2.29918640459072
KH2013:KH.L116.41,1.16778210422754
KH2013:KH.L116.94,0.179559715170148
KH2013:KH.L116.56,0.664941616567372
KH2013:KH.L116.64,0.533907094574432
KH2013:KH.L116.52,0.551770613661967
KH2013:KH.L116.11,0.071199921346139
KH2013:KH.L116.60,0.058893329311658
KH2013:KH.L116.22,0.380661641597689
KH2013:KH.L116.2,2.423226698125
KH2013:KH.L116.14,1.26665983489486
KH2013:KH.L116.72,0.0597879083415673
KH2013:KH.L117.1,0.488157260638237
KH2013:KH.L118.2,0.0012957637845935
KH2013:KH.L119.29,0.205929235502533
KH2013:KH.L119.34,2.08184039969261
KH2013:KH.L119.23,0.460652226927854
KH2013:KH.L119.20,0.071199921346139
KH2013:KH.L119.25,0.071199921346139
KH2013:KH.L119.1,0.691141830722315
KH2013:KH.L12.5,0.101913979446387
KH2013:KH.L122.13,1.18271042646478
KH2013:KH.L122.12,0.00914434598108653
KH2013:KH.L123.3,0.144225972859877
KH2013:KH.L124.18,0.0342078665801682
KH2013:KH.L126.13,0.149283890895114
KH2013:KH.L126.2,0.0280068974451336
KH2013:KH.L126.10,0.114930308959705
KH2013:KH.L128.2,0.00499971636630545
KH2013:KH.L129.2,0.0725292050462243
KH2013:KH.L129.3,0.071199921346139
KH2013:KH.L13.33,0.00386929695407276
KH2013:KH.L13.25,0.169952781685441
KH2013:KH.L13.4,0.152198804884032
KH2013:KH.L13.26,0.0902909865914038
KH2013:KH.L13.32,0.16060113916247
KH2013:KH.L13.34,0.0814749021187297
KH2013:KH.L130.7,0.0464728549340157
KH2013:KH.L130.1,0.302370158762676
KH2013:KH.L130.11,0.0206911361787068
KH2013:KH.L130.10,2.06606146241369
KH2013:KH.L131.12,0.126861077389876
KH2013:KH.L131.7,0.371457592066081
KH2013:KH.L131.4,0.814293823012143
KH2013:KH.L131.17,2.08700798343767
KH2013:KH.L131.14,0.071199921346139
KH2013:KH.L131.13,0.071199921346139
KH2013:KH.L131.6,0.187416224133126
KH2013:KH.L132.3,0.071199921346139
KH2013:KH.L132.12,0.0412428277933772
KH2013:KH.L132.17,2.2279268182626
KH2013:KH.L132.4,0.139772185636454
KH2013:KH.L132.16,3.06752072509341
KH2013:KH.L133.11,0.171901956094904
KH2013:KH.L133.6,0.0033532324694876
KH2013:KH.L134.17,0.071199921346139
KH2013:KH.L134.28,0.896831473031534
KH2013:KH.L134.7,0.0298796382223549
KH2013:KH.L134.1,0.111813889110216
KH2013:KH.L134.24,0.0443158828220605
KH2013:KH.L134.30,0.0358784945937779
KH2013:KH.L134.29,0.135955087515594
KH2013:KH.L135.2,0.0927873021547123
KH2013:KH.L137.5,0.071199921346139
KH2013:KH.L137.7,0.802519886187841
KH2013:KH.L137.2,0.314238646054432
KH2013:KH.L138.2,0.071199921346139
KH2013:KH.L139.18,0.0018319015091936
KH2013:KH.L139.12,0.0908463602471058
KH2013:KH.L140.4,0.101499909529724
KH2013:KH.L140.5,3.37336879228686
KH2013:KH.L140.9,0.025500188130295
KH2013:KH.L140.3,0.071199921346139
KH2013:KH.L141.19,0.0502986514630448
KH2013:KH.L141.71,0.131509066360311
KH2013:KH.L141.58,0.0561304732950258
KH2013:KH.L141.10,0.230907120257724
KH2013:KH.L141.59,0.0119211137943793
KH2013:KH.L141.32,1.07760597788408
KH2013:KH.L141.7,0.244714764674748
KH2013:KH.L141.20,0.283791465054725
KH2013:KH.L141.61,2.60619787498685
KH2013:KH.L141.14,0.155527599495967
KH2013:KH.L141.38,0.037843166323514
KH2013:KH.L141.12,0.0558953845365168
KH2013:KH.L141.68,2.79337810668171
KH2013:KH.L141.24,0.139772185636454
KH2013:KH.L141.69,0.139772185636454
KH2013:KH.L141.1,0.00566349373254009
KH2013:KH.L141.26,0.0459641774921222
KH2013:KH.L142.15,0.0827789976680432
KH2013:KH.L142.13,0.071199921346139
KH2013:KH.L142.8,0.115004990108339
KH2013:KH.L142.5,0.113552048140873
KH2013:KH.L144.17,0.033420821123609
KH2013:KH.L144.11,3.28367775914547
KH2013:KH.L144.2,0.25393172253758
KH2013:KH.L144.7,0.0216997830866537
KH2013:KH.L145.2,0.0018319015091936
KH2013:KH.L146.3,0.0437527059647394
KH2013:KH.L146.5,0.794388214120436
KH2013:KH.L147.26,0.106809808110206
KH2013:KH.L147.16,0.139772185636454
KH2013:KH.L147.25,2.22633153349392
KH2013:KH.L147.19,0.0232229573043729
KH2013:KH.L147.28,0.0458254151529403
KH2013:KH.L147.15,0.0452665232554904
KH2013:KH.L147.32,0.0163606414126848
KH2013:KH.L147.22,0.0242110845853257
KH2013:KH.L148.1,0.0881133540190846
KH2013:KH.L149.31,0.306290163931087
KH2013:KH.L149.29,0.058893329311658
KH2013:KH.L149.12,0.74587750696166
KH2013:KH.L149.15,0.520030517997694
KH2013:KH.L149.28,0.817359603450127
KH2013:KH.L15.1,0.040396045346573
KH2013:KH.L151.2,0.0107866416607601
KH2013:KH.L152.55,0.0995802393680537
KH2013:KH.L152.31,0.219843306677688
KH2013:KH.L152.45,0.590938199359517
KH2013:KH.L152.48,0.102235406361707
KH2013:KH.L152.8,0.327071933375269
KH2013:KH.L152.17,0.0154858087287537
KH2013:KH.L152.42,0.00847286468292333
KH2013:KH.L152.41,0.276242381971432
KH2013:KH.L152.1,0.00412509450296415
KH2013:KH.L152.16,0.00521655826932401
KH2013:KH.L152.32,0.171934639361644
KH2013:KH.L153.85,0.0748238223602301
KH2013:KH.L153.84,0.67795096719448
KH2013:KH.L153.96,0.243877456830432
KH2013:KH.L153.41,0.137378484530387
KH2013:KH.L153.78,0.0103783951259384
KH2013:KH.L153.67,0.00427676175898345
KH2013:KH.L153.56,0.071199921346139
KH2013:KH.L153.5,0.0578873495443721
KH2013:KH.L153.65,0.0669129971536823
KH2013:KH.L153.20,0.921075385996557
KH2013:KH.L153.104,0.275602661468593
KH2013:KH.L153.59,0.0748298479741633
KH2013:KH.L153.21,0.0692349929270036
KH2013:KH.L153.6,0.0861985034603893
KH2013:KH.L153.42,0.0440045092996488
KH2013:KH.L153.24,0.681689452576761
KH2013:KH.L153.30,0.0286032502211271
KH2013:KH.L153.37,0.15480929944956
KH2013:KH.L153.64,0.011783337652168
KH2013:KH.L153.1,0.5089503148264
KH2013:KH.L154.32,0.037843166323514
KH2013:KH.L154.5,0.0156139105749545
KH2013:KH.L154.4,0.344123942978996
KH2013:KH.L154.40,0.071199921346139
KH2013:KH.L154.34,0.480622765024134
KH2013:KH.L154.9,1.33819134061462
KH2013:KH.L154.47,0.227844032266362
KH2013:KH.L154.56,0.237495154293447
KH2013:KH.L154.60,0.864037256729325
KH2013:KH.L154.24,0.205929235502533
KH2013:KH.L154.26,0.0469525853377333
KH2013:KH.L154.11,0.00885479502763135
KH2013:KH.L154.6,0.022194335566336
KH2013:KH.L155.5,0.0673354475888735
KH2013:KH.L155.1,0.071199921346139
KH2013:KH.L155.24,0.0412428277933772
KH2013:KH.L155.18,0.0197183231819222
KH2013:KH.L155.14,0.323628242683368
KH2013:KH.L155.3,0.071199921346139
KH2013:KH.L156.1,0.0261125128520749
KH2013:KH.L156.2,0.156277218008168
KH2013:KH.L157.8,0.0789876763215209
KH2013:KH.L157.10,0.0344936897227679
KH2013:KH.L157.2,0.0293574778667373
KH2013:KH.L157.6,0.0530521798747588
KH2013:KH.L158.4,0.106843506830338
KH2013:KH.L16.2,0.0366033816149024
KH2013:KH.L161.1,0.153029422181011
KH2013:KH.L162.2,0.071199921346139
KH2013:KH.L162.9,0.157140048393729
KH2013:KH.L164.1,0.0112917164632506
KH2013:KH.L164.15,0.12002624606338
KH2013:KH.L164.12,0.0456092671551971
KH2013:KH.L164.4,0.327617237887325
KH2013:KH.L165.4,0.071199921346139
KH2013:KH.L166.2,0.00676866053872763
KH2013:KH.L166.6,0.00688923344030031
KH2013:KH.L166.5,0.0579000771272542
KH2013:KH.L167.5,0.00734801764356653
KH2013:KH.L167.3,0.0113757069804861
KH2013:KH.L167.2,0.071199921346139
KH2013:KH.L168.6,0.0435904265881856
KH2013:KH.L17.5,0.167434384053709
KH2013:KH.L17.12,0.0442623011218816
KH2013:KH.L17.13,1.22941704341963
KH2013:KH.L17.15,1.35384920337868
KH2013:KH.L170.42,0.965410111243939
KH2013:KH.L170.96,0.14582780976444
KH2013:KH.L170.51,0.519373943277262
KH2013:KH.L170.10,0.143905452904891
KH2013:KH.L170.52,0.166901757561561
KH2013:KH.L170.43,0.00214119765999994
KH2013:KH.L170.71,0.071199921346139
KH2013:KH.L170.87,0.00756075309514253
KH2013:KH.L170.65,0.205929235502533
KH2013:KH.L170.54,0.300086372725386
KH2013:KH.L170.44,0.618162991591429
KH2013:KH.L170.35,0.071199921346139
KH2013:KH.L170.1,0.071199921346139
KH2013:KH.L170.62,0.516313949357178
KH2013:KH.L170.4,0.0733525675598141
KH2013:KH.L170.100,0.269858873573981
KH2013:KH.L170.38,0.782676061064458
KH2013:KH.L170.29,0.21498903027177
KH2013:KH.L170.25,0.547227581866948
KH2013:KH.L170.31,0.0314929980691867
KH2013:KH.L170.69,0.0204441663345033
KH2013:KH.L171.4,0.371135801370988
KH2013:KH.L171.7,0.139772185636454
KH2013:KH.L171.11,0.0710232431887559
KH2013:KH.L171.23,0.785893338336151
KH2013:KH.L171.8,0.796589437884424
KH2013:KH.L171.16,0.00499971636630545
KH2013:KH.L172.10,0.071199921346139
KH2013:KH.L172.20,0.222384755379403
KH2013:KH.L172.2,0.208769604319595
KH2013:KH.L172.17,0.106925279830521
KH2013:KH.L173.6,0.164442672863216
KH2013:KH.L173.2,0.650592906636789
KH2013:KH.L18.70,0.22009080855834
KH2013:KH.L18.13,0.111616869025687
KH2013:KH.L18.135,0.071199921346139
KH2013:KH.L18.16,2.51887671539855
KH2013:KH.L18.90,0.109864628871571
KH2013:KH.L18.24,0.0157184983436472
KH2013:KH.L18.93,0.00725874257685962
KH2013:KH.L18.133,0.0899003106174474
KH2013:KH.L18.1,0.071199921346139
KH2013:KH.L18.74,0.0447091098663769
KH2013:KH.L18.38,0.761035062134239
KH2013:KH.L18.117,0.663739076636146
KH2013:KH.L18.33,0.071199921346139
KH2013:KH.L18.8,1.56754640220872
KH2013:KH.L18.17,0.071199921346139
KH2013:KH.L18.20,0.237556457573311
KH2013:KH.L18.124,0.079101271865468
KH2013:KH.L18.103,0.40026062721632
KH2013:KH.L18.85,0.387169382791789
KH2013:KH.L18.21,0.0448142001319776
KH2013:KH.L18.80,0.947506160271914
KH2013:KH.L18.100,1.48663637899887
KH2013:KH.L18.53,0.242223415516792
KH2013:KH.L18.96,0.0318255855580072
KH2013:KH.L18.39,0.0445435572094064
KH2013:KH.L18.79,0.20343925549734
KH2013:KH.L18.104,0.119333763210054
KH2013:KH.L18.108,0.916005166644133
KH2013:KH.L18.44,0.191660045154192
KH2013:KH.L19.6,0.153381517062439
KH2013:KH.L19.9,0.153610974763545
KH2013:KH.L19.12,0.071199921346139
KH2013:KH.L19.1,0.105465738461545
KH2013:KH.L19.11,0.071199921346139
KH2013:KH.L19.15,0.0814259708902766
KH2013:KH.L2.1,0.0272284453755266
KH2013:KH.L20.60,0.0388738495397762
KH2013:KH.L20.28,0.26537042467095
KH2013:KH.L20.40,0.0355990437436546
KH2013:KH.L20.48,0.071199921346139
KH2013:KH.L20.63,0.0777876401110574
KH2013:KH.L20.49,0.057354516734987
KH2013:KH.L20.29,0.233573480608316
KH2013:KH.L20.5,0.376371100061631
KH2013:KH.L20.26,0.0426851507578845
KH2013:KH.L20.12,0.206674473875121
KH2013:KH.L20.58,0.838636830602269
KH2013:KH.L20.38,0.178752206596398
KH2013:KH.L20.34,0.0198074365499465
KH2013:KH.L20.18,0.318246748239202
KH2013:KH.L20.3,0.0803161346275278
KH2013:KH.L22.29,0.72565550642583
KH2013:KH.L22.54,0.0216997830866537
KH2013:KH.L22.12,0.26692867447212
KH2013:KH.L22.52,0.214380375843827
KH2013:KH.L22.61,0.180069656773197
KH2013:KH.L22.67,0.205929235502533
KH2013:KH.L22.24,0.287385521966313
KH2013:KH.L22.49,0.071199921346139
KH2013:KH.L22.59,0.318302198732426
KH2013:KH.L22.56,0.53630428321164
KH2013:KH.L22.20,0.0845582727621948
KH2013:KH.L22.65,0.0180519196271906
KH2013:KH.L22.70,0.0111064885519843
KH2013:KH.L22.71,0.071199921346139
KH2013:KH.L23.2,0.071199921346139
KH2013:KH.L23.1,0.0769256286694902
KH2013:KH.L23.5,0.387311544058315
KH2013:KH.L24.29,0.0578873495443721
KH2013:KH.L24.32,2.87272584861621
KH2013:KH.L24.10,0.0756273641564258
KH2013:KH.L24.39,0.0292562913713614
KH2013:KH.L24.8,0.309444676760825
KH2013:KH.L24.33,0.0340614468238968
KH2013:KH.L25.16,0.217603281685663
KH2013:KH.L27.2,3.10114958815655
KH2013:KH.L28.8,0.0613827646611369
KH2013:KH.L3.17,0.0298361872914032
KH2013:KH.L3.10,0.0287410795661733
KH2013:KH.L3.13,0.067571577893941
KH2013:KH.L30.1,0.139772185636454
KH2013:KH.L30.2,0.0447091098663769
KH2013:KH.L31.1,0.0184422246399162
KH2013:KH.L34.27,0.137606962551109
KH2013:KH.L34.8,0.241497824341189
KH2013:KH.L35.4,0.0589387203478303
KH2013:KH.L35.13,0.139772185636454
KH2013:KH.L35.11,0.071199921346139
KH2013:KH.L35.1,0.071199921346139
KH2013:KH.L35.7,0.00996087944672495
KH2013:KH.L36.8,4.0785759826937
KH2013:KH.L37.5,0.231345992101456
KH2013:KH.L37.60,0.0444698803159384
KH2013:KH.L37.43,0.0208199876970918
KH2013:KH.L37.12,0.0737770833959441
KH2013:KH.L37.34,0.0358864693654998
KH2013:KH.L37.39,0.766243472788901
KH2013:KH.L37.67,0.410716986165948
KH2013:KH.L37.38,0.0677994496823254
KH2013:KH.L37.13,0.170212521530594
KH2013:KH.L37.65,1.78357534507875
KH2013:KH.L37.15,0.282624342622734
KH2013:KH.L37.73,0.071199921346139
KH2013:KH.L37.46,0.00695119659326949
KH2013:KH.L37.49,0.00799533997531629
KH2013:KH.L38.14,0.071199921346139
KH2013:KH.L38.9,0.00151939941766209
KH2013:KH.L39.1,1.05313325878407
KH2013:KH.L4.37,0.0599281267931302
KH2013:KH.L4.59,0.071199921346139
KH2013:KH.L4.6,0.0912641530585419
KH2013:KH.L4.2,0.205994484953656
KH2013:KH.L4.35,0.071199921346139
KH2013:KH.L4.43,0.309839178878852
KH2013:KH.L4.23,0.566972532557904
KH2013:KH.L4.15,0.019911231210444
KH2013:KH.L4.8,0.0134768858860323
KH2013:KH.L4.5,0.040396045346573
KH2013:KH.L4.52,0.111720202384979
KH2013:KH.L4.53,0.00725874257685962
KH2013:KH.L4.22,0.0431715607641198
KH2013:KH.L40.18,0.35019871741787
KH2013:KH.L41.79,0.00638748174384031
KH2013:KH.L41.24,0.180239917803727
KH2013:KH.L41.34,0.252813769380691
KH2013:KH.L41.8,0.014135468414958
KH2013:KH.L41.3,0.0866522532466264
KH2013:KH.L41.11,0.00203480822393619
KH2013:KH.L42.6,0.0179004023052028
KH2013:KH.L42.1,0.0435904265881856
KH2013:KH.L42.10,0.071199921346139
KH2013:KH.L42.4,0.0224844382422436
KH2013:KH.L44.2,0.365319841247361
KH2013:KH.L44.3,0.00876853316620935
KH2013:KH.L44.22,0.368223625840884
KH2013:KH.L44.7,0.071199921346139
KH2013:KH.L45.4,0.205929235502533
KH2013:KH.L45.1,0.331727931423977
KH2013:KH.L45.3,0.071199921346139
KH2013:KH.L46.14,0.00529687857364637
KH2013:KH.L5.10,0.0341149778849771
KH2013:KH.L5.11,0.111294914938523
KH2013:KH.L5.23,0.071199921346139
KH2013:KH.L5.3,0.0624591157192286
KH2013:KH.L5.9,0.227674214267094
KH2013:KH.L5.14,0.455370082231282
KH2013:KH.L50.10,0.103569044696224
KH2013:KH.L50.7,0.280512990633751
KH2013:KH.L50.21,0.254905362311657
KH2013:KH.L50.5,0.0553002798431709
KH2013:KH.L51.9,0.00362356471162716
KH2013:KH.L51.6,1.36348682884289
KH2013:KH.L53.14,1.53165493726488
KH2013:KH.L54.2,0.0608807449889901
KH2013:KH.L57.32,0.190191091977381
KH2013:KH.L57.22,0.0661758075337826
KH2013:KH.L57.19,0.00039695799677816
KH2013:KH.L57.23,0.0118603690156617
KH2013:KH.L57.9,0.0183977871620825
KH2013:KH.L57.6,0.248225344662284
KH2013:KH.L58.5,0.00386929695407276
KH2013:KH.L59.10,0.449864318846488
KH2013:KH.L59.3,3.38680738348643
KH2013:KH.L59.6,0.190306182152228
KH2013:KH.L60.11,0.139772185636454
KH2013:KH.L60.15,0.013345860440856
KH2013:KH.L60.4,0.0592726928792211
KH2013:KH.L61.11,0.103346084205511
KH2013:KH.L63.26,0.104022302245239
KH2013:KH.L63.2,0.17453843165643
KH2013:KH.L63.12,0.540702324504887
KH2013:KH.L63.3,0.00566349373254009
KH2013:KH.L63.13,0.882591163631872
KH2013:KH.L65.32,0.432468251190411
KH2013:KH.L65.30,0.039657920747727
KH2013:KH.L65.28,0.421139404212327
KH2013:KH.L65.6,0.239366134737458
KH2013:KH.L65.27,0.0226332916896478
KH2013:KH.L65.10,0.0560786953251375
KH2013:KH.L7.6,0.0527912126229214
KH2013:KH.L7.20,0.0483839508139085
KH2013:KH.L7.5,0.407088886402154
KH2013:KH.L7.2,0.756134737525213
KH2013:KH.L7.16,0.84171390431901
KH2013:KH.L7.1,0.011653822708049
KH2013:KH.L7.24,0.0534991599887121
KH2013:KH.L7.13,0.0295847215701859
KH2013:KH.L71.9,0.74212162919178
KH2013:KH.L71.5,0.0298796382223549
KH2013:KH.L71.21,0.0154701637089013
KH2013:KH.L71.19,0.0583455178563938
KH2013:KH.L71.10,0.0705155922540717
KH2013:KH.L72.4,0.00733553272581443
KH2013:KH.L73.2,2.57449536230681
KH2013:KH.L73.5,0.0909404815215269
KH2013:KH.L75.2,0.0639273302017216
KH2013:KH.L76.14,0.0512882560296035
KH2013:KH.L77.4,0.071199921346139
KH2013:KH.L8.12,0.00151939941766209
KH2013:KH.L8.14,0.060521650781004
KH2013:KH.L8.1,0.969757086916937
KH2013:KH.L80.3,0.482691062994857
KH2013:KH.L81.2,0.0672604077186614
KH2013:KH.L83.4,0.071199921346139
KH2013:KH.L83.2,0.00524660328653512
KH2013:KH.L83.1,0.041255810479115
KH2013:KH.L84.11,1.06087047214619
KH2013:KH.L84.23,0.071199921346139
KH2013:KH.L84.14,0.272967000918511
KH2013:KH.L84.6,0.0662676757602146
KH2013:KH.L84.10,0.0358784945937779
KH2013:KH.L87.38,0.00478030326949868
KH2013:KH.L87.11,0.0692508303994205
KH2013:KH.L87.13,0.0224803696229193
KH2013:KH.L87.27,0.0165760688899634
KH2013:KH.L88.3,0.0216997830866537
KH2013:KH.L89.3,0.0357115222736251
KH2013:KH.L9.9,0.00858708815025144
KH2013:KH.L9.1,0.066259629739808
KH2013:KH.L9.43,0.00203480822393619
KH2013:KH.L9.34,0.101052796333282
KH2013:KH.L9.4,0.796230559406563
KH2013:KH.L9.44,0.408620160747433
KH2013:KH.L9.14,0.00405906444613067
KH2013:KH.L9.25,0.0431672180506021
KH2013:KH.L9.13,0.071199921346139
KH2013:KH.L90.11,0.028940210414976
KH2013:KH.L90.6,0.397663092354477
KH2013:KH.L90.3,0.0982856229971368
KH2013:KH.L92.8,0.0339581333409011
KH2013:KH.L92.13,0.0615996647543885
KH2013:KH.L93.5,0.071199921346139
KH2013:KH.L95.9,0.126305268212849
KH2013:KH.L95.5,0.682236304594767
KH2013:KH.L95.10,0.071199921346139
KH2013:KH.L95.12,0.060521650781004
KH2013:KH.L95.3,0.547950088766049
KH2013:KH.L96.17,0.121225371644985
KH2013:KH.L96.93,0.104022302245239
KH2013:KH.L96.104,0.0185805379262225
KH2013:KH.L96.48,0.205929235502533
KH2013:KH.L96.5,0.0804326333059773
KH2013:KH.L96.43,0.592832695294013
KH2013:KH.L96.106,0.671898019527377
KH2013:KH.L96.25,0.071199921346139
KH2013:KH.L96.102,0.0893277065421558
KH2013:KH.L96.26,0.0581605075510576
KH2013:KH.L96.112,0.68884232008969
KH2013:KH.L96.58,0.071199921346139
KH2013:KH.L96.85,0.00375472839241773
KH2013:KH.L96.76,0.071199921346139
KH2013:KH.L96.44,1.92343125615368
KH2013:KH.L96.24,0.158747990481228
KH2013:KH.L96.108,1.65188077771665
KH2013:KH.L96.39,0.0413480467218555
KH2013:KH.L96.33,0.483120934852514
KH2013:KH.L96.101,0.244946414685822
KH2013:KH.L96.7,1.18323900196166
KH2013:KH.L96.70,0.162715417543418
KH2013:KH.L96.86,0.071199921346139
KH2013:KH.L96.20,0.071199921346139
KH2013:KH.L96.3,0.147192335042042
KH2013:KH.L98.4,0.0297133587068214
KH2013:KH.L99.10,0.101659250689258
KH2013:KH.L99.1,0.0581605075510576
KH2013:KH.L99.11,0.071199921346139
KH2013:KH.S1011.2,0.0288940073874825
KH2013:KH.S1012.4,0.00521655826932401
KH2013:KH.S1012.2,0.10795086377082
KH2013:KH.S1034.1,0.00362356471162716
KH2013:KH.S1035.1,0.927844404267067
KH2013:KH.S1065.1,0.392837122375352
KH2013:KH.S1072.1,0.858074653425755
KH2013:KH.S1090.4,0.131263757905231
KH2013:KH.S1090.3,0.005475289830435
KH2013:KH.S1104.2,0.205929235502533
KH2013:KH.S1104.4,2.17004437470213
KH2013:KH.S1107.1,0.0581605075510576
KH2013:KH.S1116.3,0.726428868398119
KH2013:KH.S1120.2,0.126732771841373
KH2013:KH.S1136.3,0.283963402592397
KH2013:KH.S1140.1,0.0437142862394898
KH2013:KH.S1148.2,0.188874801784889
KH2013:KH.S115.29,0.0445435572094064
KH2013:KH.S115.35,0.0267547228742824
KH2013:KH.S115.21,0.0336296601680876
KH2013:KH.S1155.2,0.46240859386985
KH2013:KH.S1175.1,0.071199921346139
KH2013:KH.S1176.1,0.0413480467218555
KH2013:KH.S1179.1,0.058893329311658
KH2013:KH.S1180.1,0.971585125180361
KH2013:KH.S1182.1,0.139772185636454
KH2013:KH.S1182.2,0.071199921346139
KH2013:KH.S1206.1,0.00638748174384031
KH2013:KH.S1211.3,0.151766000979354
KH2013:KH.S1219.3,0.190181291017504
KH2013:KH.S1231.2,0.071199921346139
KH2013:KH.S1248.1,1.02757768775563
KH2013:KH.S1269.2,0.177896532206996
KH2013:KH.S1272.2,0.0167001015990989
KH2013:KH.S1288.2,0.0216695570664793
KH2013:KH.S1293.1,0.0018319015091936
KH2013:KH.S1306.1,0.0445435572094064
KH2013:KH.S1338.1,0.071199921346139
KH2013:KH.S1340.2,0.071199921346139
KH2013:KH.S1340.1,0.139772185636454
KH2013:KH.S1346.3,0.240916576602284
KH2013:KH.S1352.1,0.134393640607379
KH2013:KH.S1354.3,0.0357115222736251
KH2013:KH.S1366.1,4.05392993787387
KH2013:KH.S1371.2,0.00487125789547366
KH2013:KH.S1383.1,0.071199921346139
KH2013:KH.S1391.3,0.156983060321639
KH2013:KH.S1391.1,0.000403913714106039
KH2013:KH.S1399.1,0.133477523438557
KH2013:KH.S1411.3,0.0799758148334432
KH2013:KH.S1411.1,0.0856777994898429
KH2013:KH.S1446.1,0.00349183847710479
KH2013:KH.S1466.1,0.12647234141757
KH2013:KH.S1477.1,0.352322221507637
KH2013:KH.S1482.1,0.146512651808562
KH2013:KH.S1482.2,0.305912502320255
KH2013:KH.S1482.3,0.0228264327585984
KH2013:KH.S1500.1,0.250734305185306
KH2013:KH.S1508.1,0.139772185636454
KH2013:KH.S1508.2,0.071199921346139
KH2013:KH.S1524.1,0.195980228538458
KH2013:KH.S1526.1,0.00625155806991449
KH2013:KH.S1531.1,0.170121677922707
KH2013:KH.S1540.1,0.00756075309514253
KH2013:KH.S1555.2,0.0181690011809117
KH2013:KH.S1585.1,0.204532148480061
KH2013:KH.S164.11,0.194819339686711
KH2013:KH.S164.31,0.341015338520695
KH2013:KH.S164.28,1.22525478964064
KH2013:KH.S164.18,0.239874374359309
KH2013:KH.S164.24,2.87673554942299
KH2013:KH.S164.15,0.0367263843464749
KH2013:KH.S164.7,0.348583908739424
KH2013:KH.S1641.1,5.03699989242153
KH2013:KH.S1716.3,0.124986998091001
KH2013:KH.S1721.1,0.490506698518369
KH2013:KH.S1745.1,0.00705509986611041
KH2013:KH.S1817.1,0.071199921346139
KH2013:KH.S1867.2,0.0622207085189191
KH2013:KH.S1914.1,1.55921364097006
KH2013:KH.S1925.1,0.351423441268349
KH2013:KH.S1957.1,0.0177035831508585
KH2013:KH.S1993.1,0.0438483533358472
KH2013:KH.S2006.1,0.0683775746418797
KH2013:KH.S2020.1,0.150237007202506
KH2013:KH.S2024.1,0.647313057327316
KH2013:KH.S2051.1,0.0718914203853482
KH2013:KH.S2107.1,0.092052399269875
KH2013:KH.S2114.1,0.071199921346139
KH2013:KH.S215.19,0.064418988010801
KH2013:KH.S215.24,0.0581605075510576
KH2013:KH.S215.17,0.071199921346139
KH2013:KH.S215.23,0.00288863623551721
KH2013:KH.S2205.1,0.178752206596398
KH2013:KH.S2308.1,0.0970632787392152
KH2013:KH.S2353.1,0.112740778311643
KH2013:KH.S2542.2,0.0229700753260987
KH2013:KH.S256.4,0.00325746750391736
KH2013:KH.S256.6,0.00461604999715511
KH2013:KH.S256.9,0.192889821707452
KH2013:KH.S256.14,0.139772185636454
KH2013:KH.S256.8,0.269858873573981
KH2013:KH.S256.15,0.00914434598108653
KH2013:KH.S256.16,0.150771702008116
KH2013:KH.S256.1,0.0972391199450747
KH2013:KH.S256.5,0.00856269445627109
KH2013:KH.S2570.2,0.071199921346139
KH2013:KH.S2590.1,0.0581121486201882
KH2013:KH.S2763.1,0.331727931423977
KH2013:KH.S2820.3,0.0190402354451277
KH2013:KH.S2830.1,0.050563922140262
KH2013:KH.S345.1,4.18507625297625
KH2013:KH.S345.3,0.126305268212849
KH2013:KH.S346.11,0.156516661067062
KH2013:KH.S346.3,0.189441282691075
KH2013:KH.S346.6,1.61298926988768
KH2013:KH.S351.4,0.188335838045113
KH2013:KH.S363.2,0.296519852820626
KH2013:KH.S363.7,0.0649311065927175
KH2013:KH.S363.4,0.0607851042299785
KH2013:KH.S364.10,0.0440156290649487
KH2013:KH.S364.8,0.0186738360236708
KH2013:KH.S369.6,0.0018319015091936
KH2013:KH.S369.4,0.0982856229971368
KH2013:KH.S388.4,0.071199921346139
KH2013:KH.S390.3,1.82283727632699
KH2013:KH.S390.10,0.367023915419192
KH2013:KH.S390.2,0.721257048006747
KH2013:KH.S391.3,0.0129497696694907
KH2013:KH.S391.12,0.0229700753260987
KH2013:KH.S396.9,0.0101901121446441
KH2013:KH.S396.7,0.071199921346139
KH2013:KH.S396.8,0.071199921346139
KH2013:KH.S403.2,1.59412791172555
KH2013:KH.S403.5,0.104517088647392
KH2013:KH.S404.1,0.0073720724642026
KH2013:KH.S404.7,0.0303838015701875
KH2013:KH.S406.7,0.054238739137587
KH2013:KH.S406.10,0.0787553449868292
KH2013:KH.S406.15,0.462790998294173
KH2013:KH.S417.2,0.071199921346139
KH2013:KH.S417.3,0.331068576344558
KH2013:KH.S423.5,0.331727931423977
KH2013:KH.S423.1,0.106179537357503
KH2013:KH.S423.2,1.40731602584583
KH2013:KH.S423.3,0.293419809518629
KH2013:KH.S424.1,0.071199921346139
KH2013:KH.S424.2,0.071199921346139
KH2013:KH.S425.10,0.11449356021171
KH2013:KH.S425.13,0.100747063988597
KH2013:KH.S435.11,0.136796666034098
KH2013:KH.S455.6,0.129232993852475
KH2013:KH.S455.7,1.8938590222081
KH2013:KH.S483.1,0.0268111232638244
KH2013:KH.S484.3,0.142670545368893
KH2013:KH.S489.5,0.0198074365499465
KH2013:KH.S489.3,0.104206009513581
KH2013:KH.S489.1,0.155511816731485
KH2013:KH.S494.8,0.0880386305604632
KH2013:KH.S494.2,0.624341854380887
KH2013:KH.S496.2,0.0982856229971368
KH2013:KH.S497.9,0.0788940477569767
KH2013:KH.S511.3,0.0301912529181397
KH2013:KH.S511.1,2.76070662429492
KH2013:KH.S511.2,0.234063151951084
KH2013:KH.S514.6,0.120239176005497
KH2013:KH.S521.5,0.213144264350786
KH2013:KH.S521.4,0.0299921197998071
KH2013:KH.S522.1,0.0310468053241984
KH2013:KH.S522.8,0.170073655778964
KH2013:KH.S534.9,0.0774729794257726
KH2013:KH.S534.6,0.699841873622536
KH2013:KH.S544.1,0.262735282978017
KH2013:KH.S545.3,0.00907751330274188
KH2013:KH.S546.3,0.607114600875331
KH2013:KH.S546.2,0.156363028872297
KH2013:KH.S551.2,0.0577330039225332
KH2013:KH.S553.1,0.0691622312323333
KH2013:KH.S555.2,0.283395482428663
KH2013:KH.S555.6,0.00549648856973708
KH2013:KH.S555.1,0.0932728644569596
KH2013:KH.S562.8,1.11500235639431
KH2013:KH.S562.1,0.264731223546813
KH2013:KH.S563.3,0.071199921346139
KH2013:KH.S567.3,0.071199921346139
KH2013:KH.S573.2,2.87321103559851
KH2013:KH.S573.6,0.139772185636454
KH2013:KH.S573.3,0.634443866552759
KH2013:KH.S583.6,0.0865944547585534
KH2013:KH.S588.2,0.0161398491431253
KH2013:KH.S588.6,0.071199921346139
KH2013:KH.S588.1,0.178752206596398
KH2013:KH.S594.3,1.66688347281321
KH2013:KH.S594.4,0.402228746782504
KH2013:KH.S594.2,0.436831563790665
KH2013:KH.S594.5,0.205929235502533
KH2013:KH.S595.11,0.195497928883933
KH2013:KH.S595.4,0.00301547235394342
KH2013:KH.S595.15,0.071199921346139
KH2013:KH.S597.2,0.110515469642397
KH2013:KH.S598.6,0.071199921346139
KH2013:KH.S605.3,0.42135748681565
KH2013:KH.S605.2,0.0154701637089013
KH2013:KH.S605.1,0.011783337652168
KH2013:KH.S610.2,0.621001783227848
KH2013:KH.S612.1,0.0449797838505571
KH2013:KH.S617.3,0.0281350627708173
KH2013:KH.S618.6,0.287307605537827
KH2013:KH.S618.2,0.0316241205755888
KH2013:KH.S638.10,0.0445435572094064
KH2013:KH.S638.1,0.0983828984695717
KH2013:KH.S643.6,0.922520257276941
KH2013:KH.S651.3,0.114536441782438
KH2013:KH.S651.1,0.20434933968466
KH2013:KH.S653.4,2.28878943043153
KH2013:KH.S655.3,0.136012032634344
KH2013:KH.S655.1,0.071199921346139
KH2013:KH.S655.2,2.08691527478712
KH2013:KH.S663.2,0.0288197669659346
KH2013:KH.S665.1,0.156153909094393
KH2013:KH.S674.1,1.22362225386346
KH2013:KH.S678.4,0.0181690011809117
KH2013:KH.S681.2,0.331727931423977
KH2013:KH.S694.2,0.0376759664776296
KH2013:KH.S695.5,0.00412509450296415
KH2013:KH.S702.3,0.386284138569193
KH2013:KH.S731.2,0.071199921346139
KH2013:KH.S735.2,0.00761507987704303
KH2013:KH.S739.1,0.413017439621914
KH2013:KH.S753.1,0.071199921346139
KH2013:KH.S761.3,0.138213500944432
KH2013:KH.S765.3,0.011783337652168
KH2013:KH.S765.1,0.0458976471391137
KH2013:KH.S775.1,0.071199921346139
KH2013:KH.S776.1,0.295799904512112
KH2013:KH.S779.7,0.139772185636454
KH2013:KH.S779.5,0.0445561676143982
KH2013:KH.S779.1,0.804405688709489
KH2013:KH.S779.6,0.0203315380197918
KH2013:KH.S781.5,0.318052594899387
KH2013:KH.S781.1,0.301539276598236
KH2013:KH.S781.2,0.618644282933446
KH2013:KH.S781.7,0.205929235502533
KH2013:KH.S781.4,0.417318675433168
KH2013:KH.S781.3,0.0696600154485032
KH2013:KH.S803.2,0.538722521070486
KH2013:KH.S811.1,0.00178698321470035
KH2013:KH.S811.5,0.0378325556937121
KH2013:KH.S812.3,0.124372871022924
KH2013:KH.S821.1,0.00625155806991449
KH2013:KH.S837.1,0.0018319015091936
KH2013:KH.S852.6,0.0507611601041591
KH2013:KH.S852.4,0.116869068987852
KH2013:KH.S880.1,0.071199921346139
KH2013:KH.S902.2,0.243113684141651
KH2013:KH.S904.4,0.0397998920962686
KH2013:KH.S907.1,0.0413480467218555
KH2013:KH.S908.2,0.16366952457137
KH2013:KH.S910.3,0.568195642245654
KH2013:KH.S916.2,0.071199921346139
KH2013:KH.S918.2,0.127465593601973
KH2013:KH.S921.4,0.08751580928713
KH2013:KH.S921.3,0.139772185636454
KH2013:KH.S925.3,0.0449797838505571
KH2013:KH.S931.1,0.0855558934486849
KH2013:KH.S931.2,0.00417916473747692
KH2013:KH.S934.1,0.0196958529994389
KH2013:KH.S936.3,0.071199921346139
KH2013:KH.S948.1,0.162693790154257
KH2013:KH.S966.6,0.147386573959499
KH2013:KH.S966.1,0.040598804021077
KH2013:KH.S970.3,0.0173771831132988
KH2013:KH.S973.1,0.00270227070460649
KH2013:KH.S988.1,0.81577106260797

