ML000124a,0.0457025009213104
ML000131a,0.549127282466354
ML000132a,0.615489223791231
ML00013a,0.349659544134994
ML000314a,0.392996097623667
ML000316a,0.268873502573207
ML00038a,0.460361785702382
ML00051a,1.05211287052216
ML00052a,1.06729344335803
ML00061a,0.563407046416157
ML00062a,0.928000086395858
ML00063a,0.422876806893891
ML000714a,0.926339219563109
ML000717a,0.563283635308573
ML000720a,0.533262299218864
ML00072a,1.71366257065865
ML00074a,0.750087154646775
ML00088a,0.510238028581144
ML00089a,0.422876806893891
ML00104a,0.442465894107464
ML00105a,0.212214464814965
ML00107a,0.287428082242567
ML00108a,0.375292218278763
ML001110a,0.486824742765726
ML001111a,0.00727724974151254
ML001115a,0.549127282466354
ML001118a,0.839674095777175
ML00111a,0.495036417138035
ML001125a,0.0324678975192054
ML001128a,0.763289330126498
ML00116a,0.350412172631091
ML00121a,0.327703553451197
ML00124a,0.252533464809695
ML00143a,0.263200706900542
ML001525a,0.162233810163023
ML001527a,0.549127282466354
ML00155a,0.21047763135355
ML00156a,0.446464006430006
ML001911a,0.748127955533274
ML001919a,0.218272671859308
ML001920a,0.325064842233394
ML001921a,0.308273267291169
ML00192a,0.752323175077558
ML002114a,0.0100391304967048
ML002116a,0.937504989212835
ML002135a,0.367466528868319
ML002137a,0.397505205921487
ML00219a,0.464794528850702
ML002210a,0.376431152146781
ML002216a,0.724419307969851
ML002217a,0.498615076204407
ML002242a,0.553718564590921
ML00228a,0.549127282466354
ML00229a,0.437282777378531
ML00233a,0.491839755833638
ML00252a,0.307541988122139
ML00258a,0.515126447546142
ML002613a,0.420008975831336
ML002615a,0.549127282466354
ML002620a,1.20794939509565
ML002622a,0.341514819967263
ML002624a,0.436430991046809
ML002627a,0.503775719704535
ML00269a,1.32338017742499
ML002812a,0.196775908901381
ML002813a,0.478982973220178
ML00286a,0.349212476332317
ML00287a,0.466355791478026
ML00288a,0.438412075925194
ML003010a,0.46691788105088
ML003016a,0.608559424946848
ML003018a,0.307458253605893
ML00301a,0.549127282466354
ML003020a,0.39425822575838
ML00303a,0.869919298956582
ML00304a,0.422876806893891
ML00306a,0.485747286906556
ML00309a,0.162278501632452
ML003215a,0.259295901857071
ML003218a,0.385239888126922
ML003219a,0.455212055359154
ML003226a,0.642941752629201
ML003228a,0.368123728605672
ML003233a,1.23265094231865
ML003234a,0.491839755833638
ML003238a,0.471653452732599
ML003243a,0.549127282466354
ML003253a,0.549127282466354
ML003258a,0.444544473293842
ML003261a,0.216065456815158
ML003266a,0.828136696108898
ML003270a,0.582695089066
ML003272a,0.263200706900542
ML00332a,1.53939953992568
ML00339a,0.471917960001427
ML003512a,0.160710641062497
ML00355a,0.465988440783423
ML00357a,0.841844742779969
ML003614a,0.32261336076855
ML00367a,0.950300518719487
ML00392a,0.110334383496922
ML00404a,0.501652114570137
ML00412a,0.938157773948521
ML00413a,0.507122737010084
ML00422a,0.363402561219269
ML00426a,0.125369079444458
ML004416a,0.497163873087708
ML004437a,0.16824423590613
ML004510a,0.301568018128331
ML004511a,0.232881693409323
ML004514a,0.36522413181898
ML004516a,0.549127282466354
ML004610a,0.440671506526835
ML00462a,0.2321291988485
ML004710a,0.423936459377579
ML00474a,0.407498232130726
ML00481a,0.327703553451197
ML004913a,0.785009894063785
ML004918a,0.549127282466354
ML004933a,0.466355791478026
ML004934a,0.350412172631091
ML004935a,0.468535048097093
ML004937a,0.471653452732599
ML004943a,0.428212437387688
ML00495a,0.263546090595867
ML00496a,0.145135274684964
ML00498a,0.49098492120221
ML005015a,0.490705924804737
ML00501a,0.724965133273585
ML00502a,0.53014655816962
ML005116a,0.549127282466354
ML005119a,0.796492777651912
ML005131a,0.421213306903106
ML005132a,0.510986365747192
ML005134a,0.312032261818939
ML005137a,0.327703553451197
ML00516a,0.276856702903186
ML00517a,0.439596566016603
ML00519a,0.549127282466354
ML005216a,0.429242904349781
ML005223a,0.459882130877193
ML00524a,0.549127282466354
ML00527a,0.186938066579832
ML005320a,0.0633590462012639
ML005323a,0.796492777651912
ML005325a,0.568733493919658
ML005329a,0.549127282466354
ML005332a,0.549127282466354
ML00533a,0.278414436137616
ML005347a,0.689831389293023
ML005355a,0.352871166913177
ML005361a,0.549127282466354
ML00538a,0.423936459377579
ML00539a,0.536184036713314
ML00553a,0.307458253605893
ML00555a,0.497163873087708
ML00561a,1.1380199753825
ML005710a,0.210546462836014
ML005716a,0.854254235720964
ML00571a,0.184062646607744
ML00575a,0.483279899934078
ML00576a,1.88563693364113
ML00581a,0.549127282466354
ML006113a,0.476894003519247
ML006116a,0.391103579739965
ML006117a,0.879479428687269
ML006118a,0.099561018426429
ML006119a,0.261973641872183
ML00613a,0.950300518719487
ML00628a,0.794169333876801
ML006321a,0.313414765594999
ML006322a,0.421213306903106
ML00633a,0.549127282466354
ML00638a,0.444544473293842
ML00644a,0.891879161057871
ML00696a,0.444544473293842
ML00698a,0.875612269572492
ML00702a,0.498615076204407
ML00721a,0.314669255626285
ML007311a,0.446789110755507
ML007317a,0.567596278148345
ML007320a,0.372308647079916
ML007323a,0.705396220375377
ML007326a,0.31628660881112
ML007330a,1.12245523842484
ML007334a,0.158267153082509
ML007336a,0.603607571477736
ML00733a,0.166841151669491
ML00734a,0.188783479589521
ML00736a,0.492599837865898
ML007411a,0.407498232130726
ML007414a,0.518104217173006
ML007416a,0.0419640230372955
ML007417a,0.174457266759029
ML007421a,0.268453390168239
ML007427a,0.372527620743658
ML007428a,0.378079958384489
ML007429a,0.549127282466354
ML007430a,0.549127282466354
ML007433a,0.199069075293429
ML007435a,0.450436590163842
ML00745a,0.302847102283828
ML00765a,0.478306192434135
ML007810a,0.84763724268314
ML007812a,0.111162224542392
ML007813a,0.266337591453648
ML007814a,1.1388216185518
ML00785a,0.807107266161126
ML00788a,0.668077438075411
ML00789a,0.0943492577774408
ML00791a,0.0426763956270121
ML00793a,0.549127282466354
ML008012a,0.302847102283828
ML00801a,1.26530020165711
ML008025a,0.440671506526835
ML00807a,2.48231677128761
ML00809a,0.426963459855764
ML008122a,0.0887294568758189
ML00817a,0.951746286019754
ML00818a,0.549127282466354
ML008316a,0.88692052315969
ML00833a,0.623887088723396
ML008517a,0.542555526551838
ML00853a,0.549127282466354
ML00858a,0.529487849588924
ML00859a,0.140134296291512
ML008711a,0.30586708522606
ML008717a,0.419113412824264
ML008720a,0.641815704883113
ML008721a,0.549127282466354
ML00875a,0.796492777651912
ML00878a,0.485747286906556
ML00881a,2.10184260997927
ML00895a,0.403927783274496
ML00899a,0.950300518719487
ML009014a,0.132089062965731
ML00901a,0.39425822575838
ML009114a,0.356085804785864
ML009118a,0.217359566525555
ML00911a,0.526433549134317
ML009124a,0.526542315697592
ML009130a,0.483279899934078
ML009132a,0.549558337048382
ML009134a,0.629344442519038
ML009137a,0.118986982171325
ML009138a,0.515126447546142
ML009151a,0.30586708522606
ML009152a,0.19271204202285
ML00922a,0.402473709599189
ML00952a,0.357206355116178
ML00953a,0.429442609557304
ML009614a,0.796498127905882
ML009616a,0.71418818668724
ML009618a,0.936619819853124
ML00966a,0.58653972559951
ML00968a,0.520707642182873
ML00975a,0.565606317578684
ML00979a,0.549127282466354
ML00987a,0.688601318495701
ML00995a,0.0058224950915608
ML01004a,0.166450050213537
ML01005a,0.549127282466354
ML010110a,0.549127282466354
ML010113a,0.487556328924339
ML010115a,0.549127282466354
ML010119a,0.357077423459771
ML010125a,0.440671506526835
ML010126a,0.549127282466354
ML01015a,0.0767366097150388
ML01017a,0.242628751934777
ML01018a,0.508230620481958
ML010310a,0.354236060426057
ML010311a,0.329347140193859
ML010313a,0.0565805795857052
ML01034a,0.520437826853613
ML01037a,0.374610631855868
ML010511a,0.779398461533711
ML010520a,0.311537348506563
ML010521a,0.320785110795422
ML010527a,0.349659544134994
ML01053a,0.476894003519247
ML010611a,0.340702802344406
ML010612a,0.0820594116285102
ML010618a,0.520437826853613
ML010622a,0.421213306903106
ML010623a,0.371852039434096
ML010625a,0.969856729174402
ML01065a,0.613387701068099
ML01066a,0.237503138401476
ML01069a,0.717633602180259
ML010910a,0.54624895466126
ML010913a,0.549127282466354
ML01096a,0.357206355116178
ML01097a,0.491839755833638
ML011011a,1.26741530252059
ML01102a,0.382600314885213
ML01109a,0.549127282466354
ML01124a,1.14366721336993
ML01167a,0.381001997623737
ML011710a,0.549127282466354
ML011718a,0.478306192434135
ML011720a,1.41442521993387
ML011721a,0.787339747943479
ML011727a,0.485747286906556
ML011728a,0.196505089998757
ML011736a,0.549127282466354
ML011740a,0.449566581653796
ML01174a,0.468535048097093
ML012012a,0.383106075187928
ML012013a,0.964831043219167
ML012018a,0.440671506526835
ML012021a,0.549127282466354
ML012036a,0.829385673640822
ML012310a,0.459882130877193
ML012313a,0.307458253605893
ML012314a,0.46691788105088
ML012317a,0.683052941599864
ML01231a,0.407498232130726
ML012414a,0.325981333557401
ML01245a,0.337062819358024
ML012512a,0.883700017614879
ML012516a,0.549127282466354
ML012518a,0.330959621392611
ML01253a,0.411670759478375
ML01259a,0.495036417138035
ML01273a,0.501652114570137
ML01316a,0.507626995284218
ML013521a,0.206597497445568
ML01353a,0.30576774887673
ML01354a,0.549127282466354
ML01357a,0.549127282466354
ML013612a,0.419113412824264
ML01368a,0.311298848166494
ML01384a,0.823858023625752
ML014012a,0.549127282466354
ML01402a,0.424585348333719
ML01403a,0.464219167199934
ML01404a,0.824050043147025
ML01405a,0.796492777651912
ML01406a,0.474439033319359
ML01407a,0.330005458717931
ML01409a,0.153948238484595
ML014110a,0.752806172373217
ML01413a,0.515917781915128
ML01414a,0.549127282466354
ML01416a,0.428212437387688
ML01419a,0.73496760971658
ML014310a,0.396753900336562
ML01433a,0.933313736394024
ML01439a,0.750832780388128
ML01442a,0.577155850765146
ML01447a,0.708715224375273
ML014811a,0.549127282466354
ML014813a,0.40987988729957
ML014816a,0.452006659222102
ML01482a,3.82887113805639
ML01483a,0.94794260734272
ML01491a,0.330959621392611
ML01494a,0.624857577425886
ML01505a,0.0846296910987589
ML01509a,0.492599837865898
ML015112a,0.590238732114384
ML01511a,0.82080429554031
ML01512a,0.497163873087708
ML01515a,1.04499637327192
ML01516a,0.391320806623235
ML01532a,0.525256742476658
ML01535a,0.946871332428186
ML01537a,0.549127282466354
ML01538a,0.464219167199934
ML01542a,0.371852039434096
ML01548a,0.628129899848771
ML015611a,0.726348468405736
ML015613a,0.32372591531928
ML015620a,0.287289249383243
ML015622a,0.307541988122139
ML015629a,0.276299000525218
ML01562a,1.16785460170803
ML015630a,0.549127282466354
ML015633a,0.448438797075912
ML01568a,0.874892920207362
ML015714a,0.345032363994972
ML01571a,0.549127282466354
ML015721a,0.207063378007135
ML015722a,0.00215312488046451
ML015723a,0.052325798527678
ML015726a,0.110614442005445
ML015727a,0.504957679891999
ML015748a,0.316852993079581
ML015749a,0.414789047034692
ML015750a,0.135713247346782
ML015751a,0.711522517552454
ML01576a,0.549127282466354
ML016010a,0.392996097623667
ML01604a,0.549127282466354
ML01605a,0.518104217173006
ML01612a,0.492673640729691
ML016211a,0.212038175091207
ML01628a,0.262216927798173
ML016315a,0.987383821117593
ML016319a,0.801872091805188
ML016328a,0.995968593068685
ML016363a,0.549127282466354
ML01644a,0.549127282466354
ML01645a,0.830615845810438
ML01671a,0.508417018437052
ML01676a,0.515126447546142
ML01677a,1.40395081527435
ML01679a,0.549127282466354
ML01722a,0.357206355116178
ML017310a,0.549127282466354
ML017313a,0.422684787372619
ML01734a,0.950051477075766
ML01737a,0.44159044501266
ML01738a,0.806064094766311
ML017411a,0.125369040884317
ML017416a,0.307458253605893
ML017434a,0.861055367130327
ML01744a,0.203325526784867
ML01745a,0.184062646607744
ML01746a,0.407058380664188
ML01747a,0.313414765594999
ML01761a,0.310381872963504
ML017810a,0.909590254690186
ML01789a,0.520707642182873
ML017926a,0.355086127489874
ML017930a,0.419725378273581
ML017941a,0.950300518719487
ML017946a,0.19271204202285
ML017948a,0.654299370775911
ML017949a,0.212414672831227
ML017952a,0.507122737010084
ML01795a,0.459882130877193
ML01796a,0.327703553451197
ML01799a,0.549127282466354
ML018017a,0.80867146838386
ML018020a,0.0589508086690387
ML018028a,0.237394216511169
ML01802a,0.0672719122479639
ML018032a,0.302273262850822
ML018039a,0.18799037773936
ML018043a,1.16899673477387
ML018044a,0.00777659411518787
ML018048a,0.58795192515647
ML01808a,0.0558442060009705
ML018111a,0.103334606514839
ML018116a,0.572430337418953
ML018119a,0.166423041895211
ML01861a,0.518104217173006
ML01862a,0.127058848538209
ML01882a,0.217359566525555
ML019112a,0.884453136187212
ML019114a,0.337062819358024
ML019123a,0.549127282466354
ML01912a,0.32261336076855
ML019134a,0.331792184666092
ML019211a,0.210546462836014
ML019220a,0.491839755833638
ML019221a,0.223904030416571
ML019222a,0.440671506526835
ML019227a,0.491839755833638
ML019228a,0.549127282466354
ML019233a,0.307458253605893
ML019242a,0.960916771989014
ML01924a,0.549127282466354
ML01927a,0.370498338635445
ML019416a,0.422684787372619
ML01943a,0.436371852869753
ML01986a,0.284627187896899
ML020012a,0.478306192434135
ML020014a,0.549127282466354
ML020015a,0.538559699755006
ML020016a,0.599959504847039
ML020017a,0.549127282466354
ML020019a,0.549127282466354
ML020025a,0.747031203044158
ML020027a,0.288649254025939
ML020034a,0.84763724268314
ML02003a,0.287655258703496
ML020040a,0.358140392765652
ML020046a,1.44831491769788
ML020047a,0.852364571566952
ML020051a,0.549127282466354
ML02005a,0.0454909566573193
ML020064a,1.2343883034456
ML02007a,0.423936459377579
ML020113a,1.74097672675795
ML02036a,0.156962733676154
ML020712a,0.549127282466354
ML02072a,0.419725378273581
ML02096a,0.277836955463166
ML021113a,0.603069608433828
ML021123a,0.415478601838093
ML021128a,0.382248474041642
ML02112a,0.259295901857071
ML021132a,0.267414046402458
ML021133a,0.935242733247982
ML02115a,0.171382008849386
ML02143a,0.439596566016603
ML02153a,0.257788621031925
ML021612a,0.911188508742832
ML02165a,0.197224585921426
ML02169a,0.549127282466354
ML02199a,0.165315949901317
ML022011a,1.67134268806204
ML022012a,1.89087929188553
ML022014a,0.508417018437052
ML02204a,0.00469206291633253
ML02205a,0.147491401642275
ML02209a,0.171005040980434
ML02211a,0.349659544134994
ML02212a,0.850377083019968
ML02215a,0.422684787372619
ML02217a,0.558664343352053
ML022312a,0.306235665313634
ML022315a,0.693075326260821
ML02231a,0.495036417138035
ML022411a,0.703980420175334
ML022412a,0.708631489859026
ML022413a,0.449566581653796
ML022416a,0.38032429980266
ML022420a,0.302847925654786
ML022422a,0.549127282466354
ML02244a,0.44971160957405
ML02246a,0.377930134517222
ML02248a,0.0816513474118065
ML02249a,0.349659544134994
ML02252a,0.0264132327830283
ML02275a,0.458073547591574
ML023017a,0.549127282466354
ML023112a,0.263701001112597
ML02318a,0.136486709871803
ML02337a,0.481034730165924
ML02381a,0.103478911356376
ML02382a,0.549127282466354
ML024112a,0.532669003080426
ML02421a,0.899517276554638
ML02422a,0.515126447546142
ML02442a,0.253322499866125
ML02447a,1.20034890374392
ML02448a,0.549127282466354
ML024510a,0.549127282466354
ML02457a,0.451191335313818
ML02481a,0.350473596028101
ML02482a,0.448438797075912
ML02494a,0.410056025769186
ML02495a,0.219497225954062
ML025012a,0.991028420456593
ML025026a,0.495036417138035
ML025211a,1.57884185322988
ML02526a,0.103773834439456
ML02528a,0.236473622729264
ML02541a,1.00436549993285
ML02545a,0.153948238484595
ML02548a,0.128247449315769
ML02592a,0.136486709871803
ML02596a,0.269202842629417
ML02601a,1.01322745417019
ML02621a,0.448392756194097
ML02636a,0.863075680615055
ML02638a,0.796492777651912
ML026511a,0.0112211882945282
ML026516a,0.549127282466354
ML026519a,0.549127282466354
ML02663a,1.04467150208293
ML02672a,0.426963459855764
ML02676a,0.763327700170527
ML027311a,0.210546462836014
ML02736a,1.27355963903226
ML02744a,0.0176247833292578
ML02756a,0.32261336076855
ML02762a,0.464219167199934
ML02763a,0.458972658513506
ML02806a,0.419725378273581
ML02808a,0.253126134522777
ML02823a,0.723442992528002
ML02824a,0.108828646082609
ML02874a,0.181520520537535
ML02875a,0.214137828789384
ML02914a,1.11453825327732
ML02918a,0.32261336076855
ML02941a,0.704020338536962
ML029515a,1.23443939235927
ML02955a,0.950300518719487
ML02962a,0.459220301132065
ML02968a,0.902656129681498
ML029712a,0.549127282466354
ML029910a,0.549127282466354
ML029914a,0.390395286788087
ML02994a,0.326070772705988
ML02998a,0.549127282466354
ML030010a,0.0328376966986664
ML03002a,0.32261336076855
ML03003a,0.457854239442995
ML03006a,1.16672681713015
ML030210a,1.3649396094183
ML030212a,0.471653452732599
ML030214a,0.476894003519247
ML030215a,0.549127282466354
ML030219a,0.38749979147707
ML03021a,0.356239094238969
ML030223a,0.349659544134994
ML030224a,0.539325375209646
ML030228a,0.20128706601678
ML03022a,0.194005456602106
ML030231a,0.549127282466354
ML030234a,2.06018598920975
ML030235a,0.503995019109117
ML030241a,0.549127282466354
ML030242a,0.549127282466354
ML03026a,0.448666107957114
ML03028a,0.0745871316085503
ML03029a,0.481034730165924
ML03034a,0.779401472727811
ML030412a,0.999343712099019
ML030415a,0.39992130552322
ML030518a,0.549127282466354
ML030519a,0.707247626062752
ML030523a,0.487602114531022
ML03054a,0.926285832117359
ML03058a,0.85877483347697
ML030913a,0.265127003455855
ML030915a,0.731886943163885
ML030917a,0.224504417933646
ML030922a,0.333824850467921
ML03101a,0.739947041743582
ML03104a,0.410056025769186
ML03124a,0.515917781915128
ML03129a,0.481034730165924
ML03132a,0.477740059188618
ML031710a,0.960576470948616
ML031717a,0.549127282466354
ML031718a,0.534697977628029
ML031719a,0.685179448337224
ML03172a,0.349659544134994
ML03176a,0.40987988729957
ML03184a,0.508417018437052
ML03191a,0.079073952341748
ML032110a,0.461725541001301
ML03213a,0.498615076204407
ML03214a,0.549127282466354
ML03216a,1.80091819471142
ML032214a,0.103773834439456
ML032216a,0.637210622755791
ML03221a,0.481034730165924
ML032220a,0.459882130877193
ML03222a,0.375316798270826
ML03223a,0.852567663043163
ML03229a,0.877013968793576
ML032314a,0.291194204569447
ML032317a,0.827900381880009
ML032320a,0.280280550419516
ML032324a,0.549127282466354
ML032328a,0.357692157566425
ML032329a,0.549127282466354
ML032331a,0.338773805490448
ML03236a,0.507122737010084
ML03237a,0.950300518719487
ML032413a,0.798678442174621
ML03243a,0.327703553451197
ML032511a,0.455212055359154
ML032512a,0.492139378759727
ML032518a,0.67205824213966
ML032523a,0.422684787372619
ML03258a,0.643801988187911
ML03276a,0.821885179142986
ML03277a,0.458030725189819
ML03281a,0.549127282466354
ML03291a,0.977585791959546
ML033114a,0.079360183982752
ML033117a,0.971307515687246
ML033210a,0.549127282466354
ML033213a,0.191949336200216
ML033214a,0.80867146838386
ML033217a,0.767654685386569
ML033218a,1.40233019939625
ML033234a,1.45881612125795
ML033239a,0.280545149482646
ML03325a,0.549127282466354
ML03327a,0.507122737010084
ML03328a,0.549127282466354
ML033410a,0.549127282466354
ML033413a,0.824050043147025
ML03346a,0.320679066611635
ML03353a,0.450436590163842
ML033618a,0.659746115335442
ML033620a,0.762994222623253
ML033622a,0.58653972559951
ML033624a,0.237677879357202
ML033625a,0.46986538414118
ML03392a,0.30586708522606
ML03394a,0.0162382890490878
ML03399a,0.800206254315311
ML034317a,0.896209653391169
ML034318a,0.549127282466354
ML034330a,0.263586451494635
ML034332a,1.05660589572147
ML034334a,0.489275876253132
ML034336a,0.975397189534454
ML034337a,0.346342175877352
ML03433a,0.650374123717431
ML03444a,1.16507713080974
ML03447a,0.19644428894502
ML03453a,2.20214065555084
ML034624a,0.594320214465698
ML034626a,0.427048948615111
ML034641a,0.462134423553048
ML034649b,0.549127282466354
ML034656a,0.729100063074065
ML034659a,0.459882130877193
ML034663a,0.549127282466354
ML034664a,1.22672869218823
ML034665a,0.498615076204407
ML034668a,0.424585348333719
ML034670a,0.764575797472403
ML03475a,0.290062558182932
ML035011a,0.700424404503192
ML03505a,0.00211049121714709
ML03508a,1.60936519742091
ML03526a,0.549127282466354
ML035312a,0.116969137327697
ML035313a,0.935647586579792
ML03539a,0.36547644676444
ML03545a,0.298291717822917
ML03582a,0.485747286906556
ML03587a,0.498615076204407
ML035911a,0.276299000525218
ML035915a,0.357206355116178
ML035922a,0.421186511269965
ML03599a,0.492599837865898
ML03615a,0.549127282466354
ML03616a,0.549127282466354
ML03618a,0.549127282466354
ML03631a,0.478809570938682
ML03634a,0.646238659917501
ML03652a,0.549127282466354
ML03655a,0.497163873087708
ML03657a,0.549127282466354
ML03658a,0.796492777651912
ML03659a,0.549127282466354
ML03663a,0.92760678538745
ML03664a,0.529487849588924
ML03674a,0.446789110755507
ML03682a,0.692416702366198
ML037014a,0.495036417138035
ML03711a,0.321891916242584
ML03782a,1.16990037208266
ML03786a,0.397902341916252
ML03787a,0.691909968479401
ML038010a,0.253322499866125
ML038033a,0.372401592425134
ML038035a,0.347403847475791
ML03805a,0.314669255626285
ML03811a,0.0959847976838749
ML03813a,0.246670469920234
ML03831a,1.16755971260433
ML03835a,0.596427050994963
ML03837a,0.427048948615111
ML038710a,0.478982973220178
ML03872a,0.0664191303460824
ML03873a,0.0268820036997035
ML038826a,0.217359566525555
ML038827a,0.549127282466354
ML03883a,0.515917781915128
ML03885a,0.515917781915128
ML03893a,0.696643687430219
ML039711a,0.690230532404081
ML039722a,0.353831031229524
ML039724a,0.449566581653796
ML039727a,0.503105817458939
ML03977a,0.8478624307697
ML03993a,0.524768257402404
ML040010a,0.840769802269737
ML040012a,0.549127282466354
ML040030a,0.529487849588924
ML040412a,0.575483850419956
ML040414a,0.950300518719487
ML040420a,0.119442398836042
ML04048a,0.826723724449823
ML040519a,0.80595200832782
ML040522a,0.549127282466354
ML040525a,0.518104217173006
ML04056a,0.337062819358024
ML04062a,0.478306192434135
ML040714a,0.950300518719487
ML040716a,0.549127282466354
ML040717a,0.549127282466354
ML040722a,0.549127282466354
ML040734a,0.423936459377579
ML04074a,0.478982973220178
ML04077a,0.511417109870755
ML04122a,0.411670759478375
ML04125a,0.31034928129932
ML04142a,0.0942355996207769
ML04143a,0.326944745602625
ML04202a,0.666897953464758
ML04204a,0.134162145944217
ML04208a,0.00777659411518787
ML042115a,0.439596566016603
ML042116a,0.478982973220178
ML04216a,0.643630753057118
ML04219a,0.478982973220178
ML042711a,0.950300518719487
ML042719a,0.0295743125732229
ML04275a,0.626702443442372
ML04286a,0.0906011159062863
ML04287a,0.541307532544645
ML043311a,0.242446288491421
ML043315a,0.431080007075294
ML043316a,0.46859975765503
ML043317a,1.04599157350543
ML04337a,0.536184036713314
ML04344a,0.548015146492005
ML04345a,0.481034730165924
ML043512a,0.447127724627776
ML043515a,0.0169567528414649
ML043519a,0.549127282466354
ML04353a,0.796492777651912
ML04359a,0.549127282466354
ML04382a,0.908295973263218
ML04387a,0.501652114570137
ML044118a,0.423936459377579
ML044125a,0.312548050410451
ML044128a,0.549127282466354
ML044130a,0.357206355116178
ML044613a,0.822061854493693
ML04462a,0.207063378007135
ML04463a,0.549127282466354
ML04468a,0.189100517777203
ML044911a,0.549127282466354
ML04492a,0.446789110755507
ML045210a,0.0816513474118065
ML045221a,0.451191335313818
ML045224a,0.224504417933646
ML045235a,1.01847639028115
ML045236a,0.549127282466354
ML045237a,0.924602800434921
ML045241a,0.446464006430006
ML045242a,0.958930488684216
ML045248a,1.12864333702899
ML04526a,0.549127282466354
ML04527a,0.0788923740502516
ML04528a,0.549127282466354
ML04531a,0.267192928414159
ML04612a,0.157867589327558
ML04615a,0.426963459855764
ML046318a,0.484195031864929
ML046319a,0.63369715489628
ML046320a,0.198137381555356
ML046327a,0.338773805490448
ML046425a,0.525256742476658
ML046426a,0.796492777651912
ML046429a,0.474439033319359
ML04646a,0.520707642182873
ML04647a,0.236037386502657
ML04648a,0.259295901857071
ML04649a,1.26283558285383
ML046510a,0.549127282466354
ML046513a,0.330959621392611
ML046517a,0.822359747523099
ML046520a,0.423936459377579
ML04654a,0.549127282466354
ML046713a,0.190290907531228
ML046715a,0.950300518719487
ML04673a,0.240642468629979
ML04675a,1.11275199571084
ML047111a,0.471653452732599
ML04713a,0.518104217173006
ML04718a,0.87966207763651
ML047310a,0.402757670222012
ML047312a,0.712952115742487
ML047314a,0.402757670222012
ML047317a,0.289431308005801
ML04734a,0.36941836866782
ML04738a,0.564472605381516
ML04766a,0.476894003519247
ML047911a,0.74785419299306
ML047912a,0.979513347376576
ML047914a,0.492673640729691
ML04791a,0.508417018437052
ML047920a,0.549127282466354
ML047926a,0.185366489346376
ML047927a,0.374609342844171
ML04792a,0.326944745602625
ML04793a,0.138152138956512
ML047948a,0.377360599186135
ML04796a,0.279496958377088
ML048111a,1.29032645368485
ML048112a,0.935242733247982
ML048118a,1.09014005948833
ML048119a,0.875612269572492
ML048120a,0.417360427154194
ML048128a,0.427048948615111
ML04816a,0.117103063458432
ML04817a,0.397505205921487
ML04829a,0.755250571966072
ML04841a,0.132089062965731
ML048613a,0.893012992086772
ML048618a,0.549127282466354
ML048621a,0.549127282466354
ML04869a,0.440671506526835
ML04881a,0.504957679891999
ML049010a,1.2243379997741
ML049012a,0.777279226650494
ML049016a,0.391320806623235
ML049017a,0.403927783274496
ML049018a,0.549127282466354
ML049024a,0.100645356218485
ML049025a,0.0985061917187852
ML049026a,0.371852039434096
ML04902a,0.709446503544302
ML04904a,0.31332030993262
ML04906a,0.966391970337672
ML04907a,1.30006806786658
ML049313a,0.450436590163842
ML049316a,0.478982973220178
ML04931a,0.327703553451197
ML04933a,0.7415324483011
ML049616a,0.871166483379316
ML049618a,0.734921824109897
ML04961a,0.504957679891999
ML049620a,0.720888217430284
ML049621a,0.867847227028802
ML049622a,0.903654509400613
ML049714a,0.796492777651912
ML049717a,0.576315372113808
ML049718a,0.856213123555783
ML05002a,0.468577068636993
ML05003a,0.964381425540729
ML05004a,0.744625037887748
ML05021a,0.251543416009137
ML05062a,0.34619187647632
ML050711a,0.902943872340515
ML050712a,0.465988440783423
ML05072a,0.325981333557401
ML050811a,0.549127282466354
ML050814a,0.351887505799668
ML050818a,0.549127282466354
ML050828a,0.34619187647632
ML050916a,0.549127282466354
ML051212a,0.026459855782964
ML051213a,0.930760227607186
ML051214a,0.238643455268816
ML051312a,0.549127282466354
ML051316a,0.0816513474118065
ML051327a,0.935242733247982
ML05132a,0.862806450109316
ML051331a,1.14127485336302
ML05133a,0.549127282466354
ML05137a,0.154803382967375
ML051417a,0.476894003519247
ML05144a,1.53679899451361
ML05149a,0.258030169818603
ML051721a,0.261973641872183
ML05173a,0.423936459377579
ML051910a,0.219101877320894
ML051911a,0.0317290959028681
ML051912a,0.0557246131017703
ML05208a,0.280697471095801
ML05211a,0.421186511269965
ML052314a,0.333824850467921
ML052316a,0.439596566016603
ML052318a,0.497019951515019
ML05233a,0.12359502114927
ML05234a,0.436371852869753
ML05239a,0.549127282466354
ML05253a,1.46400009886155
ML05263a,0.483961833898159
ML05292a,0.659309982714823
ML053010a,0.228124520075415
ML053012a,0.659036254663933
ML05301a,0.215524161267136
ML05306a,0.492599837865898
ML05323a,0.394598785682342
ML05347a,0.549127282466354
ML053614a,0.735190190197427
ML053620a,0.280545149482646
ML053623a,0.465988440783423
ML053626a,0.549127282466354
ML05365a,0.422684787372619
ML05368a,0.950300518719487
ML05383a,1.11732103811641
ML05402a,0.549127282466354
ML05422a,0.998985491150038
ML054411a,0.421186511269965
ML054422a,0.440671506526835
ML05444a,0.559040825580692
ML05445a,0.422771482368372
ML05446a,0.312873507061832
ML05447a,0.415237732224201
ML05448a,0.549127282466354
ML05472a,0.625353739185119
ML05473a,0.783773551138347
ML05485a,0.549127282466354
ML05486a,0.394463975656607
ML054911a,0.284468556977195
ML05491a,0.822359747523099
ML05493a,1.1131024316137
ML05494a,0.620405247503909
ML05498a,0.218331799798887
ML055011a,0.438144515133785
ML05503a,0.549127282466354
ML05505a,0.420008975831336
ML055112a,1.03413649692018
ML05516a,0.353494999104671
ML05551a,0.0734429390234466
ML055912a,0.258027732139587
ML05596a,0.288145248418757
ML05597a,0.549127282466354
ML05599a,0.461633213856182
ML05602a,0.421186511269965
ML056515a,0.549127282466354
ML05654a,0.549127282466354
ML05655a,0.681581675170401
ML05657a,0.258030169818603
ML056710a,0.700424404503192
ML056911a,0.371852039434096
ML056916a,0.608450421267097
ML056926a,0.255677104239782
ML056927a,0.18644282011119
ML056938a,0.299251168250058
ML056941a,0.726348468405736
ML056951a,0.676191278315382
ML056952a,0.440277581004813
ML056954a,0.192064496060005
ML056957a,0.177194015136329
ML056958a,1.52899666923439
ML056965a,0.486949351739107
ML056970a,1.2445066758886
ML056971a,0.549127282466354
ML05732a,0.713353935968982
ML05737a,0.212214464814965
ML05739a,0.140450529596165
ML05765a,0.415478601838093
ML05767a,0.742401912323593
ML05771a,0.851609826416975
ML05772a,0.549127282466354
ML05774a,0.30586708522606
ML05775a,0.549127282466354
ML057912a,0.471556295127678
ML057913a,0.515126447546142
ML05793a,0.843639130360598
ML05795a,0.370930011520012
ML05803a,0.38526148776782
ML05804a,0.346342175877352
ML05824a,0.796492777651912
ML058510a,0.482957822663044
ML058516a,0.307458253605893
ML05851a,0.205655140285797
ML05858a,0.491839755833638
ML05863a,0.507626995284218
ML059014a,0.893012992086772
ML05902a,0.327926826820931
ML05926a,0.281977692030236
ML05951a,0.299251168250058
ML05962a,0.503995019109117
ML05964a,0.421186511269965
ML05965a,0.357206355116178
ML05967a,1.23289482666615
ML059711a,0.549127282466354
ML05977a,0.643801988187911
ML059811a,0.154803382967375
ML059815a,0.396753900336562
ML059818a,0.357206355116178
ML059819a,0.259391833906788
ML05986a,0.201324641047057
ML06032a,0.350893885323282
ML06034a,0.196775908901381
ML06055a,0.330959621392611
ML061512a,0.932390208773792
ML061514a,0.549127282466354
ML061518a,0.422876806893891
ML06154a,0.423936459377579
ML061713a,0.23355354504023
ML061714a,0.84507421940779
ML06177a,0.11473021656134
ML06179a,0.471653452732599
ML06191a,0.549127282466354
ML06192a,0.861249896145034
ML062217a,0.449566581653796
ML062219a,0.51814237358083
ML062222a,0.498053205777509
ML062227a,0.446464006430006
ML06222a,0.549127282466354
ML062230a,0.542304929301509
ML062233a,0.307458253605893
ML062239a,0.448438797075912
ML062240a,0.654495736119258
ML06262a,0.29811243734721
ML06272a,0.401892525985388
ML063310a,0.221193828238183
ML063316a,0.356425065874915
ML063323a,0.549127282466354
ML063327a,0.368838964039665
ML063335a,0.695804292261471
ML063336a,0.0374500811366625
ML063338a,0.913164501153677
ML06333a,0.654016990789127
ML06334a,0.34619187647632
ML06335a,0.290267970067876
ML06336a,0.329885255111568
ML06337a,0.23965924431117
ML06339a,0.374609342844171
ML06361a,0.210782281094934
ML06364a,0.268525929088889
ML06367a,1.02863730135356
ML063912a,0.440671506526835
ML063914a,0.478982973220178
ML06393a,0.549127282466354
ML06408a,0.337062819358024
ML06409a,0.917091018168262
ML06417a,0.19753103677996
ML06419a,0.549127282466354
ML064510a,1.18427646083766
ML06452a,0.950300518719487
ML06458a,0.80510101952763
ML064913a,0.492673640729691
ML06491a,0.481804949597698
ML06492a,0.459856859314848
ML064933a,0.907655771017979
ML064934a,0.481567062077642
ML064935a,0.419113412824264
ML064936a,0.620833178833375
ML064937a,0.448433438555282
ML064940a,0.705396220375377
ML064949a,0.362028830241172
ML064951a,0.357077423459771
ML064954a,0.382600314885213
ML064957a,0.549127282466354
ML064958a,0.549127282466354
ML06495a,0.867161677036557
ML06498a,0.569320058235738
ML06514a,0.487602114531022
ML065312a,0.0802877465054328
ML065320a,0.0419640230372955
ML065325a,0.442525985241876
ML06532a,0.549127282466354
ML06555a,0.950300518719487
ML065716a,0.515917781915128
ML065726a,0.613387701068099
ML065727a,0.549127282466354
ML065728a,0.110762176511639
ML065734a,0.363402561219269
ML065736a,0.604323618601048
ML065737a,0.0985276185939372
ML065741a,0.875612269572492
ML065743a,0.263200706900542
ML065748a,0.103478911356376
ML06574a,0.439596566016603
ML065752a,0.326383482028689
ML065753a,0.133775929139454
ML06581a,0.549127282466354
ML06635a,0.27223572068502
ML066514a,0.353278189812109
ML066515a,0.30586708522606
ML066518a,0.549127282466354
ML066519a,0.402757670222012
ML06701a,0.417996153843233
ML06702a,0.422876806893891
ML06703a,0.391304763825118
ML06704a,1.62493975146884
ML06705a,0.276212283976684
ML06708a,0.15016132193369
ML067111a,0.644870701107046
ML06714a,0.0263370178335111
ML06735a,0.387375125328086
ML06742a,0.825109695630713
ML068111a,0.45031387753731
ML068114a,0.903250425713432
ML068121a,0.460524407012562
ML068126a,0.459856859314848
ML068129a,0.465968448745523
ML068130a,1.0204722165174
ML068133a,0.549127282466354
ML068138a,0.950300518719487
ML06814a,0.549127282466354
ML06815a,0.371852039434096
ML068319a,0.241666668130761
ML06834a,0.0455400807943997
ML06902a,0.0651825552248922
ML06905a,0.465988440783423
ML06908a,0.507122737010084
ML069112a,0.549127282466354
ML069119a,0.729580971078065
ML069124a,0.704020338536962
ML069126a,1.12041349462109
ML06913a,0.372097324006443
ML06919a,0.0927507885609465
ML06933a,0.477740059188618
ML06934a,0.498615076204407
ML06971a,0.374609342844171
ML06974a,0.677104200151891
ML07012a,1.26933141292322
ML070212a,0.487602114531022
ML07021a,0.668552006455523
ML070222a,0.599505004920147
ML070223a,1.11200251164118
ML07023a,0.154803382967375
ML070245a,0.478982973220178
ML070246a,0.34619187647632
ML070251a,0.336411304184117
ML070253a,0.457522238302675
ML070254a,0.803065762238522
ML070260a,0.0317991345925385
ML070261a,0.331792184666092
ML070266a,0.239386628894444
ML070268a,0.311537348506563
ML070811a,0.46282430949071
ML070813a,0.430938347830995
ML070815a,0.275935342499173
ML070821a,0.421186511269965
ML070823a,0.495036417138035
ML070827a,0.549127282466354
ML070831a,0.823858023625752
ML070832a,0.0886102018455056
ML07083a,0.549127282466354
ML07089a,0.385239888126922
ML071115a,0.518104217173006
ML071132a,0.449566581653796
ML071133a,1.05875909810351
ML071136a,0.44971160957405
ML071142a,0.549127282466354
ML07114a,0.337062819358024
ML071151a,0.828322616399686
ML071156a,0.549127282466354
ML071161a,0.549127282466354
ML071163a,0.357077423459771
ML071164a,0.529487849588924
ML071166a,0.960916771989014
ML07118a,0.84763724268314
ML071314a,0.31034928129932
ML071317a,0.40692647246685
ML071321a,0.619606979236004
ML07136a,0.549127282466354
ML071413a,0.258027732139587
ML07144a,0.429242904349781
ML07145a,0.442465894107464
ML07146a,0.591464143784361
ML07149a,0.188783479589521
ML07214a,3.02801925016516
ML07216a,0.881030272625258
ML07217a,0.37859879370953
ML07245a,0.142958305844153
ML07265a,0.100436698053561
ML072818a,0.549127282466354
ML07281a,0.683052941599864
ML073011a,1.7220461786477
ML073012a,0.421186511269965
ML073013a,0.0209393791653518
ML073019a,0.507626995284218
ML07301a,0.507626995284218
ML073020a,0.307541988122139
ML073029a,0.807956493229704
ML073030a,1.96763195201081
ML073043a,0.533262299218864
ML07304a,0.340702802344406
ML07306a,0.284839421017455
ML07309a,0.476894003519247
ML07312a,0.796492777651912
ML07314a,0.549127282466354
ML073211a,0.193258852817111
ML073212a,0.0301518325743533
ML073214a,0.446789110755507
ML073215a,0.510015272489698
ML073219a,0.30586708522606
ML073223a,0.549127282466354
ML073224a,0.337062819358024
ML073238a,0.119749329914588
ML073241a,0.689757907986293
ML073244a,0.549127282466354
ML073245a,0.349659544134994
ML073252a,0.329885255111568
ML073254a,0.31034928129932
ML073256a,0.263200706900542
ML073259a,0.229137485450643
ML073266a,0.0443108993955554
ML07333a,0.846754742978674
ML07361a,1.13950132695734
ML073710a,0.303539962673248
ML073717a,0.458030725189819
ML07397a,0.31556124092539
ML074226a,0.411670759478375
ML074227a,0.193258852817111
ML074230a,0.578775330301378
ML074231a,0.280408438917267
ML074233a,0.0690258210515215
ML074251a,0.507122737010084
ML07427a,0.526766730869649
ML07431a,0.773799044319875
ML07442a,0.668811220888999
ML07445a,0.878913295441752
ML07448a,0.549127282466354
ML07453a,0.650560186852336
ML07455a,0.0263370178335111
ML07463a,0.671809712648504
ML07464a,1.02244752208001
ML07465a,0.2819464016824
ML074814a,0.899788312457541
ML07484a,0.391320806623235
ML07495a,0.515917781915128
ML075211a,0.794525049036034
ML07526a,0.209432419576546
ML075510a,0.28187970534673
ML07556a,0.422771482368372
ML07557a,0.20128706601678
ML07573a,1.02574627366013
ML07581a,0.687250716131749
ML076013a,0.140134296291512
ML076015a,0.424585348333719
ML076018a,0.391103579739965
ML076019a,0.209548608283869
ML076024a,0.250845166115497
ML076025a,0.210546462836014
ML076029a,0.978506917513911
ML076034a,0.284468556977195
ML076314a,0.296017712982948
ML076316a,0.436665522564259
ML076319a,0.824050043147025
ML07634a,0.708715224375273
ML07635a,0.549127282466354
ML07638a,0.371852039434096
ML076913a,0.428166842937373
ML07694a,0.950300518719487
ML07699a,0.207063378007135
ML07712a,0.444544473293842
ML077216a,0.549127282466354
ML077223a,0.352996775659773
ML077224a,1.3024863820083
ML07722a,1.11525087610962
ML07723a,0.174921018205424
ML07727a,0.160679901502225
ML07729a,0.135010800460181
ML07743a,1.03370192666256
ML07753a,0.352257811459239
ML077613a,0.136486709871803
ML077614a,0.754488232195642
ML077618a,0.421213306903106
ML077623a,0.663113910540441
ML077629a,0.549127282466354
ML077639a,0.407498232130726
ML07763a,0.488918224227702
ML077641a,0.851609826416975
ML077645a,0.549127282466354
ML07767a,0.569320058235738
ML07769a,0.531570539118421
ML078012a,0.294939434115951
ML07803a,0.375316798270826
ML07806a,1.14366721336993
ML07847a,0.529487849588924
ML07861a,0.620552058038348
ML07862a,0.302847102283828
ML07863a,0.950300518719487
ML078812a,1.05120470477188
ML07885a,0.917664645256041
ML07886a,0.444544473293842
ML078924a,0.820281553997667
ML078925a,0.549127282466354
ML078929a,1.14533696866935
ML078933a,1.23939860633763
ML078939a,0.726238078486528
ML078943a,0.294939434115951
ML07895a,0.357206355116178
ML079714a,0.145135274684964
ML079719a,0.338773805490448
ML07971a,0.305926093239316
ML079731a,0.301932223506782
ML079732a,0.0888014526737426
ML079733a,0.2853775129349
ML079813a,0.280280550419516
ML079814a,0.240642468629979
ML079816a,0.401389507147386
ML07986a,0.537374461712446
ML07988a,0.450436590163842
ML07989a,0.210546462836014
ML07992a,0.483279899934078
ML07993a,0.217359566525555
ML08034a,0.238466853245502
ML08042a,0.0972397900386369
ML08053a,1.2596317545356
ML08055a,0.944952103534666
ML080910a,0.341449537740233
ML080921a,0.455212055359154
ML08094a,0.422684787372619
ML08095a,0.124956563665295
ML08103a,0.304163515184842
ML08108a,0.707040321479194
ML08135a,0.549127282466354
ML08182a,0.264177242109822
ML082010a,0.549127282466354
ML08203a,0.272742608584042
ML08206a,0.438087089597622
ML082115a,1.06098931588742
ML08217a,0.497163873087708
ML08218a,0.868091117304014
ML082310a,0.377360599186135
ML082312a,0.299305895009292
ML082315a,0.76690591737733
ML082319a,0.803646945852323
ML08234a,0.0409271483888587
ML08235a,0.446481217063528
ML08236a,0.320679066611635
ML082612a,0.422684787372619
ML08262a,0.48504337454276
ML08273a,0.371852039434096
ML083014a,0.464219167199934
ML083024a,0.766649683017573
ML08302a,0.103335710489803
ML083031a,0.724259498704805
ML083033a,0.498615076204407
ML08304a,0.312669981962874
ML08309a,0.908295973263218
ML08363a,0.886828259436678
ML083710a,0.446464006430006
ML083714a,0.549127282466354
ML083718a,0.201324641047057
ML08371a,0.429442609557304
ML083721a,0.39425822575838
ML08375a,0.549127282466354
ML08383a,0.375316798270826
ML08388a,0.549127282466354
ML08389a,0.330413962615186
ML084215a,0.248857743372434
ML084216a,0.333824850467921
ML084218a,0.515126447546142
ML08428a,0.466355791478026
ML084413a,0.400100906324183
ML084415a,0.391320806623235
ML084424a,0.819044348837222
ML084427a,0.549127282466354
ML084428a,0.549127282466354
ML084429a,0.0264837473444525
ML084436a,0.310537192486431
ML08443a,0.549127282466354
ML08444a,0.639274804613768
ML084813a,0.549127282466354
ML085013a,0.549127282466354
ML085024a,0.444544473293842
ML085031a,0.325981333557401
ML085032a,0.450436590163842
ML085034a,0.347403847475791
ML08508a,0.549127282466354
ML08522a,0.210048008910434
ML08541a,0.436665030289142
ML08543a,0.914793110052994
ML08545a,0.623850073480916
ML08546a,0.211313639827903
ML085714a,0.921880878436006
ML085721a,0.51814237358083
ML085725a,1.07143393442282
ML085730b,1.51066733529449
ML085731a,0.436371852869753
ML085732b,0.383384674027383
ML085733a,0.950764191545695
ML085734b,0.879479428687269
ML085735a,1.40247745672072
ML085739a,0.487556328924339
ML085741b,0.498086499157204
ML08574a,0.307458253605893
ML08575a,0.210546462836014
ML085911a,0.370930011520012
ML08605a,0.330959621392611
ML086411a,0.349184745836607
ML086415a,0.223684341172753
ML086416a,0.310724541386822
ML086417a,0.184861681968743
ML08641a,0.458030725189819
ML086425a,0.340702802344406
ML086426a,0.294939434115951
ML086428a,0.446464006430006
ML086437a,0.413077757196459
ML08645a,0.533182743211127
ML08649a,0.21843374298287
ML086616a,0.183600359245436
ML086621a,0.52806296628136
ML086623a,0.327926826820931
ML086625a,0.0846296910987589
ML086626a,0.252843754535993
ML086628a,0.236037386502657
ML08666a,0.549127282466354
ML087115a,0.549127282466354
ML08713a,0.498615076204407
ML08716b,0.662810450411282
ML08719a,0.357077423459771
ML087210a,0.487556328924339
ML08726a,0.349659544134994
ML088211a,0.507122737010084
ML08822a,0.9418296502675
ML08825a,0.549127282466354
ML08826a,0.442465894107464
ML08832a,0.442525985241876
ML08833a,0.458030725189819
ML08834a,0.856756858701749
ML08836a,0.549127282466354
ML089214a,0.0802877465054328
ML08921a,0.386166511690345
ML08923a,0.421186511269965
ML08924a,0.370930011520012
ML089415a,0.442525985241876
ML08941a,0.84314436314055
ML08946a,0.423936459377579
ML08971a,0.549127282466354
ML089720a,0.668578802088664
ML08974a,0.869708284350227
ML08981a,0.135010800460181
ML090111a,0.41511089015923
ML090115a,0.419725378273581
ML090116a,0.421213306903106
ML090119a,0.410056025769186
ML090126a,0.837548996270296
ML09013a,0.865967765103836
ML090210a,0.229654587288483
ML090213a,0.242628751934777
ML090214a,0.204728324629126
ML090219a,0.1728265268536
ML09021a,0.325541565651459
ML09051a,0.19271204202285
ML090610a,1.09014005948833
ML09061a,1.14366721336993
ML090810a,0.235668367948377
ML090814a,0.881535739114569
ML09101a,0.476894003519247
ML09109a,0.472916661630703
ML091213a,0.549127282466354
ML091219a,0.238718035179819
ML091222a,0.549127282466354
ML091226a,0.822386543156239
ML091227a,0.268453390168239
ML09122a,0.24561179969509
ML091716a,0.549127282466354
ML09171a,0.436538749788285
ML09179a,0.910497597497347
ML09221a,0.0972397900386369
ML09222a,0.58653972559951
ML09255a,0.307541988122139
ML09257a,0.223059091609951
ML09258a,0.304235366506448
ML092613a,0.549127282466354
ML092617a,1.10445453174458
ML093013a,0.217359566525555
ML093015a,0.642337774325097
ML093016a,0.419631059287176
ML093029a,0.816651838091227
ML093031a,0.549127282466354
ML093034a,0.950300518719487
ML093044a,0.111162224542392
ML093048a,0.4908417094286
ML09307a,0.446789110755507
ML09309a,0.439555843337366
ML093512a,0.363402561219269
ML093515a,0.586954718992013
ML093516a,0.330959621392611
ML093518a,0.884453136187212
ML09422a,0.383384209811527
ML094312a,0.382248474041642
ML094313a,0.474439033319359
ML094322a,0.210546462836014
ML094323a,1.63293582657772
ML094324a,0.950300518719487
ML094325a,0.471556295127678
ML094326a,0.459856859314848
ML094335a,0.372415941823094
ML09433a,0.228416515431124
ML09439a,0.486949351739107
ML095313a,0.593885278275984
ML095316a,0.132089062965731
ML095318a,0.549127282466354
ML095326a,0.615311065042518
ML095327a,0.350893885323282
ML09538a,0.347179155311476
ML09543a,0.486949351739107
ML095516a,0.259356696414907
ML09555a,0.542304929301509
ML09631a,0.497163873087708
ML09663a,0.111938717015392
ML096813a,0.536184036713314
ML09681a,0.435426528394468
ML096825a,0.206567536102974
ML096827a,0.796492777651912
ML096911a,0.671731534832369
ML09691a,0.85877483347697
ML096926a,0.549127282466354
ML096927a,0.549127282466354
ML096928a,1.06261917429211
ML09692a,0.437282777378531
ML09698a,0.950300518719487
ML09738a,0.724259498704805
ML097515a,0.723786597021684
ML097517a,0.753431047712372
ML097520a,0.474439033319359
ML097522a,0.682774180572384
ML097524a,0.573806359100098
ML09758a,0.424585348333719
ML09772a,0.549127282466354
ML09831a,0.498615076204407
ML09832a,0.188783479589521
ML09834a,0.896209653391169
ML09835a,0.210546462836014
ML09836a,0.501609934306695
ML09837a,0.150031390420784
ML09844a,0.664392183516975
ML09845a,0.492827758014423
ML098615a,0.477769053440229
ML09922a,0.449350842842589
ML099811a,0.549127282466354
ML09988a,0.549127282466354
ML100011a,0.602497877300191
ML100012a,3.61865877422438
ML101010a,0.986307901137642
ML101014a,0.446464006430006
ML101017a,0.88692052315969
ML101022a,0.424585348333719
ML101025a,0.756725011520723
ML10117a,0.549127282466354
ML10191a,0.633574957560353
ML10213a,0.281306239905027
ML10214a,0.822359747523099
ML102211a,0.0972397900386369
ML102212a,0.117103063458432
ML102213a,0.413139607676537
ML102214a,0.906130916145133
ML102215a,0.78975245678761
ML102222a,0.549127282466354
ML102235a,0.357206355116178
ML102237a,0.236313220534549
ML102246a,1.12760915189012
ML10224a,0.151570485613456
ML102250a,0.100616100449721
ML102257a,0.439596566016603
ML10228a,0.464794528850702
ML102915a,0.397193095661408
ML10295a,0.57335199477944
ML10299a,0.24561179969509
ML10332a,0.549127282466354
ML10373a,0.0943492577774408
ML10376a,0.986741410222476
ML10377a,1.82630608658778
ML10395a,0.549127282466354
ML10421a,0.682774180572384
ML10429a,0.549127282466354
ML104310a,0.501652114570137
ML104318a,0.302847102283828
ML104323a,0.327926826820931
ML104325a,0.407058380664188
ML104328a,0.409321131835879
ML104333a,0.308557448145981
ML104334a,0.653594745698594
ML104335a,1.38849124952641
ML104338a,1.12104569027625
ML10433a,0.65658645136395
ML104343a,1.11732103811641
ML10436a,1.11807978722016
ML10437a,0.549127282466354
ML10438a,0.549127282466354
ML104611a,0.125369079444458
ML104628a,0.343617843044945
ML104636a,0.221411715275893
ML104637a,0.371852039434096
ML10512a,0.735330166437975
ML10515a,1.50784353965502
ML10516a,0.459180424676002
ML105410a,0.491839755833638
ML105413a,0.542835946362644
ML105415a,0.154202887090791
ML105416a,0.473436473498703
ML105417a,0.549127282466354
ML105424a,0.237394216511169
ML105427a,0.354162434807506
ML105429a,0.641815704883113
ML10543a,1.0269899096873
ML10551a,0.497163873087708
ML10557a,0.545092100164288
ML10558a,0.507122737010084
ML10571a,0.212943747408459
ML10611a,0.240882677378852
ML10613a,0.2321291988485
ML10623a,0.422876806893891
ML106625a,0.779434923525529
ML106627a,0.490705924804737
ML106629a,0.807956493229704
ML10662a,0.504957679891999
ML106631a,0.549127282466354
ML10669a,0.549127282466354
ML108011a,0.0295743125732229
ML108014a,0.332916684717639
ML10801a,0.022850097776819
ML10802a,0.351917481369675
ML10803a,0.284314244047898
ML10804a,0.156759158782422
ML10809a,0.419631059287176
ML10841a,0.520707642182873
ML10891a,0.430747548826357
ML10897a,0.428212437387688
ML109014a,0.549127282466354
ML10931a,0.795772021935476
ML10942a,0.168277133764174
ML10951a,0.549127282466354
ML10952a,0.622682293456384
ML10953a,0.549127282466354
ML11032a,0.879270400585345
ML11055a,0.497922610196491
ML11132a,0.18644282011119
ML11134a,0.439279887228015
ML11138a,0.77649003452396
ML111715a,0.281600944319251
ML111717a,0.208423600861308
ML111718a,0.708631489859026
ML111722a,0.298471187812467
ML111723a,0.268453390168239
ML111725a,0.503995019109117
ML111727a,0.178429157285848
ML11191a,0.369958351107587
ML11192a,0.4908417094286
ML11321a,0.00828814885204051
ML113411a,0.497163873087708
ML113417a,0.448433438555282
ML113419a,0.549127282466354
ML113422a,0.288996198083113
ML11344a,0.881968013146143
ML11345a,0.474439033319359
ML11356a,0.549127282466354
ML114615a,0.549127282466354
ML11463a,0.0827885976450253
ML11465a,0.549127282466354
ML11466a,0.631576794507804
ML11467a,0.939100140663857
ML11469a,0.263200706900542
ML11481a,0.549127282466354
ML11501a,0.419725378273581
ML11533a,0.439596566016603
ML11543a,0.188769008145537
ML11546a,0.708715224375273
ML115511a,0.347403847475791
ML115610a,0.5037986997568
ML115612a,0.337062819358024
ML115613a,0.966391970337672
ML115614a,0.696643687430219
ML11564a,0.101929040888759
ML11574a,1.05875909810351
ML115912a,0.47936965126897
ML115914a,0.331792184666092
ML115920a,0.872826688985733
ML11595a,0.549127282466354
ML11598a,0.878067239772381
ML11615a,0.674964291890708
ML11631a,0.537787971817216
ML11634a,0.0668649200055755
ML11638a,1.08941394703882
ML11639a,0.42151758898252
ML11641a,0.304905114252289
ML11646a,0.206088905623501
ML11648a,0.640361592809225
ML11651a,0.437282777378531
ML116812a,0.77649003452396
ML116916a,0.486949351739107
ML116919a,0.363710582797774
ML11691a,0.542307843036966
ML116922a,0.0889540123055813
ML116924a,0.549127282466354
ML11692a,0.486482767762227
ML11694a,0.783773551138347
ML11826a,0.741605977837824
ML11852a,0.549127282466354
ML11855a,0.549127282466354
ML11975a,0.46410637025915
ML12043a,0.765469712358564
ML12044a,0.0123000303732845
ML12046a,0.046649987328393
ML12051a,0.853835832760647
ML120716a,0.687405734829349
ML120717a,0.549127282466354
ML120719a,0.549127282466354
ML120726a,0.639689624041105
ML120732a,0.402757670222012
ML120734a,0.850377083019968
ML120738a,0.549127282466354
ML120742a,1.69745193693915
ML120743a,0.495036417138035
ML120744a,0.754992490469777
ML120747a,0.143918863911154
ML120755a,0.59842102370613
ML12076b,0.477620402738939
ML12077a,0.549127282466354
ML12231a,0.654954596154695
ML12239a,0.402866600583172
ML12311a,0.796492777651912
ML12313a,0.518104217173006
ML12324a,0.537606822526395
ML12328a,0.549127282466354
ML12346a,0.119442398836042
ML12347a,0.474966825837672
ML12348a,0.796492777651912
ML12363a,0.0896684731754663
ML12367a,1.45722553537619
ML12368a,0.549127282466354
ML124211a,0.498086499157204
ML124215a,0.656686627021438
ML124231a,0.796492777651912
ML124232a,0.845717709546976
ML124239a,0.323246071716717
ML124240a,0.327377805690627
ML12428a,0.212214464814965
ML12464a,0.508417018437052
ML124914a,0.766273915287107
ML12493a,0.219232011250776
ML12513a,0.153948238484595
ML12524a,0.950300518719487
ML12528a,0.397505205921487
ML12529a,0.490705924804737
ML12541a,0.900407016129635
ML12583a,0.231404494307499
ML126214a,0.549127282466354
ML12626a,0.100616100449721
ML12631a,0.424585348333719
ML12632a,0.575069048636755
ML127020a,0.549127282466354
ML127024a,0.660565070159921
ML127026a,0.145135274684964
ML12704a,1.34098316718214
ML12706a,0.549127282466354
ML128210a,0.375316798270826
ML128227a,0.419725378273581
ML12826a,0.783773551138347
ML12827a,0.424585348333719
ML12829a,0.194814045864253
ML12841a,0.0393553240242637
ML128426a,1.88713417769164
ML128428a,0.422876806893891
ML12843a,0.835389106954904
ML128449a,0.481034730165924
ML12844a,0.704258289783783
ML128450a,0.436371852869753
ML12848a,0.280697698075802
ML12861a,0.893012992086772
ML12869a,0.538608961298622
ML12882a,0.16662808250411
ML12887a,0.503995019109117
ML129310a,0.349659544134994
ML129316a,0.46691788105088
ML129321a,0.498086499157204
ML12952a,0.859203961442953
ML12953a,0.465988440783423
ML13022a,0.549127282466354
ML13031a,0.849612033329046
ML130410a,0.422876806893891
ML130411a,0.549127282466354
ML13041a,0.675968480115441
ML13046a,1.07379956622643
ML13047a,0.748577083728925
ML13059a,0.0715157960741199
ML13061a,1.36529039001242
ML13063a,0.549127282466354
ML13065a,0.446789110755507
ML13066a,0.549127282466354
ML13091a,0.338773805490448
ML13092a,0.300075253559299
ML13093a,0.203456318279536
ML13099a,0.549127282466354
ML13103a,0.549127282466354
ML131114a,0.803065762238522
ML131115a,0.351611181332438
ML131118a,0.684903110303003
ML13111a,0.00807917367162866
ML131121a,0.549127282466354
ML131122a,0.438692916446449
ML131135a,0.203004755168101
ML131137a,0.26063144969553
ML13114a,0.329439504968245
ML13142a,0.507626995284218
ML13144a,0.768073137368431
ML13145a,0.549127282466354
ML13148a,0.268453390168239
ML13166a,0.0938875682928765
ML13167a,0.549127282466354
ML131710a,0.305592243589207
ML131711a,0.903654509400613
ML131715a,0.32261336076855
ML132014a,0.61950503605202
ML132517a,0.266023472088862
ML132521a,0.950300518719487
ML13372a,0.211961845514618
ML13531a,0.378225225280577
ML135619a,0.504957679891999
ML135625a,0.477740059188618
ML135629a,0.796492777651912
ML13565a,0.61950503605202
ML136012a,0.174921018205424
ML136014a,0.307768760025991
ML136016a,0.149233511985091
ML13609a,0.352257811459239
ML13642a,0.549127282466354
ML13701a,0.332630426460069
ML13703a,0.840769802269737
ML137110a,0.2030225727553
ML137112a,0.549127282466354
ML137115a,0.709500362664524
ML137118a,0.498086499157204
ML13766a,0.549127282466354
ML13771a,0.477740059188618
ML13779a,0.694154605941065
ML13811a,0.72270853767938
ML138310a,0.141318410538395
ML138313a,0.34619187647632
ML138318a,0.520437826853613
ML138323a,0.549127282466354
ML139113a,0.727767212401904
ML139114a,0.299251168250058
ML13918a,0.567596278148345
ML13931a,0.0132816047216854
ML13934a,0.861055367130327
ML13935a,0.828222184868245
ML13938a,0.893012992086772
ML13976a,0.342701295833181
ML14013a,0.549127282466354
ML141112a,0.802917711152996
ML141113a,0.458030725189819
ML141116a,0.0924936026828582
ML141122a,0.549127282466354
ML141126a,0.340151622933561
ML14112a,0.0815280743754802
ML141130a,0.34695471928014
ML14114a,0.418017613371513
ML141213a,0.478306192434135
ML14121a,0.18240491773807
ML14123a,0.838737221626673
ML14127a,0.415032225228796
ML141717a,0.822386543156239
ML14172a,0.515126447546142
ML141732a,0.409321131835879
ML141736a,0.526433549134317
ML141755a,0.88692052315969
ML14175a,0.63260538331248
ML14241a,0.446464006430006
ML14272a,0.178676166113519
ML143023a,0.788242306059763
ML143024a,0.404167218370602
ML14302a,0.549127282466354
ML143033a,0.724679038045996
ML143036a,0.386306731662765
ML14303a,2.23412970427475
ML14309a,0.302847102283828
ML14383a,0.436665030289142
ML14394a,0.950300518719487
ML14398a,0.549127282466354
ML14399a,0.428212437387688
ML144214a,0.549127282466354
ML14422a,0.549127282466354
ML14428a,0.397505205921487
ML14435a,0.218223011248551
ML14471a,0.507626995284218
ML14523a,0.0309843699243174
ML145411a,0.491839755833638
ML14547a,0.549127282466354
ML14553a,0.421186511269965
ML14555a,0.549127282466354
ML14561a,0.327703553451197
ML14563a,0.343617843044945
ML145813a,0.549127282466354
ML145832a,0.950300518719487
ML14583a,0.299743388612037
ML145840a,0.549127282466354
ML14585a,0.754044403166311
ML14593a,0.235309669784029
ML14595a,0.133023789257134
ML14597a,0.646461923994962
ML14651a,0.784242638421653
ML14656a,0.549127282466354
ML14713a,1.1952190812127
ML14736a,0.61950503605202
ML14737a,0.357692157566425
ML147613a,0.549127282466354
ML14761a,0.31556124092539
ML14775a,0.330413962615186
ML14777a,0.375316798270826
ML14781a,0.526433549134317
ML14782a,0.25453783513827
ML148514a,1.26809321864524
ML148515a,0.549127282466354
ML148524a,0.337062819358024
ML148528a,0.784525147273059
ML148533a,0.204980774417087
ML148535a,0.585169046099746
ML148538a,0.085044702625024
ML148540a,0.0407368405626187
ML148542a,0.272560161332969
ML14871a,0.950300518719487
ML14874a,0.706765479842341
ML14875a,0.922243484354772
ML14881a,0.573999763106734
ML14883a,0.295470451177085
ML14886a,0.704193117139627
ML148927a,0.646384754189898
ML148935a,0.426963459855764
ML148936a,0.333824850467921
ML148937a,1.2914606846835
ML148939a,1.14366721336993
ML149210a,0.549127282466354
ML149213a,0.667583108826727
ML149214a,1.24174834218867
ML149216a,0.420008975831336
ML14922a,1.16475202648424
ML149610a,0.0373973628440502
ML149611a,0.135010800460181
ML149623a,0.635095183189058
ML149624a,0.196505089998757
ML149625a,0.423936459377579
ML149631a,1.55337621419775
ML149632a,0.507122737010084
ML149637a,0.549127282466354
ML149639a,0.549127282466354
ML14963a,0.468535048097093
ML149640a,0.331799288659533
ML149641a,0.108828646082609
ML149645a,0.525256742476658
ML149649a,0.308238955384016
ML14966a,0.422876806893891
ML14968a,1.1213437936368
ML14971a,0.446464006430006
ML14972a,0.465988440783423
ML14984a,0.758379591369312
ML14985a,0.527551597233363
ML14992a,0.174921018205424
ML15006a,0.541307532544645
ML15008a,0.904730840165427
ML15009a,0.296064557389348
ML15041a,0.284314244047898
ML150420a,0.428084344774124
ML15048a,0.0380835313276397
ML15049a,0.730123113181383
ML150914a,0.397505205921487
ML15092a,0.796492777651912
ML15095a,0.439596566016603
ML15199a,0.233240387687359
ML1541105a,0.545821085579223
ML1541107a,0.0368098110375517
ML1541108a,0.369958351107587
ML1541109a,0.449566581653796
ML1541110a,0.490705924804737
ML1541112a,0.529487849588924
ML1541114a,0.479789005435569
ML1541120a,1.18605166183958
ML154113a,0.523210758795795
ML154125a,0.877964717711973
ML15412a,0.446464006430006
ML154136a,0.561883877315631
ML154146a,0.353655445732385
ML154153a,0.549127282466354
ML154157a,0.906130916145133
ML154165a,0.950300518719487
ML154169a,0.441523749757075
ML154176a,0.549127282466354
ML154178a,0.501652114570137
ML154180a,0.357206355116178
ML154185a,0.703105459759916
ML154186a,0.716734477178524
ML154188a,0.0295743125732229
ML154193a,0.423936459377579
ML154510a,0.38897964446485
ML154513a,0.313414765594999
ML15451a,0.950300518719487
ML154522a,0.754292626621827
ML154523a,0.549127282466354
ML15455a,0.301932223506782
ML15631a,0.594501442810815
ML15632a,0.549127282466354
ML15635a,0.125369079444458
ML156513a,0.638949027468544
ML156514a,0.217359566525555
ML15658a,0.349659544134994
ML15659a,0.549127282466354
ML15721a,1.12807386725799
ML15912a,0.822495322315313
ML159712a,0.600417395613569
ML159715a,0.477740059188618
ML159716a,0.867161677036557
ML15976a,0.498413026291771
ML15977a,0.175021841763767
ML15993a,0.515126447546142
ML15994a,0.459882130877193
ML15995a,0.459882130877193
ML160310a,0.286077479878615
ML160311a,0.85877483347697
ML160316a,0.436665030289142
ML160322a,0.549127282466354
ML16039a,0.371852039434096
ML16081a,0.485747286906556
ML16082a,2.13617621151236
ML16111a,0.392996097623667
ML16123a,0.19271204202285
ML161322a,0.465300629360059
ML161324a,0.326383482028689
ML161331a,0.549127282466354
ML161336a,0.343617843044945
ML16351a,0.492673640729691
ML16354a,0.11017869620951
ML16441a,0.154904144585259
ML16582a,0.429442609557304
ML165910a,1.23446070395373
ML16592a,0.565425639852611
ML16593a,0.492139378759727
ML166410a,0.169347641057776
ML166412a,1.29775198953219
ML166415a,0.47243376498602
ML16643a,1.25319188666292
ML16644a,0.515126447546142
ML16647a,0.438087089597622
ML16691a,0.476894003519247
ML167011a,0.137925103501546
ML167013a,0.549127282466354
ML167014a,0.110334383496922
ML167017a,0.708631489859026
ML167019a,0.416661919577865
ML167022a,0.426963459855764
ML167028a,0.18644282011119
ML167031a,0.849612033329046
ML167034a,0.400850034103518
ML167041a,0.211075524848317
ML167044a,0.651295083806923
ML167045a,0.633302435101634
ML167046a,0.145135274684964
ML167048a,0.428212437387688
ML167050a,0.137925103501546
ML16881a,0.439596566016603
ML16882a,0.284627187896899
ML16886a,0.249690329922745
ML169012a,0.483279899934078
ML16906a,0.549127282466354
ML17011a,0.549127282466354
ML17032a,0.459327340700177
ML17034a,0.439596566016603
ML170511a,0.507122737010084
ML17051a,0.477740059188618
ML17059a,0.549127282466354
ML172113a,0.796492777651912
ML17211a,0.504957679891999
ML17217a,0.327703553451197
ML17303a,0.284627187896899
ML17304a,0.734314846924666
ML173711a,0.428212437387688
ML173712a,0.483279899934078
ML173714a,0.307859701584038
ML173718a,0.140901163947813
ML17374a,0.436371852869753
ML17377a,1.43155348265698
ML17408a,0.438087089597622
ML174710a,1.05496708851331
ML174716a,0.436371852869753
ML174718a,0.549127282466354
ML174720a,0.913843549845836
ML174722a,0.515126447546142
ML174726a,0.357206355116178
ML174733a,0.549127282466354
ML174734a,0.422684787372619
ML174735a,2.47146752151603
ML174736a,0.773799044319875
ML174743a,0.504957679891999
ML174744a,0.549127282466354
ML174747a,0.544484025947798
ML174749a,1.07054583151348
ML17474a,0.347403847475791
ML174754a,0.450287993001453
ML174755a,0.497627227946349
ML174759a,2.19588201087383
ML174760a,0.263586451494635
ML174764a,0.353662017254316
ML174766a,0.526587539564112
ML17481a,0.549127282466354
ML17502a,0.497163873087708
ML17598a,0.468900471645404
ML177210a,0.796492777651912
ML177315a,0.391103579739965
ML177316a,0.700424404503192
ML17733a,0.845717709546976
ML17734a,0.834895926621362
ML17893a,0.549127282466354
ML17923a,0.446076888048635
ML17925a,0.518104217173006
ML17992a,0.362028830241172
ML17998a,0.409321131835879
ML18104a,0.230170849924788
ML181716a,0.549127282466354
ML181719a,0.428504339653376
ML181721a,0.549127282466354
ML181724a,0.549127282466354
ML181727a,1.44099902337033
ML18197a,0.950300518719487
ML18198a,0.549127282466354
ML182022a,0.211075524848317
ML182023a,0.745980571389966
ML182026a,0.259391833906788
ML182028a,0.812843995731509
ML18202a,0.101929040888759
ML18208a,0.647710858854337
ML182310a,0.36547644676444
ML182511a,0.74187603859754
ML183514a,0.549127282466354
ML183516a,0.950300518719487
ML18353a,0.549127282466354
ML18354a,0.825758584586853
ML18359a,1.10933823266013
ML184410a,0.210546462836014
ML184413a,0.312032261818939
ML185510a,0.210546462836014
ML185513a,0.391320806623235
ML185514a,0.410056025769186
ML185515a,1.26741530252059
ML185519a,0.166423041895211
ML185523a,0.397902341916252
ML18552a,0.549127282466354
ML18557a,0.217359566525555
ML18558a,0.0465495337473493
ML18559a,0.84763724268314
ML18591a,0.549127282466354
ML18594a,0.549127282466354
ML18598a,0.498615076204407
ML18601a,0.245425703417262
ML18643a,0.140134296291512
ML18733a,0.796492777651912
ML18782a,0.477740059188618
ML189319a,0.882207966419058
ML189324a,0.549127282466354
ML189330a,0.370930011520012
ML189336a,0.294390124500381
ML190412a,0.185366489346376
ML190413a,0.723786597021684
ML190415a,0.386166511690345
ML19044a,0.120633123523652
ML19047a,0.428212437387688
ML19048a,0.308975172740588
ML190613a,0.307458253605893
ML190617a,0.549127282466354
ML19067a,0.49575322068478
ML19068a,0.262872533395586
ML19069a,1.23662321202148
ML192010a,0.160710641062497
ML193212a,0.135010800460181
ML193214a,0.125369079444458
ML19321a,0.367466528868319
ML19323a,0.497163873087708
ML19328a,0.444544473293842
ML194010a,0.659200968392721
ML19404a,0.100356642842567
ML19405a,0.476894003519247
ML19406a,0.930502484869202
ML19407a,0.44688473153396
ML195915a,0.640832480564304
ML195916a,0.422876806893891
ML19594a,0.549127282466354
ML19672a,0.474064392726244
ML19674a,0.218331799798887
ML19693a,0.729626163619743
ML19701a,0.364653684334025
ML198510a,0.487556328924339
ML19853a,1.00964171022308
ML19855a,0.332929199850223
ML199115a,1.86276665710133
ML19916a,0.419725378273581
ML199816a,2.29038877010389
ML199818a,0.419725378273581
ML199830a,0.549127282466354
ML199832a,1.01001853274167
ML19987a,0.566408392206213
ML19988a,0.364653684334025
ML200213a,0.126706767897812
ML20021a,0.464219167199934
ML200221a,0.425682645191915
ML20022a,0.592697755837047
ML200237a,0.0566383983569041
ML200238a,0.0107129317747308
ML200241a,0.861713309769438
ML200242a,0.401301411999043
ML200247a,0.23547601702996
ML200250a,0.476894003519247
ML200251a,0.549127282466354
ML200255a,0.240642468629979
ML200263a,0.549127282466354
ML20163a,0.756670627138469
ML202510a,0.36547644676444
ML20252a,1.26741530252059
ML20257a,0.464794528850702
ML20262a,0.23696263615287
ML20265a,0.428212437387688
ML20266a,0.796492777651912
ML20267a,1.26741530252059
ML20399a,0.796492777651912
ML204411a,0.218418438801516
ML204412a,0.831013553632839
ML204415a,0.391632322517765
ML204421a,0.0691699004918379
ML204424a,0.106078643741204
ML204425a,0.341514819967263
ML204430a,0.865940092610376
ML204442a,0.20089802037171
ML205615a,0.654495736119258
ML205621a,0.424585348333719
ML205622a,0.534603064764286
ML205632a,0.305592243589207
ML205716a,0.0624380969457675
ML20571a,0.421213306903106
ML20572a,0.515126447546142
ML20601a,0.302847102283828
ML20634a,0.333824850467921
ML20636a,0.549127282466354
ML206411a,0.950300518719487
ML206412a,0.549127282466354
ML206416a,1.28213303016262
ML20645a,0.950300518719487
ML20649a,0.549127282466354
ML20682a,0.526587539564112
ML20683a,0.0863630001789605
ML20686a,0.331792184666092
ML20753a,0.371852039434096
ML20757a,0.133335022132435
ML20763a,1.02388026364344
ML20766a,0.828202954259263
ML207913a,1.08373248304387
ML207914a,0.343617843044945
ML20792a,0.518077102688815
ML20799a,0.464443987271516
ML20821a,0.549127282466354
ML208310a,0.504957679891999
ML20831a,0.305592243589207
ML20833a,0.424585348333719
ML20837a,0.414695607272283
ML20852a,0.102268416288811
ML208711a,0.549127282466354
ML20874a,0.34695471928014
ML20893a,0.809430889154494
ML20895a,0.549127282466354
ML20898a,0.796492777651912
ML209113a,0.0461699685036217
ML209115a,0.464794528850702
ML209118a,0.336785912326725
ML210014a,0.549127282466354
ML21001a,0.465697294984445
ML210023a,0.427895946150725
ML210025a,0.0827885976450253
ML210026a,0.349659544134994
ML210032a,0.767803322039171
ML210033a,1.04599157350543
ML21005a,0.549127282466354
ML21007a,0.549127282466354
ML21093a,0.680933881440789
ML21095a,0.210782281094934
ML212011a,0.233645982897121
ML212016a,0.320949566947628
ML212017a,0.788902924256633
ML21201a,0.444544473293842
ML21207a,0.1728265268536
ML214010a,0.602544526992288
ML21402a,0.549127282466354
ML21403a,0.28400621208409
ML21405a,0.194081869598796
ML21407a,0.4908417094286
ML214319a,0.573748977214248
ML214320a,0.419725378273581
ML214327a,0.549127282466354
ML21432a,0.520707642182873
ML21434a,0.639884775115166
ML21435a,0.158224520751364
ML21442a,0.796492777651912
ML21521a,0.253322499866125
ML21522a,0.375316798270826
ML21526a,0.330959621392611
ML215411a,0.502039689376875
ML215416a,0.549127282466354
ML215423a,0.402473709599189
ML21548a,0.497163873087708
ML21581a,0.549127282466354
ML21582a,0.549127282466354
ML21622a,0.163776702192271
ML21626a,0.538573494893752
ML21627a,0.421213306903106
ML216311a,0.39425822575838
ML216312a,0.436371852869753
ML216315a,0.0846430818154121
ML216317a,0.549127282466354
ML216322a,1.17992123391042
ML216328a,0.549127282466354
ML21632a,0.843012981726766
ML216336a,0.357206355116178
ML216341a,0.878913295441752
ML216349a,0.217359566525555
ML216352a,0.18906549586125
ML216359a,0.386670596225198
ML21637a,0.415478601838093
ML216915a,0.325541565651459
ML217211a,0.244510277019832
ML217213a,0.369012382279264
ML21727a,0.385512924910252
ML21728a,0.18240491773807
ML21762a,0.421186511269965
ML218013a,1.00436549993285
ML21804a,0.692453882426036
ML21805a,0.728992221882324
ML21809a,0.229654587288483
ML21866a,0.724419307969851
ML21869a,0.549127282466354
ML218818a,1.15661164026303
ML218820a,0.549127282466354
ML218822a,1.25183536894745
ML218837a,0.158067670587154
ML21889a,0.750357982089741
ML218914a,0.424585348333719
ML218916a,0.446464006430006
ML218937a,0.329433260685307
ML21893a,0.541307532544645
ML218944a,0.437177842820724
ML21901a,0.340359212047966
ML219311a,0.242628751934777
ML21936a,0.549127282466354
ML220720a,0.541307532544645
ML220722a,0.455991050852137
ML220724a,0.478306192434135
ML220728a,0.301568018128331
ML22073a,0.426890464469895
ML22078a,0.549127282466354
ML221311a,0.159676697657736
ML221314a,0.407498232130726
ML221320a,0.0390268918852647
ML221321a,0.228124520075415
ML221328a,1.01770663596094
ML22137a,0.369254941121049
ML22151a,0.759168087280475
ML22165a,0.352369426304233
ML22181a,0.549127282466354
ML22257a,0.478982973220178
ML22261a,0.501652114570137
ML22265a,0.708715224375273
ML223011a,0.432666926802649
ML223013a,0.503995019109117
ML223018a,0.350412172631091
ML22301a,0.340702802344406
ML223020a,0.298291717822917
ML22302a,0.549127282466354
ML223517a,0.763283277100687
ML22351a,0.481460982758567
ML223525a,0.708631489859026
ML223532a,0.403018641718988
ML22359a,0.549127282466354
ML22382a,0.770428177374183
ML225210a,1.26741530252059
ML225211a,0.573748977214248
ML225218a,0.23547601702996
ML22522a,1.4555559258125
ML22523a,0.58653972559951
ML22671a,0.740039135915249
ML22674a,0.422684787372619
ML22678a,0.94256583571885
ML22679a,0.428084344774124
ML22758a,1.19727099327441
ML227810a,0.985702066456695
ML22781a,0.399033018062177
ML22784a,0.422876806893891
ML22841a,0.845717709546976
ML22974a,0.745451994342762
ML23064a,0.127328609958367
ML23065a,0.0651825552248922
ML23069a,0.693324263281147
ML231810a,0.723786597021684
ML231811a,0.745451994342762
ML231813a,0.549127282466354
ML23187a,1.08617003208434
ML23188a,0.510015272489698
ML233111a,0.247327007092798
ML23316a,0.37043119046509
ML233312a,0.499942667553641
ML233321a,0.549127282466354
ML233326a,0.446464006430006
ML23334a,0.421186511269965
ML23336a,0.497163873087708
ML23381a,0.950300518719487
ML234015a,0.549127282466354
ML234018a,0.549127282466354
ML23402a,0.549127282466354
ML234031a,0.137925103501546
ML23405a,0.349659544134994
ML23421a,0.487602114531022
ML234510a,0.249200887464297
ML234515a,0.137764930234779
ML234522a,0.729550731363756
ML234524a,0.508417018437052
ML234527a,0.0323122451508697
ML23452a,0.298471187812467
ML234530a,1.65561653802389
ML234536a,0.375316798270826
ML234542a,0.549127282466354
ML234544a,0.355511546172191
ML234549a,0.307458253605893
ML234557a,0.378829497631315
ML234558a,0.309739122808497
ML234561a,0.31332030993262
ML234563a,0.0509095468190641
ML234566a,0.657421520954744
ML23458a,0.549127282466354
ML23459a,0.549127282466354
ML23501a,0.486949351739107
ML23502a,0.268453390168239
ML23791a,0.549127282466354
ML238310a,0.950300518719487
ML238312a,0.507626995284218
ML238318a,0.210546462836014
ML23833a,0.462959404680325
ML23836a,0.442465894107464
ML239515a,0.492673640729691
ML239517a,0.446789110755507
ML239518a,0.355086127489874
ML23956a,0.450436590163842
ML23957a,0.749429379045622
ML239912a,0.508417018437052
ML23993a,0.307458253605893
ML23995a,0.458030725189819
ML23997a,0.421186511269965
ML24005a,0.409580030008643
ML24007a,0.439596566016603
ML24141a,0.549127282466354
ML24144a,0.926429978729792
ML24145a,0.549127282466354
ML24226a,0.751585408884224
ML24227a,0.258030169818603
ML24281a,2.64625686234144
ML24284a,0.549127282466354
ML24287a,0.913164501153677
ML24289a,0.330959621392611
ML24331a,0.135817921671099
ML24671a,0.0393553240242637
ML24811a,0.294933038200748
ML24842a,0.526433549134317
ML24991a,0.822359747523099
ML24993a,0.634740620513645
ML25042a,0.757598302128049
ML250610a,0.415478601838093
ML250611a,0.520707642182873
ML25062a,0.700668958208447
ML25071a,0.501652114570137
ML25121a,0.335110483160127
ML25122a,0.872729531380812
ML25231a,0.31556124092539
ML25283a,0.495036417138035
ML25611a,0.549127282466354
ML257621a,0.549127282466354
ML257626a,0.481034730165924
ML257629a,0.851609826416975
ML257635a,0.549127282466354
ML257636a,0.0669990918240355
ML257638a,0.411670759478375
ML25763a,1.3535985037654
ML25764a,1.89081336994119
ML25769a,0.357206355116178
ML25773a,0.824050043147025
ML25775a,0.537139451919861
ML258212a,0.485747286906556
ML258214a,0.525256742476658
ML258223a,0.691235794436066
ML258224a,0.478982973220178
ML258225a,0.346342175877352
ML258231a,0.349659544134994
ML258241a,0.515126447546142
ML258243a,0.633302435101634
ML258250a,0.0691699004918379
ML258255a,0.549127282466354
ML25882a,0.311298848166494
ML26071a,1.28865888061528
ML26072a,0.458030725189819
ML261713a,0.710224144914413
ML26171a,0.0360046065675905
ML261720a,0.19220957744311
ML26175a,0.661547085318915
ML26178a,0.289589523721749
ML263510a,0.396804511823149
ML263519a,0.549127282466354
ML26358a,0.334234627047845
ML26511a,0.0284193370303643
ML26624a,0.520437826853613
ML266611a,0.495036417138035
ML266619a,0.787339747943479
ML26663a,0.0989151820281101
ML26664a,0.711522517552454
ML26701a,0.487964671252417
ML267515a,0.308273267291169
ML26752a,0.503995019109117
ML26759a,1.80286860629953
ML267917a,0.307458253605893
ML26791a,0.198711392863077
ML267920a,0.422876806893891
ML26855a,0.30586708522606
ML26922a,0.950300518719487
ML270512a,0.84462990246243
ML270513a,0.327703553451197
ML270517a,0.421213306903106
ML270519a,0.404167218370602
ML270522a,0.19271204202285
ML270523a,0.518104217173006
ML270524a,1.25300944290359
ML270528a,0.646598939670396
ML270532a,1.42651056296031
ML270533a,0.549127282466354
ML270534a,0.424585348333719
ML270535a,0.127030319656645
ML270537a,0.549127282466354
ML270540a,0.824050043147025
ML270541a,1.04710291310662
ML270547a,0.549127282466354
ML27054a,0.397505205921487
ML271511a,0.888729565177473
ML271513a,0.145135274684964
ML271516a,0.407498232130726
ML271523a,0.436371852869753
ML271524a,0.383351911019925
ML271533a,0.405823510000127
ML271535a,0.549127282466354
ML271538a,1.0185669736298
ML271539a,1.43960685209845
ML27156a,0.459882130877193
ML273216a,0.43236305334552
ML273222a,0.461633213856182
ML27362a,0.119442398836042
ML27421a,1.19458665678561
ML274412a,0.266409872573593
ML274413a,0.419725378273581
ML274441a,0.549127282466354
ML27466a,0.465988440783423
ML27491a,0.99925891273176
ML276910a,0.125369079444458
ML276911a,0.302751014480313
ML276921a,0.941027544431509
ML276923a,0.950300518719487
ML276926a,0.334016953944294
ML276928a,0.014296866405407
ML276932a,0.308273267291169
ML276934a,0.549127282466354
ML276935a,0.549127282466354
ML27693a,0.549127282466354
ML27697a,0.160558931851762
ML27698a,0.119442398836042
ML278910a,0.0151233097246962
ML278913a,0.670095903543196
ML27897a,0.18644282011119
ML27899a,0.261973641872183
ML279510a,0.307458253605893
ML27957a,0.549127282466354
ML27959a,0.288718244174301
ML279616a,0.288649254025939
ML279619a,0.109653186236051
ML27967a,0.0393553240242637
ML279810a,0.478306192434135
ML279815a,0.357077423459771
ML279823a,0.299251168250058
ML279825a,0.337062819358024
ML279828a,0.539789230025663
ML279844a,0.549127282466354
ML28144a,0.549127282466354
ML281810a,0.438087089597622
ML28202a,1.1349499396321
ML28203a,0.37043119046509
ML28206a,0.196505089998757
ML28208a,0.00326799708771941
ML28209a,0.240882677378852
ML282511a,0.284627187896899
ML282519a,0.828136696108898
ML282521a,1.53024417495949
ML282522a,0.549127282466354
ML282527a,0.0818079347439784
ML28252a,0.370820535305688
ML283510a,0.432603407551725
ML28352a,0.471556295127678
ML28354a,0.19271204202285
ML28356a,0.378225225280577
ML28357a,0.439774469193101
ML28358a,0.122751600395706
ML285612a,0.384437769300721
ML28615a,1.02574627366013
ML28831a,1.13398371226985
ML28834a,0.549127282466354
ML28835a,0.402757670222012
ML29316a,0.549127282466354
ML29319a,1.39868440874481
ML294910a,0.950300518719487
ML29493a,0.140134296291512
ML29494a,0.280408438917267
ML29544a,0.276686295954023
ML29545a,0.404167218370602
ML29591a,0.549127282466354
ML29623a,0.0300448719133294
ML29624a,0.357077423459771
ML29625a,0.688698750882663
ML29671a,0.549127282466354
ML29682a,0.224072116524356
ML29883a,1.24354476253089
ML30072a,0.308149440151582
ML30077a,0.549127282466354
ML30082a,0.549127282466354
ML30201a,0.210113337203491
ML305511a,0.549127282466354
ML305512a,0.397505205921487
ML305521a,1.39724643528366
ML305522a,0.353902313448876
ML305530a,0.549127282466354
ML305538a,0.383384674027383
ML30557a,0.899259735410338
ML30559a,0.549127282466354
ML306110a,1.14366721336993
ML306112a,0.472689032327254
ML306114a,0.260218897459674
ML306117a,0.209548608283869
ML306119a,2.73053182322199
ML306912a,0.284468556977195
ML306913a,0.423936459377579
ML30811a,0.210546462836014
ML30831a,0.796492777651912
ML31014a,0.747460525424519
ML310315a,0.549127282466354
ML310317a,0.448057348205017
ML310322a,0.796492777651912
ML31032a,0.211075524848317
ML311613a,0.334016953944294
ML311619a,0.465988440783423
ML311631a,1.12522979964586
ML31241a,0.423936459377579
ML31404a,0.326805338226568
ML31708a,0.696430101878572
ML319815a,0.549127282466354
ML31981a,0.474439033319359
ML32073a,0.419725378273581
ML320914a,0.192275933675382
ML320915a,0.451191335313818
ML32096a,0.549127282466354
ML32097a,0.549127282466354
ML32211a,0.459882130877193
ML322213a,0.787313841105759
ML322214a,0.127328609958367
ML32221a,0.498615076204407
ML32311a,0.421186511269965
ML32331a,0.432972370845672
ML32346a,0.236037386502657
ML32591a,0.541806924438117
ML32592a,0.586091438285776
ML32594a,0.508417018437052
ML32595a,0.354162434807506
ML32596a,0.549127282466354
ML327413a,0.504957679891999
ML327421a,0.510015272489698
ML327422a,0.492673640729691
ML327439a,0.440671506526835
ML32746a,0.355551775267589
ML32747a,0.467336796977973
ML329516a,0.0987670471091887
ML32955a,0.306353069405362
ML32959a,0.632577730560633
ML329911a,0.549127282466354
ML329912a,0.507626995284218
ML329917a,0.46691788105088
ML32999a,0.0356290521507902
ML33013a,0.549127282466354
ML33072a,0.549127282466354
ML33401a,0.421186511269965
ML334211a,0.422684787372619
ML334214a,0.32261336076855
ML334216a,0.0715157960741199
ML33425a,0.0607925146114275
ML33427a,0.416661919577865
ML33428a,0.458030725189819
ML33721a,0.442465894107464
ML33722a,0.439825248405492
ML33725a,0.110034596345449
ML33726a,0.828136696108898
ML33727a,0.411670759478375
ML33823a,0.421213306903106
ML33824a,1.2243379997741
ML33825a,0.422876806893891
ML342215a,0.549127282466354
ML34221a,0.491839755833638
ML342221a,0.882813253385051
ML342229a,0.208107789799624
ML34223a,0.664015188567605
ML34226a,0.147004544103444
ML34227a,0.441816904575548
ML343414a,1.39682758199674
ML343417a,0.421186511269965
ML343421a,0.549127282466354
ML343422a,2.68441747616702
ML34342a,0.0678334538213711
ML343430a,0.748127955533274
ML343432a,1.05535083941226
ML34571a,0.298471187812467
ML34572a,0.236188879826108
ML34636a,0.00447348320519441
ML348713a,0.950300518719487
ML348717a,0.498086499157204
ML348720a,0.19220957744311
ML35062a,0.549127282466354
ML351710a,0.843063746397059
ML351714a,1.00034846358546
ML351716a,0.236473622729264
ML351719a,0.549127282466354
ML351721a,0.12855663936327
ML351723a,0.0791139137375233
ML351729a,0.188306114704461
ML351732a,0.549127282466354
ML351747a,0.492673640729691
ML35205a,0.549127282466354
ML353012a,0.154341192421337
ML353015a,0.443025394496473
ML35305a,0.19220957744311
ML35309a,0.549127282466354
ML35321a,0.0514534177453945
ML35381a,1.14116482694813
ML356011a,0.549127282466354
ML356013a,0.751585408884224
ML35606a,0.659203406071737
ML35651a,2.39090202109305
ML358819a,0.304235366506448
ML358822a,0.542555526551838
ML358828a,0.283721739120882
ML358835a,0.45913046162367
ML35889a,0.549127282466354
ML35902a,0.549127282466354
ML35914a,0.515917781915128
ML359311a,0.0674038323838589
ML359315a,0.549127282466354
ML35933a,0.754657476427138
ML35935a,0.492139378759727
ML35936a,0.13467970645781
ML36131a,0.169347375695182
ML36887a,0.305592243589207
ML36888a,0.643801988187911
ML368913a,0.853736218456181
ML368928a,0.222665351428613
ML368929a,0.36547644676444
ML36895a,0.401892525985388
ML36924a,0.191923435795572
ML36926a,0.227257067982372
ML36933a,0.421186511269965
ML36939a,0.549127282466354
ML37362a,0.549127282466354
ML375911a,0.546715226316246
ML375915a,0.549127282466354
ML375928a,0.721804528504917
ML37592a,0.593382813696244
ML375933a,0.194814045864253
ML37593a,0.186778688903336
ML37595a,0.5229198511654
ML37598a,0.549127282466354
ML37631a,0.31628660881112
ML37634a,0.664876910161621
ML37637a,0.160710641062497
ML38142a,0.218602953559964
ML38523a,0.459882130877193
ML38525a,0.229167376645693
ML388111a,0.386166511690345
ML388112a,2.20779998269037
ML388116a,0.508417018437052
ML388117a,0.515126447546142
ML388125a,0.56648918615445
ML38812a,0.0978193078511843
ML38815a,0.592514477445372
ML38816a,1.1776219824919
ML39511a,0.771604426718224
ML398310a,0.557583285246525
ML398311a,0.325986499593881
ML398315a,0.908800231537352
ML398319a,0.422876806893891
ML398321a,0.0651825552248922
ML398329a,0.298291717822917
ML398331a,0.549127282466354
ML398332a,0.236037386502657
ML402915a,0.217359566525555
ML402916a,0.124943151894358
ML40291a,0.476894003519247
ML40298a,0.423936459377579
ML40299a,0.711522517552454
ML40945a,0.355511546172191
ML40946a,0.0673184586796079
ML40986a,0.476894003519247
ML41155a,0.549127282466354
ML41273a,0.456158336253649
ML41275a,0.523210758795795
ML41279a,0.481567062077642
ML41301a,0.444544473293842
ML418212a,0.950300518719487
ML418613a,0.132089062965731
ML41861a,0.88960745712382
ML41863a,0.719018947918157
ML42311a,0.369254941121049
ML42333a,0.549127282466354
ML42336a,0.336339637934458
ML42338a,0.357077423459771
ML42454a,0.549127282466354
ML42456a,0.549127282466354
ML434310a,0.413887840489101
ML434313a,0.118159664603868
ML43432a,0.390549464320954
ML43581a,0.457937614052315
ML435825a,0.549127282466354
ML435826a,0.217359566525555
ML435828a,1.55563191085695
ML435831a,0.397505205921487
ML435834a,1.14366721336993
ML435835a,0.725105554374176
ML435836a,0.549127282466354
ML435844a,0.439596566016603
ML435846a,0.474439033319359
ML43587a,1.04610700568343
ML43588a,0.419725378273581
ML43664a,0.159676697657736
ML444212a,0.355511546172191
ML444213a,0.700861671108772
ML44426a,0.375316798270826
ML44906a,0.200789840730849
ML45003a,0.549127282466354
ML45006a,0.231404494307499
ML45008a,0.0345443116108363
ML451316a,0.758250659712905
ML451318a,1.3270691958678
ML45132a,0.549127282466354
ML45392a,0.825758584586853
ML45525a,0.329885255111568
ML455311a,0.325986499593881
ML45535a,0.504957679891999
ML45561a,0.549127282466354
ML458311a,0.288073310523542
ML458318a,0.789353976767829
ML458325a,0.7289325572632
ML45832a,0.518104217173006
ML45833a,0.271787553892575
ML45843a,1.2803680607432
ML45844a,0.526433549134317
ML45846a,0.448057348205017
ML45847a,0.568315062133186
ML460814a,0.196735839724929
ML460816a,1.24598854807955
ML460818a,0.727556718281823
ML46081a,0.397505205921487
ML460821a,0.32261336076855
ML460826a,0.618532802778689
ML460827a,0.486949351739107
ML460828a,0.852364571566952
ML46087a,0.549127282466354
ML463515a,0.485811630807882
ML463519a,0.217359566525555
ML46351a,0.0896684731754663
ML463521a,1.15201071042247
ML463525a,0.307056761514913
ML463526a,0.235625998143329
ML46352a,0.435971542132345
ML463531a,0.300649673457555
ML463533a,0.486949351739107
ML46651a,1.84604119433106
ML46653a,0.299251168250058
ML46654a,0.18644282011119
ML46822a,0.423936459377579
ML47556a,0.213782920148926
ML48161a,0.340359212047966
ML48291a,0.742401912323593
ML48641a,0.450436590163842
ML49211a,0.253322499866125
ML496511a,0.141382290298705
ML49653a,0.421213306903106
ML49656a,0.274180397345031
ML49657a,0.244629518097319
ML49658a,0.798678442174621
ML49659a,0.444163657107888
ML50011a,0.990029950398629
ML50181a,0.210546462836014
ML50511a,0.426963459855764
ML50512a,0.950300518719487
ML50515a,0.546461415505317
bin_10017,0.439256767580774
bin_10021,0.549127282466354
bin_10031,0.549127282466354
bin_10459,0.549127282466354
bin_10546,0.476894003519247
bin_10661,0.549127282466354
bin_10726,0.549127282466354
bin_10758,0.549127282466354
bin_10822,0.549127282466354
bin_10898,0.253322499866125
bin_11079,0.549127282466354
bin_11242,0.51814237358083
bin_11251,0.481034730165924
bin_11560,0.471556295127678
bin_12057,0.893846876982825
bin_1230,0.498615076204407
bin_12637,0.525256742476658
bin_12952,0.36547644676444
bin_12956,0.549127282466354
bin_12985,0.498086499157204
bin_13030,0.100616100449721
bin_13319,0.549127282466354
bin_13624,0.476894003519247
bin_13631,0.549127282466354
bin_13991,0.549127282466354
bin_13993,0.684030525474701
bin_14030,0.0655786737868572
bin_14049,0.796492777651912
bin_14055,0.478306192434135
bin_14057,0.357206355116178
bin_14059,1.19727099327441
bin_14061,0.520437826853613
bin_14146,0.803930906475146
bin_14147,0.304235366506448
bin_14316,0.328938127032897
bin_14595,0.549127282466354
bin_14775,0.796492777651912
bin_14776,0.984625611507885
bin_15135,0.210546462836014
bin_15281,0.477740059188618
bin_15378,0.549127282466354
bin_15493,0.353484240174004
bin_15539,0.407498232130726
bin_1561,0.549127282466354
bin_1564,0.549127282466354
bin_15895,0.504957679891999
bin_16097,0.321579585104855
bin_16118,0.0378418562475111
bin_16203,0.754451426065242
bin_16442,0.549127282466354
bin_16616,0.476298636731378
bin_16824,0.549127282466354
bin_16838,0.549127282466354
bin_17063,0.549127282466354
bin_17169,0.549127282466354
bin_17368,1.1447013539273
bin_17396,0.549127282466354
bin_17456,0.40140640543866
bin_17638,0.549127282466354
bin_18074,0.486949351739107
bin_18151,0.442465894107464
bin_18473,0.601643020732061
bin_1924,0.549127282466354
bin_19718,0.436371852869753
bin_19732,0.796492777651912
bin_20108,0.299251168250058
bin_20344,0.250704870676864
bin_20347,0.549127282466354
bin_20491,0.508417018437052
bin_20726,0.549127282466354
bin_20811,0.831753934576646
bin_21246,0.67834020307542
bin_21266,0.154803382967375
bin_21360,0.85073981790693
bin_21656,0.107057384228824
bin_21789,0.504957679891999
bin_21841,0.498086499157204
bin_22134,0.428212437387688
bin_2219,0.476894003519247
bin_22334,0.708631489859026
bin_22336,0.507626995284218
bin_22337,0.337062819358024
bin_22339,0.633532006875904
bin_22386,0.549127282466354
bin_2240,0.549127282466354
bin_2245,0.549127282466354
bin_22453,0.382248474041642
bin_22483,0.829385673640822
bin_22490,0.670050282558177
bin_23117,0.481567062077642
bin_23606,0.549127282466354
bin_23755,0.263701001112597
bin_23866,0.549127282466354
bin_24463,0.492599837865898
bin_24613,0.299251168250058
bin_24675,0.549127282466354
bin_24767,0.424585348333719
bin_25294,0.481034730165924
bin_25713,0.549127282466354
bin_25924,0.461633213856182
bin_25925,0.782544156632508
bin_25996,0.263200706900542
bin_26290,0.19271204202285
bin_26520,0.549127282466354
bin_26642,0.891575456925362
bin_26643,1.51289661429505
bin_26644,1.72579319953148
bin_26645,0.816568180839188
bin_26776,0.491839755833638
bin_26997,0.549127282466354
bin_27180,0.549127282466354
bin_27198,0.302751014480313
bin_27307,0.0353655135351511
bin_27317,0.785655389533877
bin_27481,0.498615076204407
bin_27487,0.612882820573089
bin_27583,0.450436590163842
bin_2789,0.549127282466354
bin_27898,0.744529368273266
bin_28139,0.549127282466354
bin_28629,0.458030725189819
bin_28939,0.549127282466354
bin_29032,0.428212437387688
bin_29160,0.415478601838093
bin_29511,0.549127282466354
bin_29651,0.549127282466354
bin_29950,0.446789110755507
bin_3000,0.549127282466354
bin_30281,0.199376625201804
bin_30335,0.492673640729691
bin_30856,0.31556124092539
bin_30933,0.461633213856182
bin_31036,0.0219800954551262
bin_31050,0.745530622929558
bin_31594,0.46691788105088
bin_31697,0.349184745836607
bin_3170,0.460361785702382
bin_31847,0.549127282466354
bin_31999,0.797808082992731
bin_32128,0.549127282466354
bin_3228,0.429442609557304
bin_32389,0.272742608584042
bin_32408,0.549127282466354
bin_32588,0.796492777651912
bin_32607,0.950300518719487
bin_32741,0.112463345839859
bin_32854,0.549127282466354
bin_32964,0.803065762238522
bin_33471,0.549127282466354
bin_33482,0.549127282466354
bin_335,1.18987564595147
bin_33621,0.180484978121336
bin_33638,0.167416075767233
bin_3379,0.549127282466354
bin_3380,0.342263284931849
bin_34212,0.549127282466354
bin_34610,0.549127282466354
bin_34944,0.950300518719487
bin_35000,0.531992683082458
bin_35219,0.135010800460181
bin_35240,0.518104217173006
bin_35241,0.549127282466354
bin_35306,0.442465894107464
bin_35426,0.855794645279098
bin_35469,0.549127282466354
bin_35728,0.520707642182873
bin_3577,0.950300518719487
bin_35817,0.549127282466354
bin_35891,0.549127282466354
bin_35980,0.696932076839355
bin_36093,0.26419903964667
bin_36199,0.440671506526835
bin_36478,0.421213306903106
bin_36744,0.549127282466354
bin_36799,0.223207708685122
bin_36970,0.549127282466354
bin_36976,0.549127282466354
bin_3701,0.549127282466354
bin_37118,0.450436590163842
bin_37265,0.549127282466354
bin_37376,0.421213306903106
bin_374,0.279712167649499
bin_37443,0.307458253605893
bin_37451,0.405457254247049
bin_37525,0.549127282466354
bin_37844,0.549127282466354
bin_38324,0.406618723553251
bin_38332,0.386166511690345
bin_38413,0.214102188719555
bin_38499,0.268453390168239
bin_38777,0.518104217173006
bin_39086,0.549127282466354
bin_39561,0.549127282466354
bin_39563,0.549127282466354
bin_39564,0.549127282466354
bin_397,0.549127282466354
bin_40011,0.32261336076855
bin_40037,0.549127282466354
bin_40039,0.497163873087708
bin_40053,0.330959621392611
bin_40241,1.01069120506636
bin_40627,0.549127282466354
bin_40636,0.0629537871333551
bin_40641,0.904625883369279
bin_40642,0.524768257402404
bin_40643,0.549127282466354
bin_40677,0.549127282466354
bin_40912,0.38260915256659
bin_41079,0.549127282466354
bin_41191,0.796492777651912
bin_41372,0.549127282466354
bin_41592,0.525256742476658
bin_41601,1.27488848641545
bin_42008,0.897505583689549
bin_42172,0.520437826853613
bin_42229,0.43216046803581
bin_42304,0.950300518719487
bin_42389,0.185065692087499
bin_42420,0.507626995284218
bin_42492,0.525256742476658
bin_42682,0.235356936576857
bin_42731,0.464219167199934
bin_42753,0.428212437387688
bin_4301,0.549127282466354
bin_43039,0.36547644676444
bin_43081,0.32261336076855
bin_4310,0.498615076204407
bin_43208,0.549127282466354
bin_43211,1.05544794366226
bin_43310,0.440671506526835
bin_43384,0.549127282466354
bin_43833,0.0579572253705367
bin_44001,0.549127282466354
bin_44145,2.01673834208013
bin_44175,0.549127282466354
bin_44201,0.549127282466354
bin_44466,0.529487849588924
bin_44741,0.950300518719487
bin_44959,0.23965924431117
bin_45092,0.487602114531022
bin_45186,1.27597538716758
bin_4520,0.367054237357349
bin_45304,0.450436590163842
bin_45770,0.403018641718988
bin_45810,0.497163873087708
bin_45943,0.549127282466354
bin_46113,0.872826688985733
bin_46289,0.549127282466354
bin_46344,0.00607532770286998
bin_46579,0.555348297923108
bin_46580,0.564858234810705
bin_46643,0.549127282466354
bin_46990,0.19271204202285
bin_47222,0.485747286906556
bin_47328,0.438087089597622
bin_47520,0.510015272489698
bin_47582,0.429442609557304
bin_47681,0.570031771045545
bin_47766,0.728400225351482
bin_48093,1.18994147278684
bin_48177,0.0972397900386369
bin_48574,0.549127282466354
bin_48745,0.909590254690186
bin_48756,0.160710641062497
bin_49064,0.549127282466354
bin_49353,0.950300518719487
bin_49413,0.448438797075912
bin_49518,0.507122737010084
bin_49648,0.825109695630713
bin_50120,0.549127282466354
bin_50209,1.25153353349196
bin_50299,0.520437826853613
bin_50473,0.446151763779464
bin_50670,0.507626995284218
bin_50786,0.474439033319359
bin_51223,0.549127282466354
bin_51274,0.498615076204407
bin_51717,0.34695471928014
bin_51743,0.410056025769186
bin_51960,0.549127282466354
bin_52104,0.549127282466354
bin_52292,0.549127282466354
bin_52500,0.549127282466354
bin_52535,0.796492777651912
bin_52567,0.430747548826357
bin_52568,0.0113546229798481
bin_52805,0.549127282466354
bin_52812,0.419725378273581
bin_53234,0.796492777651912
bin_53269,0.749429379045622
bin_53320,0.549127282466354
bin_53546,0.585235882860878
bin_53713,0.281600944319251
bin_5388,0.549127282466354
bin_53958,0.422876806893891
bin_54019,0.549127282466354
bin_54248,0.339438548144507
bin_54355,0.651532713556161
bin_54500,0.549127282466354
bin_54549,0.444416086708502
bin_55032,0.670754625871018
bin_55357,0.549127282466354
bin_55438,0.549127282466354
bin_55523,0.549127282466354
bin_55531,0.803065762238522
bin_55590,0.549127282466354
bin_55839,0.515126447546142
bin_56311,0.549127282466354
bin_56408,0.549127282466354
bin_56627,0.492673640729691
bin_56668,0.757598302128049
bin_56868,0.210561876708914
bin_56870,0.667520535618173
bin_56871,1.70609867320255
bin_57080,0.549127282466354
bin_57263,0.00208189427522324
bin_57492,0.400100906324183
bin_57791,0.310537192486431
bin_57880,0.477740059188618
bin_57970,0.447575626992209
bin_58184,0.36547644676444
bin_58397,0.706980917867888
bin_58740,0.549127282466354
bin_5876,0.549127282466354
bin_59440,0.407498232130726
bin_59487,1.18023038277779
bin_59509,0.422876806893891
bin_59641,0.549127282466354
bin_59942,0.611719699089148
bin_59945,0.32894987692825
bin_59950,0.549127282466354
bin_60018,0.210561876708914
bin_60057,0.267414046402458
bin_60369,0.549127282466354
bin_6127,0.524417599065888
bin_6289,0.322146953031154
bin_6349,0.490705924804737
bin_6482,0.465988440783423
bin_6483,0.549127282466354
bin_6670,0.458030725189819
bin_712,0.554823748791451
bin_7372,0.497163873087708
bin_7669,0.422876806893891
bin_772,0.950300518719487
bin_8204,0.0257172282167609
bin_821,0.333824850467921
bin_8394,0.908295973263218
bin_8508,0.549127282466354
bin_866,0.165315949901317
bin_8672,0.411034922436452
bin_8673,0.436371852869753
bin_8748,0.549127282466354
bin_8749,0.549127282466354
bin_9407,0.796492777651912
bin_950,0.549127282466354
bin_9517,0.716734477178524
bin_9712,0.549127282466354

