Aqu2.1.00029_001,0.501078243845651
Aqu2.1.00030_001,2.96612414237738
Aqu2.1.00053_001,0.565000622648019
Aqu2.1.00064_001,2.97962260561587
Aqu2.1.00085_001,0.927518348397984
Aqu2.1.00099_001,0.517483886420825
Aqu2.1.00350_001,2.21811372663402
Aqu2.1.00438_001,4.15666881725362
Aqu2.1.00439_001,3.25160680941581
Aqu2.1.00441_001,3.22159152129191
Aqu2.1.00460_001,0.374279961937364
Aqu2.1.00585_001,0.272192587588608
Aqu2.1.00723_001,0.403287921692524
Aqu2.1.00753_001,0.496261873139447
Aqu2.1.00791_001,0.92048498088078
Aqu2.1.00805_001,0.822518148942163
Aqu2.1.00812_001,0.0746431201213005
Aqu2.1.00880_001,0.200692921617905
Aqu2.1.00948_001,0.565000622648019
Aqu2.1.00983_001,0.174187842411946
Aqu2.1.00991_001,0.490922703142035
Aqu2.1.01331_001,0.587173915348889
Aqu2.1.01483_001,0.354058609084928
Aqu2.1.01520_001,0.510743300652198
Aqu2.1.01551_001,0.441825792158992
Aqu2.1.01557_001,0.679855196695359
Aqu2.1.01715_001,0.441046200689334
Aqu2.1.01720_001,0.542538427413988
Aqu2.1.01745_001,0.494041417914572
Aqu2.1.01792_001,0.654106094111067
Aqu2.1.01809_001,0.565000622648019
Aqu2.1.01870_001,0.550622136210605
Aqu2.1.01979_001,0.0430118439160428
Aqu2.1.01987_001,0.538400118695077
Aqu2.1.02065_001,0.530464957839476
Aqu2.1.02104_001,0.565000622648019
Aqu2.1.02292_001,0.755236457622265
Aqu2.1.02328_001,0.137562990690166
Aqu2.1.02542_001,0.215028781477749
Aqu2.1.02577_001,0.291499248875883
Aqu2.1.02619_001,0.853462755214487
Aqu2.1.02677_001,0.822518148942163
Aqu2.1.02723_001,0.565000622648019
Aqu2.1.02798_001,0.428313156591793
Aqu2.1.02905_001,0.514794460267722
Aqu2.1.03152_001,0.48514352357733
Aqu2.1.03161_001,0.392850520788503
Aqu2.1.03214_001,0.946221183263873
Aqu2.1.03285_001,0.300677823101977
Aqu2.1.03699_001,0.356345325459889
Aqu2.1.03874_001,0.520751818866274
Aqu2.1.04045_001,0.565000622648019
Aqu2.1.04187_001,0.803130711935969
Aqu2.1.04236_001,0.565000622648019
Aqu2.1.04301_001,0.565000622648019
Aqu2.1.04357_001,0.520751818866274
Aqu2.1.04364_001,0.490922703142035
Aqu2.1.04422_001,0.441260320881609
Aqu2.1.04437_001,0.565000622648019
Aqu2.1.04486_001,0.340348792753099
Aqu2.1.04582_001,0.546796762607198
Aqu2.1.04644_001,0.528711735847254
Aqu2.1.04666_001,0.54389300637115
Aqu2.1.04732_001,1.98358428249442
Aqu2.1.04817_001,0.0469164807658455
Aqu2.1.04852_001,0.508827785424354
Aqu2.1.04853_001,0.525837645003346
Aqu2.1.04878_001,1.60096407040514
Aqu2.1.04922_001,0.565000622648019
Aqu2.1.05002_001,0.521709693798005
Aqu2.1.05052_001,1.04678547458435
Aqu2.1.05053_001,1.20485763418769
Aqu2.1.05054_001,0.809203753146806
Aqu2.1.05079_001,0.303212728000517
Aqu2.1.05219_001,0.152123211516603
Aqu2.1.05290_001,0.537696427805445
Aqu2.1.05294_001,0.504954534621306
Aqu2.1.05342_001,0.310161223710659
Aqu2.1.05351_001,0.545357682701092
Aqu2.1.05434_001,0.335104016793319
Aqu2.1.05514_001,0.717207717704483
Aqu2.1.05792_001,0.451938853227938
Aqu2.1.05831_001,0.736207632994726
Aqu2.1.05941_001,0.462660721724363
Aqu2.1.05995_001,0.520751818866274
Aqu2.1.06122_001,0.565000622648019
Aqu2.1.06138_001,0.447313355172741
Aqu2.1.06182_001,0.201133158476515
Aqu2.1.06204_001,0.377696440475007
Aqu2.1.06306_001,0.565000622648019
Aqu2.1.06327_001,0.543288957123057
Aqu2.1.06330_001,0.417725087629383
Aqu2.1.06353_001,0.334815298761884
Aqu2.1.06371_001,0.212746850593025
Aqu2.1.06474_001,1.58313714438359
Aqu2.1.06672_001,0.0931998083520539
Aqu2.1.06748_001,0.698475400756
Aqu2.1.06859_001,0.505329544083482
Aqu2.1.06884_001,0.784979277948595
Aqu2.1.06887_001,0.565000622648019
Aqu2.1.07030_001,0.43999272355376
Aqu2.1.07060_001,1.02026397028191
Aqu2.1.07193_001,0.715678450072744
Aqu2.1.07262_001,0.508770727830596
Aqu2.1.07397_001,0.520247046398822
Aqu2.1.07418_001,0.0406660111553997
Aqu2.1.07607_001,0.520427280379538
Aqu2.1.07655_001,0.565000622648019
Aqu2.1.07672_001,0.565000622648019
Aqu2.1.07722_001,0.457746616037899
Aqu2.1.07807_001,0.86279708270542
Aqu2.1.07885_001,0.565000622648019
Aqu2.1.08033_001,0.52483943304291
Aqu2.1.08086_001,0.0627658472453478
Aqu2.1.08099_001,0.500260077372197
Aqu2.1.08143_001,0.382059111216349
Aqu2.1.08202_001,0.0283502467675036
Aqu2.1.08208_001,0.540159648168607
Aqu2.1.08304_001,0.349090149061927
Aqu2.1.08443_001,0.565000622648019
Aqu2.1.08507_001,1.48934353807634
Aqu2.1.08518_001,0.512193972265112
Aqu2.1.08532_001,0.926032671159731
Aqu2.1.08545_001,0.402421274204911
Aqu2.1.08546_001,0.264013445743645
Aqu2.1.08551_001,0.459709616089781
Aqu2.1.08560_001,0.754593417967811
Aqu2.1.08596_001,1.35089511137519
Aqu2.1.08602_001,0.161817047670302
Aqu2.1.08604_001,0.706648235177789
Aqu2.1.08636_001,0.30216071338936
Aqu2.1.08671_001,0.565000622648019
Aqu2.1.09136_001,0.419007113066932
Aqu2.1.09167_001,0.446989581276819
Aqu2.1.09223_001,0.565000622648019
Aqu2.1.09232_001,0.565000622648019
Aqu2.1.09233_001,3.05054568587728
Aqu2.1.09234_001,0.496261873139447
Aqu2.1.09345_001,0.540132709883459
Aqu2.1.09371_001,0.364824718136532
Aqu2.1.09532_001,0.0805112970201447
Aqu2.1.09583_001,0.238092046949905
Aqu2.1.09643_001,0.565000622648019
Aqu2.1.09747_001,0.275285309737193
Aqu2.1.09853_001,3.60388392996511
Aqu2.1.09970_001,0.115704369881809
Aqu2.1.10010_001,0.429999091847037
Aqu2.1.10024_001,0.549268732156528
Aqu2.1.10116_001,0.135974857142239
Aqu2.1.10423_001,0.790935376292641
Aqu2.1.10425_001,0.812245824437128
Aqu2.1.10479_001,0.520247046398822
Aqu2.1.10533_001,0.0713653473843091
Aqu2.1.10683_001,0.441825792158992
Aqu2.1.10771_001,1.48934353807634
Aqu2.1.10794_001,0.468169821707231
Aqu2.1.10905_001,0.356345325459889
Aqu2.1.10950_001,0.459709616089781
Aqu2.1.11155_001,0.565000622648019
Aqu2.1.11157_001,0.565000622648019
Aqu2.1.11170_001,0.295533319526744
Aqu2.1.11209_001,0.565000622648019
Aqu2.1.11289_001,1.1858771494998
Aqu2.1.11412_001,0.535349783571715
Aqu2.1.11440_001,1.5749563812625
Aqu2.1.11527_001,0.565000622648019
Aqu2.1.11580_001,0.537115225438545
Aqu2.1.11623_001,0.546197390853606
Aqu2.1.11657_001,0.333956261211381
Aqu2.1.11683_001,0.14830336966459
Aqu2.1.11709_001,0.532835933408256
Aqu2.1.11744_001,0.69044600641808
Aqu2.1.11768_001,0.320988165183666
Aqu2.1.11769_001,0.540132709883459
Aqu2.1.11792_001,0.565000622648019
Aqu2.1.11794_001,0.254104486255139
Aqu2.1.11798_001,0.565000622648019
Aqu2.1.11911_001,0.704684405123539
Aqu2.1.11912_001,0.513273144101159
Aqu2.1.11974_001,0.565000622648019
Aqu2.1.12018_001,0.409612757323438
Aqu2.1.12022_001,0.441001461221337
Aqu2.1.12079_001,0.466522304818909
Aqu2.1.12133_001,0.334847643518585
Aqu2.1.12195_001,0.418970581510598
Aqu2.1.12200_001,0.237492629504766
Aqu2.1.12280_001,0.473458119639766
Aqu2.1.12328_001,0.565000622648019
Aqu2.1.12341_001,0.487833063706741
Aqu2.1.12614_001,0.100410539414174
Aqu2.1.12656_001,0.351769658567643
Aqu2.1.12824_001,0.565000622648019
Aqu2.1.13076_001,0.822518148942163
Aqu2.1.13102_001,0.447735284892146
Aqu2.1.13104_001,0.216487773284372
Aqu2.1.13168_001,0.753668484282458
Aqu2.1.13200_001,0.506438104232732
Aqu2.1.13252_001,0.565000622648019
Aqu2.1.13369_001,0.955026026122504
Aqu2.1.13384_001,0.206761222992919
Aqu2.1.13433_001,0.128199973727551
Aqu2.1.13442_001,0.485154443604141
Aqu2.1.13503_001,0.54389300637115
Aqu2.1.13548_001,0.470802597943625
Aqu2.1.13551_001,1.09997802331008
Aqu2.1.13554_001,0.503619470091461
Aqu2.1.13601_001,0.508827785424354
Aqu2.1.13687_001,0.565000622648019
Aqu2.1.13721_001,0.239779591767806
Aqu2.1.13966_001,0.302537091205185
Aqu2.1.13998_001,0.514161961475509
Aqu2.1.14115_001,0.40606719925325
Aqu2.1.14179_001,0.302443226980439
Aqu2.1.14206_001,0.259019754299799
Aqu2.1.14208_001,0.543411269751063
Aqu2.1.14214_001,0.851461378851851
Aqu2.1.14218_001,0.690940208155997
Aqu2.1.14346_001,0.565000622648019
Aqu2.1.14415_001,0.388792960424201
Aqu2.1.14417_001,0.358518753587492
Aqu2.1.14426_001,0.417659862162647
Aqu2.1.14460_001,0.565000622648019
Aqu2.1.14535_001,0.432928480123937
Aqu2.1.14536_001,0.223283643824145
Aqu2.1.14546_001,0.20542817025631
Aqu2.1.14635_001,0.565000622648019
Aqu2.1.14715_001,1.01592003542751
Aqu2.1.14759_001,0.509502186004121
Aqu2.1.14767_001,0.604729821132318
Aqu2.1.14847_001,0.032068092655389
Aqu2.1.14893_001,0.508827785424354
Aqu2.1.15015_001,0.175532391445422
Aqu2.1.15016_001,0.986226061252202
Aqu2.1.15017_001,0.235469252072204
Aqu2.1.15176_001,0.660828412797039
Aqu2.1.15182_001,0.229916956938626
Aqu2.1.15202_001,0.370777487875234
Aqu2.1.15215_001,0.546796762607198
Aqu2.1.15231_001,0.347727381791842
Aqu2.1.15246_001,0.235872614012387
Aqu2.1.15313_001,0.550622136210605
Aqu2.1.15413_001,0.692780129050022
Aqu2.1.15425_001,0.461277722339385
Aqu2.1.15559_001,0.21323521601964
Aqu2.1.15622_001,0.0380691672556161
Aqu2.1.15742_001,0.200591132250584
Aqu2.1.15745_001,0.79217449773909
Aqu2.1.15767_001,0.565000622648019
Aqu2.1.15780_001,0.275419859113737
Aqu2.1.15844_001,0.47300488723645
Aqu2.1.15907_001,0.50593134839134
Aqu2.1.16007_001,0.597281675790873
Aqu2.1.16043_001,0.545613185641825
Aqu2.1.16044_001,1.30351869972566
Aqu2.1.16057_001,0.478937432704958
Aqu2.1.16068_001,0.432713758284462
Aqu2.1.16116_001,0.546860489765162
Aqu2.1.16180_001,0.409346922104943
Aqu2.1.16183_001,0.0810129442987788
Aqu2.1.16244_001,0.545613185641825
Aqu2.1.16251_001,0.530464957839476
Aqu2.1.16420_001,0.267943389508507
Aqu2.1.16437_001,0.538992933505375
Aqu2.1.16507_001,0.287900614610401
Aqu2.1.16568_001,0.403287921692524
Aqu2.1.16570_001,0.300677823101977
Aqu2.1.16572_001,0.449640506129498
Aqu2.1.16670_001,1.57829404720718
Aqu2.1.16694_001,0.00093699935000308
Aqu2.1.16697_001,0.653300580620758
Aqu2.1.16732_001,0.170760752265169
Aqu2.1.16734_001,0.435268014601483
Aqu2.1.16735_001,0.333075331106686
Aqu2.1.16774_001,3.54955325918785
Aqu2.1.16891_001,0.443553288062474
Aqu2.1.16895_001,0.507561834457037
Aqu2.1.16900_001,0.41551831999725
Aqu2.1.16934_001,0.422586579956224
Aqu2.1.16941_001,0.447030163742424
Aqu2.1.16943_001,0.226912744194952
Aqu2.1.17122_001,0.631648972212722
Aqu2.1.17148_001,0.442706102595792
Aqu2.1.17174_001,0.886290981244817
Aqu2.1.17176_001,0.927014077292532
Aqu2.1.17181_001,0.545357682701092
Aqu2.1.17227_001,0.565000622648019
Aqu2.1.17530_001,1.20145873307835
Aqu2.1.17531_001,0.472563814455027
Aqu2.1.17548_001,0.44107562692539
Aqu2.1.17675_001,0.439081474566766
Aqu2.1.17694_001,0.336632722243693
Aqu2.1.17698_001,0.948569114872231
Aqu2.1.17699_001,0.243342540894939
Aqu2.1.17703_001,0.766198806567951
Aqu2.1.17713_001,0.543288957123057
Aqu2.1.17714_001,0.300677823101977
Aqu2.1.17731_001,0.411220568375343
Aqu2.1.17771_001,0.201090823082787
Aqu2.1.17808_001,0.819857851876499
Aqu2.1.17811_001,0.341263739699109
Aqu2.1.17910_001,0.234378819865428
Aqu2.1.17928_001,0.289726452067432
Aqu2.1.17964_001,0.171482921720821
Aqu2.1.17984_001,0.356291916951218
Aqu2.1.18015_001,0.274060519937754
Aqu2.1.18016_001,0.262600332901895
Aqu2.1.18020_001,0.272192587588608
Aqu2.1.18064_001,0.54389300637115
Aqu2.1.18075_001,0.109944874106628
Aqu2.1.18097_001,0.436884416388762
Aqu2.1.18171_001,0.264674639351353
Aqu2.1.18173_001,0.0839084021544615
Aqu2.1.18233_001,0.302413773031213
Aqu2.1.18271_001,0.308787160177386
Aqu2.1.18308_001,0.80851064621385
Aqu2.1.18349_001,0.565000622648019
Aqu2.1.18456_001,0.17168879878104
Aqu2.1.18494_001,0.298107162264835
Aqu2.1.18499_001,0.69851898751548
Aqu2.1.18506_001,0.453685799373416
Aqu2.1.18550_001,0.48697336254998
Aqu2.1.18590_001,0.417444647989374
Aqu2.1.18719_001,0.0529569051082707
Aqu2.1.18821_001,0.254031763333978
Aqu2.1.18822_001,0.0887761906365913
Aqu2.1.18838_001,0.317578095432636
Aqu2.1.18985_001,0.962036577690446
Aqu2.1.18986_001,0.183748414278197
Aqu2.1.18988_001,0.28579710448519
Aqu2.1.18993_001,0.565000622648019
Aqu2.1.18995_001,0.480846375670457
Aqu2.1.19147_001,0.505393761903493
Aqu2.1.19148_001,0.0393387144625469
Aqu2.1.19192_001,0.530332921324539
Aqu2.1.19195_001,0.828965274132155
Aqu2.1.19198_001,0.317860827765019
Aqu2.1.19199_001,2.0046445007531
Aqu2.1.19208_001,0.522441766097713
Aqu2.1.19251_001,2.76521404261376
Aqu2.1.19367_001,0.548879775088651
Aqu2.1.19429_001,0.420122740624006
Aqu2.1.19430_001,0.894672801051505
Aqu2.1.19531_001,0.244893045417208
Aqu2.1.19549_001,0.971581169084097
Aqu2.1.19631_001,0.40161218027674
Aqu2.1.19688_001,0.20694848975564
Aqu2.1.19733_001,0.565000622648019
Aqu2.1.19758_001,0.547690517288904
Aqu2.1.19874_001,0.565000622648019
Aqu2.1.19907_001,0.549268732156528
Aqu2.1.19908_001,0.554468784615788
Aqu2.1.19921_001,0.386111140806519
Aqu2.1.19922_001,0.306880225670984
Aqu2.1.19927_001,0.406528289819753
Aqu2.1.19928_001,0.204075504437141
Aqu2.1.19939_001,0.543645305396956
Aqu2.1.19993_001,0.543645305396956
Aqu2.1.19994_001,0.540159648168607
Aqu2.1.19995_001,0.745513242741124
Aqu2.1.20009_001,0.306525900898099
Aqu2.1.20034_001,0.510743300652198
Aqu2.1.20042_001,0.25506747134078
Aqu2.1.20043_001,0.548879775088651
Aqu2.1.20108_001,1.16002098375443
Aqu2.1.20125_001,0.464784938281293
Aqu2.1.20150_001,0.75890426128604
Aqu2.1.20185_001,0.227244311800727
Aqu2.1.20210_001,0.62266865939259
Aqu2.1.20221_001,0.434999207589712
Aqu2.1.20224_001,2.55852181072145
Aqu2.1.20225_001,8.33748074157796
Aqu2.1.20226_001,0.486369393745376
Aqu2.1.20227_001,2.64407045388327
Aqu2.1.20228_001,0.295166398351104
Aqu2.1.20229_001,0.252394102366394
Aqu2.1.20296_001,0.958880330450848
Aqu2.1.20323_001,0.545613185641825
Aqu2.1.20352_001,0.133779764496361
Aqu2.1.20353_001,0.160286733618462
Aqu2.1.20355_001,0.325512139398356
Aqu2.1.20364_001,0.506438104232732
Aqu2.1.20500_001,0.315853605932432
Aqu2.1.20507_001,0.355770238924345
Aqu2.1.20512_001,0.323793634883415
Aqu2.1.20518_001,0.181628743911987
Aqu2.1.20541_001,0.322299347276708
Aqu2.1.20569_001,0.510449279430567
Aqu2.1.20589_001,0.109131421090675
Aqu2.1.20591_001,0.43018408658829
Aqu2.1.20602_001,0.201661971438293
Aqu2.1.20603_001,0.372999267285214
Aqu2.1.20653_001,0.178530390153357
Aqu2.1.20674_001,0.440170769396651
Aqu2.1.20690_001,0.565000622648019
Aqu2.1.20692_001,0.9991686338197
Aqu2.1.20712_001,0.500105745807562
Aqu2.1.20721_001,0.387304288689104
Aqu2.1.20819_001,0.44107562692539
Aqu2.1.20822_001,0.198591091981323
Aqu2.1.20823_001,0.474104787414497
Aqu2.1.20829_001,0.924724234010668
Aqu2.1.20835_001,0.0484327572423197
Aqu2.1.20840_001,0.673999228450968
Aqu2.1.20852_001,0.395140344923074
Aqu2.1.20858_001,0.297246803316949
Aqu2.1.20860_001,0.465026078532206
Aqu2.1.20885_001,0.477336566235148
Aqu2.1.20910_001,0.540797127659923
Aqu2.1.20926_001,0.441046200689334
Aqu2.1.20944_001,0.397745854513047
Aqu2.1.20951_001,0.490222125492879
Aqu2.1.21013_001,0.273224950820673
Aqu2.1.21027_001,0.395671873803041
Aqu2.1.21049_001,0.180920754312153
Aqu2.1.21069_001,0.513322535189973
Aqu2.1.21071_001,0.395842495673602
Aqu2.1.21080_001,0.0136079572393182
Aqu2.1.21107_001,0.532378908434854
Aqu2.1.21171_001,0.126930905943771
Aqu2.1.21174_001,0.624586521750026
Aqu2.1.21175_001,0.931854147532324
Aqu2.1.21178_001,0.140140106935077
Aqu2.1.21196_001,0.245964045736391
Aqu2.1.21209_001,0.27697715303182
Aqu2.1.21215_001,0.541327244785232
Aqu2.1.21216_001,0.335372659049166
Aqu2.1.21223_001,2.39981060480222
Aqu2.1.21230_001,0.717207717704483
Aqu2.1.21234_001,0.0297931515639562
Aqu2.1.21245_001,0.108275457033964
Aqu2.1.21260_001,0.1562733297255
Aqu2.1.21266_001,0.406528289819753
Aqu2.1.21283_001,0.932019951243937
Aqu2.1.21398_001,0.476831422290239
Aqu2.1.21490_001,0.1121011330011
Aqu2.1.21492_001,0.322079455379433
Aqu2.1.21521_001,0.476161299647882
Aqu2.1.21523_001,0.794248740914814
Aqu2.1.21524_001,0.670010081718694
Aqu2.1.21534_001,0.565000622648019
Aqu2.1.21550_001,0.196093462395789
Aqu2.1.21553_001,0.495145022543575
Aqu2.1.21722_001,0.32316869829475
Aqu2.1.21723_001,0.494041417914572
Aqu2.1.21742_001,0.540797127659923
Aqu2.1.21782_001,0.27392721303256
Aqu2.1.21784_001,0.423312727451374
Aqu2.1.21795_001,0.453345695945573
Aqu2.1.21877_001,0.103020689465674
Aqu2.1.21880_001,0.0490427282274069
Aqu2.1.21881_001,0.418291300234667
Aqu2.1.21906_001,0.914004572077198
Aqu2.1.22051_001,0.837701298606368
Aqu2.1.22055_001,0.22070414329762
Aqu2.1.22064_001,1.41152060042181
Aqu2.1.22101_001,0.776242467520555
Aqu2.1.22210_001,0.565000622648019
Aqu2.1.22216_001,0.774358518809851
Aqu2.1.22249_001,0.296956644717843
Aqu2.1.22251_001,0.715909769699771
Aqu2.1.22298_001,0.536278405555115
Aqu2.1.22299_001,0.41570571684375
Aqu2.1.22302_001,0.190172521062727
Aqu2.1.22306_001,0.0103815033742395
Aqu2.1.22320_001,0.368698245882466
Aqu2.1.22329_001,0.24848096649709
Aqu2.1.22331_001,0.362685007253639
Aqu2.1.22332_001,0.106163147772364
Aqu2.1.22333_001,0.384657705022853
Aqu2.1.22334_001,0.52483943304291
Aqu2.1.22388_001,0.0545325969247173
Aqu2.1.22395_001,0.0753651561042335
Aqu2.1.22400_001,1.32442615857066
Aqu2.1.22407_001,0.298182435744486
Aqu2.1.22410_001,0.476161299647882
Aqu2.1.22481_001,0.586559927460722
Aqu2.1.22484_001,0.565000622648019
Aqu2.1.22485_001,0.97294131127369
Aqu2.1.22513_001,0.63049830384171
Aqu2.1.22518_001,0.565000622648019
Aqu2.1.22533_001,0.258171126338768
Aqu2.1.22573_001,0.267767885100573
Aqu2.1.22595_001,0.503109811680185
Aqu2.1.22598_001,1.33226647318256
Aqu2.1.22599_001,0.0532339510654211
Aqu2.1.22602_001,0.278774060022982
Aqu2.1.22697_001,0.276060384127324
Aqu2.1.22698_001,0.565000622648019
Aqu2.1.22700_001,0.546221295149235
Aqu2.1.22765_001,0.522971110440428
Aqu2.1.22787_001,0.585633359752636
Aqu2.1.22806_001,0.326174371189575
Aqu2.1.22871_001,0.356345325459889
Aqu2.1.22872_001,0.412435844226208
Aqu2.1.22878_001,0.0036323738685975
Aqu2.1.22932_001,0.502501583201295
Aqu2.1.22934_001,0.444161280785028
Aqu2.1.22935_001,0.210096801342059
Aqu2.1.22986_001,0.345616536539021
Aqu2.1.22990_001,0.282290170322645
Aqu2.1.22992_001,0.95635165956713
Aqu2.1.22994_001,0.339196029949984
Aqu2.1.23001_001,0.387304288689104
Aqu2.1.23007_001,0.688989085734573
Aqu2.1.23010_001,0.260722492058555
Aqu2.1.23201_001,0.797918247785361
Aqu2.1.23204_001,0.511208713475489
Aqu2.1.23214_001,1.91640701302193
Aqu2.1.23215_001,1.08937019860516
Aqu2.1.23216_001,3.087151497614
Aqu2.1.23229_001,1.40108177431914
Aqu2.1.23231_001,0.165721263135976
Aqu2.1.23237_001,0.447971318291793
Aqu2.1.23300_001,0.549268732156528
Aqu2.1.23302_001,1.49862828780264
Aqu2.1.23310_001,0.0554207023014082
Aqu2.1.23364_001,0.373064619523314
Aqu2.1.23365_001,0.632566377022079
Aqu2.1.23372_001,0.526321034767059
Aqu2.1.23375_001,0.692161938363593
Aqu2.1.23376_001,0.803714917147749
Aqu2.1.23393_001,0.425011704184586
Aqu2.1.23401_001,0.520247046398822
Aqu2.1.23534_001,0.918853366374951
Aqu2.1.23572_001,0.0632661797179506
Aqu2.1.23630_001,0.565000622648019
Aqu2.1.23645_001,0.667976360606782
Aqu2.1.23694_001,0.759893560622144
Aqu2.1.23698_001,0.442663627927415
Aqu2.1.23701_001,0.486319389251584
Aqu2.1.23710_001,0.983748243215408
Aqu2.1.23718_001,0.565000622648019
Aqu2.1.23728_001,0.27988143156266
Aqu2.1.23762_001,0.944153588419119
Aqu2.1.23767_001,0.0179147481052948
Aqu2.1.23775_001,0.367268183756258
Aqu2.1.23776_001,0.689920051731642
Aqu2.1.23777_001,0.20616214179182
Aqu2.1.23779_001,0.771852541344087
Aqu2.1.23811_001,0.0820913060375037
Aqu2.1.23821_001,0.410790369727309
Aqu2.1.23829_001,0.792761768393397
Aqu2.1.23840_001,0.513322535189973
Aqu2.1.23847_001,0.329886663960233
Aqu2.1.23854_001,0.481089330075462
Aqu2.1.23858_001,0.521709693798005
Aqu2.1.23867_001,0.228478011880608
Aqu2.1.23870_001,0.511746132711796
Aqu2.1.23873_001,0.389192391979161
Aqu2.1.23885_001,0.822518148942163
Aqu2.1.23903_001,1.59725893247208
Aqu2.1.23957_001,0.398099426203176
Aqu2.1.23959_001,0.354611009699285
Aqu2.1.23963_001,0.206796305684878
Aqu2.1.23964_001,0.833240024539901
Aqu2.1.24004_001,0.0520172727601474
Aqu2.1.24010_001,0.565000622648019
Aqu2.1.24038_001,0.536203420046461
Aqu2.1.24071_001,0.298460097137094
Aqu2.1.24119_001,0.847501373353409
Aqu2.1.24125_001,0.54694759429494
Aqu2.1.24127_001,1.20232364778731
Aqu2.1.24132_001,0.325771223006618
Aqu2.1.24137_001,0.377459176540457
Aqu2.1.24178_001,0.565000622648019
Aqu2.1.24192_001,0.323330193608931
Aqu2.1.24269_001,0.802366319907235
Aqu2.1.24278_001,0.697439447127315
Aqu2.1.24280_001,0.0190636519815292
Aqu2.1.24356_001,0.447313355172741
Aqu2.1.24371_001,0.431674645770369
Aqu2.1.24397_001,0.351781977900484
Aqu2.1.24406_001,0.774358518809851
Aqu2.1.24469_001,0.857043285910565
Aqu2.1.24489_001,0.565000622648019
Aqu2.1.24490_001,0.499358438616362
Aqu2.1.24491_001,0.453685799373416
Aqu2.1.24493_001,0.186188216205969
Aqu2.1.24500_001,0.0141796358637666
Aqu2.1.24503_001,0.54389300637115
Aqu2.1.24504_001,0.352528532732134
Aqu2.1.24507_001,0.588182081236039
Aqu2.1.24512_001,0.121852014737968
Aqu2.1.24517_001,0.420122740624006
Aqu2.1.24520_001,0.624858010992874
Aqu2.1.24521_001,0.536021391435805
Aqu2.1.24526_001,0.379252494622531
Aqu2.1.24530_001,0.237406813982885
Aqu2.1.24543_001,0.690940208155997
Aqu2.1.24547_001,0.612468570257674
Aqu2.1.24548_001,0.409712782184844
Aqu2.1.24549_001,0.394662092968477
Aqu2.1.24550_001,0.278771545469882
Aqu2.1.24551_001,0.93436995184708
Aqu2.1.24552_001,0.565000622648019
Aqu2.1.24553_001,0.848826316651595
Aqu2.1.24554_001,0.502501583201295
Aqu2.1.24555_001,6.18571744147501
Aqu2.1.24556_001,0.515441477308828
Aqu2.1.24559_001,1.17223746988559
Aqu2.1.24563_001,0.549486338981815
Aqu2.1.24601_001,0.169391448326476
Aqu2.1.24663_001,0.434715134647099
Aqu2.1.24666_001,1.00927378146973
Aqu2.1.24672_001,0.0406300333447622
Aqu2.1.24723_001,0.520751818866274
Aqu2.1.24807_001,0.41904918011839
Aqu2.1.24876_001,0.216487773284372
Aqu2.1.24885_001,0.418217178515156
Aqu2.1.24886_001,0.21840690904172
Aqu2.1.24888_001,0.828740056525798
Aqu2.1.24889_001,0.8733217779769
Aqu2.1.24904_001,0.404809696023746
Aqu2.1.24917_001,0.394355680703296
Aqu2.1.24918_001,0.0485875216335461
Aqu2.1.24921_001,0.205282228217204
Aqu2.1.24969_001,0.866060975740129
Aqu2.1.24970_001,2.51237542742389
Aqu2.1.24986_001,0.160725046650515
Aqu2.1.24998_001,0.0153139129085858
Aqu2.1.25002_001,0.221672441512745
Aqu2.1.25003_001,0.891964212629822
Aqu2.1.25006_001,0.423145434553709
Aqu2.1.25014_001,0.46054698268619
Aqu2.1.25106_001,0.385933595574112
Aqu2.1.25125_001,0.540159648168607
Aqu2.1.25183_001,0.822518148942163
Aqu2.1.25298_001,0.565000622648019
Aqu2.1.25306_001,0.698629052130048
Aqu2.1.25341_001,0.280784537424247
Aqu2.1.25377_001,0.338970674290295
Aqu2.1.25391_001,0.157924241920382
Aqu2.1.25415_001,0.886917442274619
Aqu2.1.25416_001,0.278984156875168
Aqu2.1.25433_001,0.28673274124694
Aqu2.1.25555_001,0.540797127659923
Aqu2.1.25563_001,0.565000622648019
Aqu2.1.25568_001,0.38783141009439
Aqu2.1.25577_001,0.480846375670457
Aqu2.1.25581_001,0.218771485961083
Aqu2.1.25583_001,0.768341935560132
Aqu2.1.25585_001,0.218398030012265
Aqu2.1.25597_001,0.322079455379433
Aqu2.1.25601_001,0.678548736413223
Aqu2.1.25608_001,0.54389300637115
Aqu2.1.25676_001,0.245964045736391
Aqu2.1.25686_001,0.0831331966776803
Aqu2.1.25687_001,1.29465068906035
Aqu2.1.25690_001,0.565000622648019
Aqu2.1.25696_001,0.522971110440428
Aqu2.1.25697_001,0.984874641220431
Aqu2.1.25748_001,0.264674639351353
Aqu2.1.25758_001,0.414507887315704
Aqu2.1.25761_001,0.501386734991897
Aqu2.1.25762_001,0.443553288062474
Aqu2.1.25770_001,0.453540418147449
Aqu2.1.25864_001,0.302537091205185
Aqu2.1.25867_001,0.125039775486397
Aqu2.1.25869_001,0.479281627382927
Aqu2.1.25872_001,0.462664840045519
Aqu2.1.25874_001,0.91614956423412
Aqu2.1.25875_001,0.434715134647099
Aqu2.1.25883_001,0.209677164707052
Aqu2.1.25894_001,0.22938815750163
Aqu2.1.25922_001,0.505329544083482
Aqu2.1.25924_001,0.496024527049939
Aqu2.1.25925_001,0.388962962993709
Aqu2.1.25926_001,0.221048613396226
Aqu2.1.25929_001,0.674932188650916
Aqu2.1.26006_001,0.747163168940688
Aqu2.1.26009_001,0.38987665251781
Aqu2.1.26016_001,0.00959980381581688
Aqu2.1.26022_001,0.29735637908591
Aqu2.1.26023_001,0.356007025796893
Aqu2.1.26024_001,0.198979474240452
Aqu2.1.26027_001,0.387390838600906
Aqu2.1.26040_001,0.502230661787094
Aqu2.1.26041_001,0.705283631449381
Aqu2.1.26043_001,0.925891588304516
Aqu2.1.26094_001,0.377310753851251
Aqu2.1.26111_001,1.0415257828573
Aqu2.1.26119_001,0.351726199831601
Aqu2.1.26120_001,0.12022091436261
Aqu2.1.26139_001,0.827596014212653
Aqu2.1.26140_001,0.334154645703653
Aqu2.1.26151_001,0.33018661126856
Aqu2.1.26152_001,0.220558660238455
Aqu2.1.26155_001,0.202312693005159
Aqu2.1.26238_001,0.456765451821515
Aqu2.1.26246_001,0.00518309584717572
Aqu2.1.26293_001,0.389836103314185
Aqu2.1.26297_001,0.565000622648019
Aqu2.1.26307_001,0.503188886127577
Aqu2.1.26309_001,0.743018806228224
Aqu2.1.26318_001,0.668123547125906
Aqu2.1.26322_001,0.692944641585167
Aqu2.1.26374_001,0.510743300652198
Aqu2.1.26395_001,0.325455884301499
Aqu2.1.26398_001,0.157889411826168
Aqu2.1.26407_001,0.565000622648019
Aqu2.1.26430_001,0.837038920802055
Aqu2.1.26492_001,0.54326563868719
Aqu2.1.26496_001,0.514794460267722
Aqu2.1.26519_001,0.541135168612764
Aqu2.1.26525_001,0.473458119639766
Aqu2.1.26526_001,0.149033472594426
Aqu2.1.26561_001,0.362069127875464
Aqu2.1.26562_001,0.550012410530128
Aqu2.1.26577_001,0.520247046398822
Aqu2.1.26603_001,0.314392548785483
Aqu2.1.26604_001,0.647973658873561
Aqu2.1.26612_001,0.363514159924343
Aqu2.1.26613_001,0.325165284890588
Aqu2.1.26651_001,1.5483969545637
Aqu2.1.26655_001,0.092696317217908
Aqu2.1.26660_001,0.395328010429702
Aqu2.1.26661_001,0.513822230671657
Aqu2.1.26687_001,0.899224663252792
Aqu2.1.26808_001,0.177246657854617
Aqu2.1.26809_001,0.462380484537254
Aqu2.1.26833_001,0.36165631381169
Aqu2.1.26837_001,0.503188886127577
Aqu2.1.26846_001,0.179264307187638
Aqu2.1.26847_001,0.515460079763189
Aqu2.1.26878_001,0.411220568375343
Aqu2.1.26892_001,0.0329190572712768
Aqu2.1.26913_001,0.633095755841403
Aqu2.1.26929_001,0.10829896839553
Aqu2.1.26935_001,0.474104787414497
Aqu2.1.26940_001,0.855773311501028
Aqu2.1.26941_001,0.301252395302667
Aqu2.1.26953_001,0.53503691576096
Aqu2.1.26960_001,0.314897438460551
Aqu2.1.26963_001,0.242811531227374
Aqu2.1.26967_001,0.395140344923074
Aqu2.1.26969_001,3.24129059655614
Aqu2.1.26976_001,0.0192255878049575
Aqu2.1.26981_001,0.817175186686897
Aqu2.1.26982_001,0.512062624853678
Aqu2.1.26984_001,0.0128151885036346
Aqu2.1.26985_001,0.224570970215133
Aqu2.1.26996_001,0.958880330450848
Aqu2.1.26999_001,0.375352051098041
Aqu2.1.27001_001,0.333744015169045
Aqu2.1.27008_001,0.50769351198459
Aqu2.1.27016_001,0.979772648170362
Aqu2.1.27017_001,0.388052749650725
Aqu2.1.27026_001,0.0174209032999023
Aqu2.1.27032_001,0.565000622648019
Aqu2.1.27034_001,0.540797127659923
Aqu2.1.27060_001,0.193428110525803
Aqu2.1.27064_001,0.190048164487713
Aqu2.1.27066_001,0.444161280785028
Aqu2.1.27073_001,2.00730786121152
Aqu2.1.27074_001,0.437760940905444
Aqu2.1.27075_001,0.306832454904291
Aqu2.1.27080_001,0.517996480669633
Aqu2.1.27082_001,0.500105745807562
Aqu2.1.27086_001,0.424916153667432
Aqu2.1.27088_001,0.357494846953167
Aqu2.1.27094_001,0.485913106411023
Aqu2.1.27108_001,0.466764590562848
Aqu2.1.27111_001,0.258418796613927
Aqu2.1.27117_001,0.53503691576096
Aqu2.1.27119_001,0.287900614610401
Aqu2.1.27138_001,1.94521181789099
Aqu2.1.27140_001,1.84506033524194
Aqu2.1.27186_001,0.348472117047941
Aqu2.1.27188_001,0.413000141059855
Aqu2.1.27189_001,0.659268093741773
Aqu2.1.27190_001,0.847661716151764
Aqu2.1.27202_001,1.09396041526479
Aqu2.1.27203_001,0.396273128821289
Aqu2.1.27222_001,0.086637901103843
Aqu2.1.27226_001,0.244105126891276
Aqu2.1.27229_001,0.951804158973158
Aqu2.1.27231_001,0.361797602255224
Aqu2.1.27246_001,0.897509804087132
Aqu2.1.27248_001,0.360483827116104
Aqu2.1.27268_001,0.4167551702994
Aqu2.1.27275_001,0.546002824058012
Aqu2.1.27279_001,0.470802597943625
Aqu2.1.27280_001,0.442604911425441
Aqu2.1.27287_001,0.929283666132242
Aqu2.1.27303_001,0.504954534621306
Aqu2.1.27308_001,0.436041783948641
Aqu2.1.27309_001,0.650546531894106
Aqu2.1.27322_001,1.2773165785706
Aqu2.1.27323_001,0.50593134839134
Aqu2.1.27331_001,0.225324336602024
Aqu2.1.27332_001,0.503332849604342
Aqu2.1.27338_001,0.100107485067727
Aqu2.1.27341_001,3.25303347469768
Aqu2.1.27345_001,0.565000622648019
Aqu2.1.27347_001,1.00358146414219
Aqu2.1.27366_001,0.453789717185149
Aqu2.1.27367_001,0.527473562696485
Aqu2.1.27411_001,0.0604525916074797
Aqu2.1.27424_001,0.565000622648019
Aqu2.1.27464_001,0.549268732156528
Aqu2.1.27469_001,0.947459356414642
Aqu2.1.27474_001,0.141812424463634
Aqu2.1.27489_001,0.498358208035141
Aqu2.1.27527_001,0.0747852617037483
Aqu2.1.27534_001,0.505393761903493
Aqu2.1.27541_001,1.51962055364828
Aqu2.1.27546_001,0.144840332749407
Aqu2.1.27556_001,0.191371130852961
Aqu2.1.27560_001,0.233312442901174
Aqu2.1.27567_001,0.0629685637167981
Aqu2.1.27577_001,0.541135168612764
Aqu2.1.27583_001,0.388052749650725
Aqu2.1.27601_001,0.54389300637115
Aqu2.1.27627_001,0.559557432506626
Aqu2.1.27780_001,0.475933931390291
Aqu2.1.27782_001,0.329056995428174
Aqu2.1.27783_001,0.546228539599641
Aqu2.1.27784_001,0.420934777172702
Aqu2.1.27787_001,0.207159124178274
Aqu2.1.27835_001,0.625784865315203
Aqu2.1.27846_001,0.080334575045912
Aqu2.1.27848_001,0.745252540147821
Aqu2.1.27849_001,0.0309555604570377
Aqu2.1.27856_001,0.540159648168607
Aqu2.1.27858_001,0.802453406096845
Aqu2.1.27859_001,0.781003625899651
Aqu2.1.27860_001,1.2473756449107
Aqu2.1.27861_001,0.543411269751063
Aqu2.1.27864_001,0.806397301382794
Aqu2.1.27869_001,0.948155752465607
Aqu2.1.27885_001,0.175593433305804
Aqu2.1.27886_001,0.533571446418799
Aqu2.1.28037_001,0.274959489323097
Aqu2.1.28058_001,0.61440229123904
Aqu2.1.28061_001,0.90879245718107
Aqu2.1.28062_001,1.76506341329229
Aqu2.1.28070_001,0.419626505015916
Aqu2.1.28072_001,0.653300580620758
Aqu2.1.28076_001,0.490922703142035
Aqu2.1.28077_001,0.0288561577076469
Aqu2.1.28090_001,0.0766284274094685
Aqu2.1.28098_001,0.24848096649709
Aqu2.1.28100_001,1.3701050534826
Aqu2.1.28101_001,0.844277708769487
Aqu2.1.28174_001,0.538992933505375
Aqu2.1.28175_001,0.325925009142795
Aqu2.1.28179_001,0.821028589833383
Aqu2.1.28184_001,0.814090792747164
Aqu2.1.28195_001,0.244918666250565
Aqu2.1.28212_001,0.0509382121858367
Aqu2.1.28221_001,0.361397415207804
Aqu2.1.28224_001,0.00372661522974919
Aqu2.1.28227_001,0.773209432024394
Aqu2.1.28235_001,0.462380484537254
Aqu2.1.28246_001,0.542538427413988
Aqu2.1.28264_001,0.445640040393427
Aqu2.1.28273_001,0.08356569313715
Aqu2.1.28283_001,0.0375344267526261
Aqu2.1.28286_001,0.435751720647301
Aqu2.1.28294_001,0.217151988309673
Aqu2.1.28295_001,1.58282388590658
Aqu2.1.28299_001,0.234054086124232
Aqu2.1.28300_001,0.384596266507033
Aqu2.1.28303_001,0.677857984697034
Aqu2.1.28306_001,0.565000622648019
Aqu2.1.28319_001,0.237296433694159
Aqu2.1.28328_001,0.598746911633991
Aqu2.1.28330_001,0.457664392632185
Aqu2.1.28337_001,0.531114034019844
Aqu2.1.28468_001,0.437760940905444
Aqu2.1.28484_001,0.0723637757130341
Aqu2.1.28488_001,1.36088125855664
Aqu2.1.28495_001,0.324118290894546
Aqu2.1.28497_001,1.12293400740964
Aqu2.1.28503_001,0.524460829449427
Aqu2.1.28526_001,0.751206121227575
Aqu2.1.28543_001,0.319083741271225
Aqu2.1.28550_001,0.15945052722143
Aqu2.1.28578_001,0.48697336254998
Aqu2.1.28581_001,0.500260077372197
Aqu2.1.28643_001,0.565000622648019
Aqu2.1.28654_001,0.27563339512685
Aqu2.1.28655_001,1.5258345178993
Aqu2.1.28656_001,0.466572306739548
Aqu2.1.28658_001,0.259094701081847
Aqu2.1.28659_001,0.127290930048542
Aqu2.1.28675_001,0.0295164697098647
Aqu2.1.28681_001,0.248044205824652
Aqu2.1.28685_001,0.388782316256883
Aqu2.1.28689_001,0.0902813259093832
Aqu2.1.28697_001,0.312960835019306
Aqu2.1.28714_001,0.149933631489569
Aqu2.1.28740_001,0.251065564924867
Aqu2.1.28741_001,0.488131688133912
Aqu2.1.28760_001,0.234121136012257
Aqu2.1.28762_001,0.228707174186322
Aqu2.1.28790_001,0.533975684892043
Aqu2.1.28791_001,0.493125677341561
Aqu2.1.28798_001,0.300677823101977
Aqu2.1.28806_001,0.19415988512743
Aqu2.1.28819_001,0.122322044458035
Aqu2.1.28825_001,0.546391381220182
Aqu2.1.28852_001,0.387390838600906
Aqu2.1.28876_001,0.441046200689334
Aqu2.1.28877_001,0.983748243215408
Aqu2.1.28940_001,1.58495788868647
Aqu2.1.28941_001,0.545357682701092
Aqu2.1.28942_001,0.966438137856292
Aqu2.1.28943_001,1.73185552647837
Aqu2.1.28944_001,5.76871409467265
Aqu2.1.28945_001,0.565000622648019
Aqu2.1.28971_001,0.386264393384475
Aqu2.1.28989_001,0.831794953351356
Aqu2.1.28992_001,0.0349310936930043
Aqu2.1.29057_001,0.0860615985461479
Aqu2.1.29063_001,0.442386342397554
Aqu2.1.29066_001,0.411841620683361
Aqu2.1.29079_001,0.40868064478149
Aqu2.1.29083_001,0.407309478415583
Aqu2.1.29098_001,0.958754252860587
Aqu2.1.29114_001,0.485515512463477
Aqu2.1.29123_001,0.102408339617262
Aqu2.1.29125_001,2.4884537209924
Aqu2.1.29130_001,0.292577334878742
Aqu2.1.29144_001,0.191167082055507
Aqu2.1.29224_001,0.384596266507033
Aqu2.1.29240_001,0.409225045148341
Aqu2.1.29340_001,1.74758741696986
Aqu2.1.29341_001,2.78961934919683
Aqu2.1.29357_001,0.629705282019396
Aqu2.1.29372_001,0.389547596475579
Aqu2.1.29375_001,0.476161299647882
Aqu2.1.29377_001,0.470180113723158
Aqu2.1.29382_001,0.25617849987894
Aqu2.1.29385_001,0.390063149116258
Aqu2.1.29390_001,0.761563616768405
Aqu2.1.29392_001,1.16359501952554
Aqu2.1.29408_001,0.540797127659923
Aqu2.1.29412_001,0.210096801342059
Aqu2.1.29415_001,0.509848642756943
Aqu2.1.29445_001,0.067416805514824
Aqu2.1.29457_001,0.467194691001195
Aqu2.1.29478_001,0.577477710702577
Aqu2.1.29479_001,0.933542080835111
Aqu2.1.29485_001,0.188864086138969
Aqu2.1.29487_001,0.167009334547414
Aqu2.1.29499_001,0.192848715697671
Aqu2.1.29514_001,0.643635103625585
Aqu2.1.29518_001,0.443866746626014
Aqu2.1.29526_001,0.715922035479776
Aqu2.1.29619_001,0.485256488827357
Aqu2.1.29674_001,0.262778275850823
Aqu2.1.29711_001,0.726628853101669
Aqu2.1.29853_001,0.34163465116414
Aqu2.1.29855_001,0.199896112036106
Aqu2.1.29858_001,0.191371130852961
Aqu2.1.29859_001,0.226814385141499
Aqu2.1.29866_001,0.0869103684158912
Aqu2.1.29868_001,0.875570287287664
Aqu2.1.29872_001,0.970789830012507
Aqu2.1.29874_001,0.750858757937366
Aqu2.1.29879_001,0.0627832013393855
Aqu2.1.29887_001,0.687989978375713
Aqu2.1.29888_001,0.375986197829882
Aqu2.1.29889_001,0.522441766097713
Aqu2.1.29901_001,0.382020242189891
Aqu2.1.29903_001,0.304438497159189
Aqu2.1.29926_001,0.255944227889336
Aqu2.1.29928_001,0.565000622648019
Aqu2.1.29938_001,0.322299347276708
Aqu2.1.29947_001,0.166872512413361
Aqu2.1.29948_001,0.27010660939393
Aqu2.1.29964_001,0.501386734991897
Aqu2.1.29969_001,0.471123676065112
Aqu2.1.29981_001,0.392068392710483
Aqu2.1.29982_001,0.54389300637115
Aqu2.1.29986_001,0.145308551046686
Aqu2.1.29990_001,0.627020161192218
Aqu2.1.30008_001,0.261998161750412
Aqu2.1.30017_001,0.402280969265995
Aqu2.1.30024_001,0.411220568375343
Aqu2.1.30029_001,0.128823406251291
Aqu2.1.30050_001,0.771803297195861
Aqu2.1.30071_001,0.470950928120975
Aqu2.1.30077_001,0.163169758678749
Aqu2.1.30103_001,0.521709693798005
Aqu2.1.30106_001,0.38586681982354
Aqu2.1.30165_001,0.544935879802702
Aqu2.1.30227_001,0.565000622648019
Aqu2.1.30238_001,0.752902266271041
Aqu2.1.30259_001,0.355311996378694
Aqu2.1.30263_001,0.565000622648019
Aqu2.1.30270_001,0.477412631922797
Aqu2.1.30281_001,0.28008220227966
Aqu2.1.30288_001,0.387390838600906
Aqu2.1.30289_001,0.391462544827477
Aqu2.1.30293_001,0.314538215884854
Aqu2.1.30316_001,0.0946085173971623
Aqu2.1.30398_001,0.222373805910098
Aqu2.1.30399_001,0.333495679864171
Aqu2.1.30428_001,0.0305689521093937
Aqu2.1.30435_001,1.47700964844646
Aqu2.1.30459_001,0.17806020810103
Aqu2.1.30461_001,0.502454238275777
Aqu2.1.30471_001,0.497956358023397
Aqu2.1.30505_001,0.201133158476515
Aqu2.1.30507_001,0.142946711329104
Aqu2.1.30508_001,0.896725104898173
Aqu2.1.30740_001,0.565000622648019
Aqu2.1.30764_001,0.540159648168607
Aqu2.1.30831_001,0.402280969265995
Aqu2.1.30832_001,0.536637018305568
Aqu2.1.30849_001,0.0313248972025326
Aqu2.1.30862_001,0.0873470833874613
Aqu2.1.30867_001,0.141945896008226
Aqu2.1.30890_001,0.845104221596291
Aqu2.1.30892_001,0.674481807244735
Aqu2.1.30895_001,0.373064619523314
Aqu2.1.30896_001,0.290300140892252
Aqu2.1.30903_001,1.5738304331348
Aqu2.1.30907_001,0.307706980741429
Aqu2.1.30908_001,0.28579710448519
Aqu2.1.30910_001,0.998882731418844
Aqu2.1.30912_001,0.446207445937164
Aqu2.1.30993_001,0.535349783571715
Aqu2.1.30998_001,0.359736615618879
Aqu2.1.31017_001,0.442566059035529
Aqu2.1.31036_001,0.477336566235148
Aqu2.1.31095_001,0.261173058022838
Aqu2.1.31152_001,0.137011085581769
Aqu2.1.31155_001,0.237914668939784
Aqu2.1.31167_001,0.565000622648019
Aqu2.1.31193_001,0.962380386735238
Aqu2.1.31197_001,0.479362222659111
Aqu2.1.31217_001,0.293502790001012
Aqu2.1.31222_001,0.271172431164254
Aqu2.1.31233_001,0.500260077372197
Aqu2.1.31238_001,0.0745694256411481
Aqu2.1.31250_001,0.48406271078888
Aqu2.1.31258_001,0.565000622648019
Aqu2.1.31259_001,0.538992933505375
Aqu2.1.31263_001,0.540132709883459
Aqu2.1.31336_001,0.276054638386458
Aqu2.1.31354_001,0.334815298761884
Aqu2.1.31394_001,0.138307261216773
Aqu2.1.31404_001,0.520751818866274
Aqu2.1.31447_001,0.565000622648019
Aqu2.1.31471_001,0.539874027884903
Aqu2.1.31487_001,0.27584989764841
Aqu2.1.31536_001,0.269668988089872
Aqu2.1.31548_001,0.29277545260808
Aqu2.1.31550_001,0.561694331896493
Aqu2.1.31551_001,0.714859997667179
Aqu2.1.31572_001,0.377337026966355
Aqu2.1.31585_001,0.213626279662468
Aqu2.1.31587_001,1.20148624669207
Aqu2.1.31592_001,0.41551831999725
Aqu2.1.31676_001,0.256918609967808
Aqu2.1.31677_001,0.140318576288225
Aqu2.1.31679_001,0.454359530513164
Aqu2.1.31680_001,0.805239323977618
Aqu2.1.31778_001,0.565000622648019
Aqu2.1.31786_001,0.171847518827428
Aqu2.1.31787_001,0.129999995096118
Aqu2.1.31788_001,1.29518390080289
Aqu2.1.31789_001,0.138884769580094
Aqu2.1.31790_001,0.510743300652198
Aqu2.1.31795_001,1.15585105819577
Aqu2.1.31798_001,0.484175115682974
Aqu2.1.31801_001,0.468853448781135
Aqu2.1.31806_001,0.28210018245656
Aqu2.1.31809_001,0.54946800520697
Aqu2.1.31812_001,0.292676271635309
Aqu2.1.31817_001,0.481089330075462
Aqu2.1.31833_001,0.476061315645442
Aqu2.1.31846_001,0.565000622648019
Aqu2.1.31850_001,0.542538427413988
Aqu2.1.31859_001,0.134669643700522
Aqu2.1.31873_001,0.565000622648019
Aqu2.1.31886_001,0.289759754033009
Aqu2.1.31887_001,2.76983015598427
Aqu2.1.31888_001,0.514794460267722
Aqu2.1.31894_001,0.258122176489098
Aqu2.1.31900_001,0.302575658924257
Aqu2.1.31904_001,0.387473433902955
Aqu2.1.31906_001,0.469191012592887
Aqu2.1.31913_001,0.521709693798005
Aqu2.1.31917_001,0.509848642756943
Aqu2.1.31921_001,0.243256936861036
Aqu2.1.31923_001,0.437760940905444
Aqu2.1.31928_001,0.806051909256493
Aqu2.1.31942_001,0.0438228234881807
Aqu2.1.31955_001,0.189874023338397
Aqu2.1.31956_001,0.429306289454998
Aqu2.1.31965_001,0.5553602294319
Aqu2.1.31993_001,0.0274007688221897
Aqu2.1.32000_001,0.243289781674025
Aqu2.1.32002_001,0.703718178983474
Aqu2.1.32009_001,0.503619470091461
Aqu2.1.32010_001,0.502501583201295
Aqu2.1.32080_001,0.462380484537254
Aqu2.1.32081_001,1.24981109798879
Aqu2.1.32083_001,0.925323529872583
Aqu2.1.32106_001,0.0963258840991322
Aqu2.1.32107_001,0.720444102457336
Aqu2.1.32109_001,0.0267630600807827
Aqu2.1.32112_001,0.555989289197044
Aqu2.1.32118_001,1.09690267928011
Aqu2.1.32122_001,0.565000622648019
Aqu2.1.32134_001,0.0924521114202048
Aqu2.1.32137_001,0.0730296618062608
Aqu2.1.32139_001,0.564547168128628
Aqu2.1.32140_001,0.498716316508331
Aqu2.1.32141_001,1.03443783061501
Aqu2.1.32143_001,0.178663832094424
Aqu2.1.32219_001,0.406664925504439
Aqu2.1.32222_001,0.295166398351104
Aqu2.1.32224_001,0.293925005657399
Aqu2.1.32226_001,0.275881443619774
Aqu2.1.32227_001,0.543662962234062
Aqu2.1.32229_001,0.300644501745338
Aqu2.1.32232_001,0.133862758035309
Aqu2.1.32237_001,0.13334650969349
Aqu2.1.32243_001,0.18140561709824
Aqu2.1.32261_001,0.43289444784243
Aqu2.1.32272_001,0.182436336804226
Aqu2.1.32273_001,0.18433672408905
Aqu2.1.32364_001,0.538992933505375
Aqu2.1.32462_001,1.2435070598957
Aqu2.1.32464_001,0.343942278657563
Aqu2.1.32466_001,0.370622699860772
Aqu2.1.32469_001,0.13498307648449
Aqu2.1.32478_001,0.346206379907567
Aqu2.1.32490_001,0.821006704941997
Aqu2.1.32496_001,0.476738858890819
Aqu2.1.32497_001,0.725508750099374
Aqu2.1.32499_001,0.437846627253303
Aqu2.1.32511_001,0.933542080835111
Aqu2.1.32519_001,0.445901862368774
Aqu2.1.32520_001,0.353537544210927
Aqu2.1.32538_001,0.309745288003752
Aqu2.1.32549_001,0.407117271275248
Aqu2.1.32550_001,0.898151806340765
Aqu2.1.32551_001,0.12290880965809
Aqu2.1.32552_001,0.21541170874161
Aqu2.1.32569_001,0.32860043919722
Aqu2.1.32573_001,0.380601744528793
Aqu2.1.32576_001,0.337215763491135
Aqu2.1.32582_001,0.847202417898526
Aqu2.1.32600_001,0.447030163742424
Aqu2.1.32603_001,0.605342779929591
Aqu2.1.32671_001,0.540132709883459
Aqu2.1.32681_001,1.92646537783334
Aqu2.1.32682_001,0.550230665883223
Aqu2.1.32692_001,0.295166398351104
Aqu2.1.32728_001,0.160699454219425
Aqu2.1.32732_001,0.283052479928289
Aqu2.1.32741_001,0.405267004704463
Aqu2.1.32860_001,0.117267368167999
Aqu2.1.32865_001,0.337019123978793
Aqu2.1.32871_001,0.260014439582042
Aqu2.1.32875_001,0.156109267120221
Aqu2.1.32876_001,0.394492566921358
Aqu2.1.32890_001,0.554255788790621
Aqu2.1.32896_001,0.89478768684009
Aqu2.1.32903_001,0.650461549037919
Aqu2.1.32906_001,0.832748555403014
Aqu2.1.32909_001,0.474104787414497
Aqu2.1.32910_001,0.523851509294936
Aqu2.1.32916_001,0.873107151080553
Aqu2.1.32917_001,0.333956261211381
Aqu2.1.32919_001,0.246947409091349
Aqu2.1.32924_001,0.303548017631894
Aqu2.1.32933_001,0.839934114101731
Aqu2.1.32938_001,0.838158110820531
Aqu2.1.32945_001,0.395541705353699
Aqu2.1.32956_001,0.380426335952233
Aqu2.1.32960_001,0.171847518827428
Aqu2.1.32961_001,1.4467830707509
Aqu2.1.32962_001,0.117469694631879
Aqu2.1.32973_001,0.0996901611665366
Aqu2.1.32974_001,0.217151988309673
Aqu2.1.32982_001,0.137529836722899
Aqu2.1.32997_001,0.817853157971833
Aqu2.1.33024_001,0.466572306739548
Aqu2.1.33027_001,0.283064496928101
Aqu2.1.33041_001,0.531223817617523
Aqu2.1.33046_001,0.19726654591144
Aqu2.1.33050_001,0.565000622648019
Aqu2.1.33061_001,0.11725843412467
Aqu2.1.33086_001,0.70878117700891
Aqu2.1.33087_001,0.385933595574112
Aqu2.1.33096_001,0.0759073303496332
Aqu2.1.33100_001,0.333554505807459
Aqu2.1.33113_001,0.825044002124116
Aqu2.1.33123_001,0.346206379907567
Aqu2.1.33332_001,0.0234072140799375
Aqu2.1.33350_001,0.215187584265162
Aqu2.1.33355_001,0.117996554182589
Aqu2.1.33356_001,0.0270914025400652
Aqu2.1.33357_001,0.212068315745529
Aqu2.1.33373_001,0.144098621849599
Aqu2.1.33379_001,0.50019906770096
Aqu2.1.33380_001,0.392245204253201
Aqu2.1.33381_001,1.05868846472832
Aqu2.1.33384_001,0.426552195946871
Aqu2.1.33391_001,0.20493801022975
Aqu2.1.33396_001,0.148493763640031
Aqu2.1.33398_001,0.49812259118922
Aqu2.1.33400_001,0.369044251400419
Aqu2.1.33403_001,0.54389300637115
Aqu2.1.33405_001,0.314720463502763
Aqu2.1.33408_001,0.421002750856612
Aqu2.1.33413_001,0.171463619994284
Aqu2.1.33423_001,0.651283253946203
Aqu2.1.33444_001,0.456083735350336
Aqu2.1.33450_001,0.11158530075715
Aqu2.1.33451_001,0.600153237665629
Aqu2.1.33462_001,0.23706235596438
Aqu2.1.33469_001,0.143840695493429
Aqu2.1.33471_001,0.564056171614075
Aqu2.1.33472_001,1.81407348651509
Aqu2.1.33473_001,0.524938882433256
Aqu2.1.33474_001,0.385914903298422
Aqu2.1.33475_001,0.417725087629383
Aqu2.1.33486_001,1.04935008781248
Aqu2.1.33513_001,0.565000622648019
Aqu2.1.33514_001,0.497702563600091
Aqu2.1.33521_001,0.213917657834986
Aqu2.1.33522_001,0.159629304987122
Aqu2.1.33525_001,1.39146846857997
Aqu2.1.33526_001,0.632803140877851
Aqu2.1.33529_001,0.524931725667172
Aqu2.1.33531_001,0.323793634883415
Aqu2.1.33536_001,0.162253295569441
Aqu2.1.33537_001,0.905067009818973
Aqu2.1.33540_001,0.991554520104428
Aqu2.1.33544_001,0.447313355172741
Aqu2.1.33548_001,0.168441786545293
Aqu2.1.33559_001,0.382728397967059
Aqu2.1.33567_001,0.147072877864096
Aqu2.1.33568_001,0.278999294896595
Aqu2.1.33571_001,0.438335482622618
Aqu2.1.33576_001,0.503109811680185
Aqu2.1.33582_001,0.186920142162504
Aqu2.1.33586_001,0.137529836722899
Aqu2.1.33604_001,0.924724234010668
Aqu2.1.33605_001,0.168959214312443
Aqu2.1.33619_001,0.542538427413988
Aqu2.1.33634_001,0.353537544210927
Aqu2.1.33635_001,0.108563005547398
Aqu2.1.33637_001,0.0517891065474459
Aqu2.1.33655_001,0.480477042685403
Aqu2.1.33661_001,0.557141937376673
Aqu2.1.33662_001,1.72624032969404
Aqu2.1.33663_001,0.983748243215408
Aqu2.1.33666_001,0.137451038396006
Aqu2.1.33670_001,0.510449279430567
Aqu2.1.33673_001,0.0389989954705101
Aqu2.1.33674_001,0.0486211318924269
Aqu2.1.33677_001,0.565000622648019
Aqu2.1.33687_001,0.441825792158992
Aqu2.1.33693_001,0.269948365852507
Aqu2.1.33728_001,0.226845743981854
Aqu2.1.33729_001,0.0983870954015412
Aqu2.1.33739_001,0.433992642452673
Aqu2.1.33742_001,0.390456132579417
Aqu2.1.33744_001,0.983748243215408
Aqu2.1.33746_001,0.0641095583495392
Aqu2.1.33749_001,0.158068898528373
Aqu2.1.33751_001,0.641811358418347
Aqu2.1.33752_001,0.228902871635184
Aqu2.1.33762_001,0.350415422782199
Aqu2.1.33769_001,0.265316206732864
Aqu2.1.33774_001,0.42151207938334
Aqu2.1.33775_001,0.0341161127416791
Aqu2.1.33784_001,0.436168523867291
Aqu2.1.33787_001,0.509848642756943
Aqu2.1.33874_001,0.295533319526744
Aqu2.1.33876_001,0.329025532061937
Aqu2.1.33899_001,0.491711493493003
Aqu2.1.33901_001,0.873107151080553
Aqu2.1.33905_001,0.489446341797957
Aqu2.1.33906_001,0.565000622648019
Aqu2.1.33907_001,1.31925059021716
Aqu2.1.33909_001,0.436995099337164
Aqu2.1.33910_001,1.24481400999656
Aqu2.1.33923_001,0.584468883703364
Aqu2.1.33930_001,0.074153063033919
Aqu2.1.33934_001,1.17287252619939
Aqu2.1.33945_001,0.300214275448745
Aqu2.1.33952_001,0.108081065399096
Aqu2.1.33960_001,0.532835933408256
Aqu2.1.34136_001,0.463875238820674
Aqu2.1.34138_001,0.941245238137484
Aqu2.1.34142_001,0.249684519520482
Aqu2.1.34154_001,0.426552195946871
Aqu2.1.34184_001,0.738112767376369
Aqu2.1.34185_001,0.370291310264839
Aqu2.1.34199_001,0.329015961639439
Aqu2.1.34212_001,0.00093699935000308
Aqu2.1.34213_001,1.25714233253125
Aqu2.1.34214_001,0.0232937389143988
Aqu2.1.34217_001,0.495145022543575
Aqu2.1.34219_001,0.172175238141755
Aqu2.1.34237_001,0.453730271218304
Aqu2.1.34244_001,0.109884339836201
Aqu2.1.34245_001,0.372521719405712
Aqu2.1.34249_001,0.565000622648019
Aqu2.1.34267_001,0.498358208035141
Aqu2.1.34269_001,0.805239323977618
Aqu2.1.34274_001,0.169663902544155
Aqu2.1.34308_001,0.362812069865921
Aqu2.1.34338_001,0.485515512463477
Aqu2.1.34354_001,0.260170634186032
Aqu2.1.34368_001,0.0890182885918347
Aqu2.1.34372_001,0.0243282923913676
Aqu2.1.34376_001,0.188372800980602
Aqu2.1.34400_001,0.0256436624753803
Aqu2.1.34404_001,0.387304288689104
Aqu2.1.34408_001,0.311255930382086
Aqu2.1.34464_001,0.449429249019708
Aqu2.1.34470_001,0.278090012792076
Aqu2.1.34477_001,0.374140392465205
Aqu2.1.34480_001,0.296516521764653
Aqu2.1.34485_001,0.0192714363287992
Aqu2.1.34495_001,0.565000622648019
Aqu2.1.34503_001,0.653300580620758
Aqu2.1.34593_001,0.565000622648019
Aqu2.1.34595_001,0.220449643653904
Aqu2.1.34603_001,0.491446930501787
Aqu2.1.34607_001,0.223063737850958
Aqu2.1.34608_001,0.535349783571715
Aqu2.1.34613_001,0.380916740633846
Aqu2.1.34614_001,0.204777075904144
Aqu2.1.34618_001,1.98847726145263
Aqu2.1.34619_001,1.16773377166832
Aqu2.1.34621_001,0.148426612012178
Aqu2.1.34622_001,0.565000622648019
Aqu2.1.34623_001,0.419953189430608
Aqu2.1.34760_001,0.374140392465205
Aqu2.1.34766_001,0.234552960053369
Aqu2.1.34772_001,0.405267004704463
Aqu2.1.34778_001,0.314720463502763
Aqu2.1.34792_001,0.198109830848661
Aqu2.1.34793_001,0.372187755725252
Aqu2.1.34816_001,0.506117429776144
Aqu2.1.34817_001,0.457664392632185
Aqu2.1.34820_001,0.611596336265059
Aqu2.1.34848_001,0.231709991758393
Aqu2.1.34849_001,0.398268194247095
Aqu2.1.34854_001,0.494111583725035
Aqu2.1.34855_001,0.402280969265995
Aqu2.1.34862_001,0.457015816421838
Aqu2.1.34863_001,0.414102872403794
Aqu2.1.34868_001,0.42257567366457
Aqu2.1.34878_001,0.107283471564593
Aqu2.1.34888_001,0.453540418147449
Aqu2.1.34898_001,0.565000622648019
Aqu2.1.34900_001,0.593242663277386
Aqu2.1.34901_001,1.47738382979679
Aqu2.1.34907_001,0.544935879802702
Aqu2.1.34932_001,0.277158514620038
Aqu2.1.34940_001,0.934582498574395
Aqu2.1.34943_001,0.0406300333447622
Aqu2.1.35029_001,0.565000622648019
Aqu2.1.35030_001,0.698344731972002
Aqu2.1.35039_001,0.257064797772568
Aqu2.1.35047_001,0.127473674581846
Aqu2.1.35048_001,0.0223280063580015
Aqu2.1.35057_001,0.460914203729819
Aqu2.1.35059_001,0.140422833482369
Aqu2.1.35066_001,0.11242791328333
Aqu2.1.35089_001,0.319828549317675
Aqu2.1.35090_001,0.546002824058012
Aqu2.1.35091_001,0.8797291469825
Aqu2.1.35105_001,0.0795111045748687
Aqu2.1.35116_001,0.437760940905444
Aqu2.1.35119_001,0.404380041973989
Aqu2.1.35120_001,0.036609485859068
Aqu2.1.35121_001,1.20599899460333
Aqu2.1.35123_001,0.540400721491218
Aqu2.1.35139_001,0.283312969522944
Aqu2.1.35141_001,1.53856028440272
Aqu2.1.35144_001,0.367007889677627
Aqu2.1.35154_001,0.409346922104943
Aqu2.1.35170_001,0.663630056854823
Aqu2.1.35172_001,0.27988143156266
Aqu2.1.35176_001,0.927221591377696
Aqu2.1.35183_001,0.449640506129498
Aqu2.1.35188_001,0.285283984128014
Aqu2.1.35196_001,0.581646041266486
Aqu2.1.35199_001,0.211684848777224
Aqu2.1.35200_001,0.320787884600671
Aqu2.1.35201_001,0.500521992474027
Aqu2.1.35202_001,0.0996001493744625
Aqu2.1.35207_001,0.191481968951074
Aqu2.1.35237_001,0.224147004740881
Aqu2.1.35238_001,0.262172463353026
Aqu2.1.35242_001,0.413893951041974
Aqu2.1.35256_001,0.469644893474456
Aqu2.1.35272_001,0.388308879283149
Aqu2.1.35276_001,0.246668075606139
Aqu2.1.35277_001,0.180474024829163
Aqu2.1.35279_001,0.565000622648019
Aqu2.1.35286_001,0.0510405656139089
Aqu2.1.35288_001,0.532378908434854
Aqu2.1.35487_001,0.447766105155238
Aqu2.1.35489_001,1.03077699486238
Aqu2.1.35502_001,0.895685808053655
Aqu2.1.35508_001,0.387390838600906
Aqu2.1.35511_001,2.37444904037603
Aqu2.1.35513_001,0.356778873255757
Aqu2.1.35551_001,0.0697753012810991
Aqu2.1.35557_001,1.28552126864891
Aqu2.1.35558_001,0.105022805888845
Aqu2.1.35559_001,0.312469125928456
Aqu2.1.35563_001,0.330574188400995
Aqu2.1.35566_001,0.241610023129865
Aqu2.1.35571_001,0.478937432704958
Aqu2.1.35572_001,0.234552960053369
Aqu2.1.35671_001,0.239018660382435
Aqu2.1.35745_001,0.0483183672339228
Aqu2.1.35753_001,0.354229985489944
Aqu2.1.35757_001,0.443260696008889
Aqu2.1.35763_001,0.441838772135582
Aqu2.1.35770_001,0.194836738869593
Aqu2.1.35776_001,0.0747934126648477
Aqu2.1.35777_001,0.538767921788825
Aqu2.1.35785_001,1.26462591557498
Aqu2.1.35787_001,0.538361954980233
Aqu2.1.35789_001,0.277347514800438
Aqu2.1.35795_001,0.445557161203864
Aqu2.1.35931_001,0.402259084374609
Aqu2.1.35933_001,0.0274007688221897
Aqu2.1.35935_001,0.493734950385017
Aqu2.1.35940_001,0.279597111404613
Aqu2.1.35949_001,0.356291916951218
Aqu2.1.35963_001,0.203932589874022
Aqu2.1.35966_001,0.278691826559927
Aqu2.1.35979_001,0.822518148942163
Aqu2.1.35985_001,0.802453406096845
Aqu2.1.35987_001,0.326118998429943
Aqu2.1.35998_001,0.205473333156463
Aqu2.1.36004_001,0.428313156591793
Aqu2.1.36010_001,0.490906405406179
Aqu2.1.36011_001,0.0405895730660186
Aqu2.1.36013_001,0.761040245878047
Aqu2.1.36017_001,0.540489881577487
Aqu2.1.36021_001,0.295011176615571
Aqu2.1.36053_001,0.801410532665293
Aqu2.1.36106_001,0.878975648368001
Aqu2.1.36108_001,1.2953851361819
Aqu2.1.36109_001,0.65961717347741
Aqu2.1.36118_001,0.188663422454111
Aqu2.1.36128_001,0.336632722243693
Aqu2.1.36132_001,0.461277722339385
Aqu2.1.36137_001,0.275285309737193
Aqu2.1.36140_001,0.238729040694154
Aqu2.1.36144_001,0.298392975852759
Aqu2.1.36150_001,0.637145650579654
Aqu2.1.36152_001,0.257380565502081
Aqu2.1.36156_001,0.260397775603514
Aqu2.1.36169_001,0.00704918217782729
Aqu2.1.36176_001,0.0324195487556983
Aqu2.1.36180_001,0.112376856418875
Aqu2.1.36187_001,0.392068392710483
Aqu2.1.36199_001,0.181614324486682
Aqu2.1.36200_001,0.193284652917688
Aqu2.1.36205_001,0.13280064150653
Aqu2.1.36214_001,0.125475215999911
Aqu2.1.36220_001,0.0204878993192456
Aqu2.1.36224_001,0.554193690706301
Aqu2.1.36237_001,0.407324699527582
Aqu2.1.36240_001,0.574466230266936
Aqu2.1.36241_001,0.414636095745075
Aqu2.1.36242_001,0.318489469310988
Aqu2.1.36249_001,0.478953353708227
Aqu2.1.36250_001,0.380673958536991
Aqu2.1.36252_001,0.00750398382416472
Aqu2.1.36254_001,0.521431036470086
Aqu2.1.36261_001,0.341267736281828
Aqu2.1.36265_001,0.559256749680071
Aqu2.1.36272_001,0.232540728210675
Aqu2.1.36275_001,0.394871087018363
Aqu2.1.36277_001,0.247048014290135
Aqu2.1.36279_001,0.120280486374489
Aqu2.1.36289_001,4.36862604899503
Aqu2.1.36294_001,0.00921722430276893
Aqu2.1.36296_001,0.484430421322415
Aqu2.1.36394_001,0.40606719925325
Aqu2.1.36410_001,0.264909398848355
Aqu2.1.36411_001,0.178036823332348
Aqu2.1.36412_001,0.175299391376468
Aqu2.1.36413_001,0.406643791259898
Aqu2.1.36416_001,0.565000622648019
Aqu2.1.36422_001,0.416964280950592
Aqu2.1.36435_001,0.427028856251335
Aqu2.1.36439_001,0.209677858445512
Aqu2.1.36454_001,0.300723516411575
Aqu2.1.36455_001,0.755875734329284
Aqu2.1.36466_001,0.822403673367387
Aqu2.1.36490_001,0.38987665251781
Aqu2.1.36505_001,0.540159648168607
Aqu2.1.36507_001,0.0208094163916752
Aqu2.1.36516_001,1.10598649787642
Aqu2.1.36550_001,0.411639938749395
Aqu2.1.36554_001,0.0380178312541268
Aqu2.1.36567_001,0.326504919580432
Aqu2.1.36577_001,0.474104787414497
Aqu2.1.36582_001,0.40111023130911
Aqu2.1.36583_001,0.141599497000672
Aqu2.1.36606_001,0.0818869204123514
Aqu2.1.36608_001,3.2495506682056
Aqu2.1.36619_001,0.224415928178347
Aqu2.1.36625_001,0.555977623431237
Aqu2.1.36627_001,0.366725196557152
Aqu2.1.36637_001,0.121323386460495
Aqu2.1.36640_001,0.829663443912153
Aqu2.1.36641_001,0.565000622648019
Aqu2.1.36694_001,2.4438294335398
Aqu2.1.36697_001,0.510449279430567
Aqu2.1.36720_001,1.82119488120669
Aqu2.1.36726_001,0.206423707481593
Aqu2.1.36764_001,0.297538443740996
Aqu2.1.36768_001,0.118907014816315
Aqu2.1.36769_001,0.323729853690029
Aqu2.1.36771_001,0.304438497159189
Aqu2.1.36776_001,0.0770928160102544
Aqu2.1.36777_001,0.279815571446045
Aqu2.1.36790_001,0.369255507373406
Aqu2.1.36808_001,2.1316676351602
Aqu2.1.36809_001,2.68438695057187
Aqu2.1.36813_001,0.949563514039349
Aqu2.1.36834_001,0.00093699935000308
Aqu2.1.36842_001,0.540797127659923
Aqu2.1.37082_001,0.196441062312
Aqu2.1.37086_001,0.375352051098041
Aqu2.1.37091_001,0.523913406016677
Aqu2.1.37092_001,0.364824718136532
Aqu2.1.37095_001,0.20142127315503
Aqu2.1.37097_001,0.0114700826153125
Aqu2.1.37109_001,0.199077629957097
Aqu2.1.37110_001,0.39312031089775
Aqu2.1.37122_001,0.237492629504766
Aqu2.1.37129_001,0.237492629504766
Aqu2.1.37130_001,0.413114136983602
Aqu2.1.37133_001,0.129123681743884
Aqu2.1.37134_001,0.42032826568511
Aqu2.1.37137_001,1.02939144476384
Aqu2.1.37140_001,0.851957589084353
Aqu2.1.37147_001,0.325925009142795
Aqu2.1.37149_001,2.22113136781365
Aqu2.1.37150_001,0.277158514620038
Aqu2.1.37154_001,0.565000622648019
Aqu2.1.37155_001,1.55840360307971
Aqu2.1.37165_001,1.22368656993174
Aqu2.1.37184_001,0.254104486255139
Aqu2.1.37187_001,0.508827785424354
Aqu2.1.37207_001,0.265130252274664
Aqu2.1.37213_001,0.108275953144232
Aqu2.1.37220_001,0.34212224280566
Aqu2.1.37222_001,0.453789717185149
Aqu2.1.37223_001,0.503522947822
Aqu2.1.37229_001,0.320471094568242
Aqu2.1.37230_001,0.355311996378694
Aqu2.1.37233_001,0.460228027800613
Aqu2.1.37238_001,0.526340669537146
Aqu2.1.37258_001,0.273762792532622
Aqu2.1.37265_001,0.3243147266347
Aqu2.1.37270_001,0.288904806375299
Aqu2.1.37272_001,0.476658450918352
Aqu2.1.37295_001,0.144825713607039
Aqu2.1.37297_001,0.933081975100548
Aqu2.1.37300_001,0.62842478527444
Aqu2.1.37432_001,0.517483886420825
Aqu2.1.37436_001,0.544935879802702
Aqu2.1.37441_001,0.19726654591144
Aqu2.1.37447_001,0.0223280063580015
Aqu2.1.37449_001,0.298587378402831
Aqu2.1.37453_001,0.966546839297658
Aqu2.1.37455_001,0.0623760190889297
Aqu2.1.37457_001,0.437827019721546
Aqu2.1.37461_001,0.429999091847037
Aqu2.1.37462_001,0.367268183756258
Aqu2.1.37466_001,0.686452596612729
Aqu2.1.37473_001,0.247020893582036
Aqu2.1.37476_001,0.024761218551388
Aqu2.1.37494_001,0.487771884972018
Aqu2.1.37495_001,0.0597816139567104
Aqu2.1.37499_001,0.565000622648019
Aqu2.1.37521_001,0.051620835540867
Aqu2.1.37522_001,0.0698466109690435
Aqu2.1.37524_001,0.614988733449948
Aqu2.1.37525_001,0.328035791888667
Aqu2.1.37529_001,0.682991338040331
Aqu2.1.37537_001,0.194836738869593
Aqu2.1.37542_001,0.164331861149342
Aqu2.1.37548_001,0.565000622648019
Aqu2.1.37550_001,0.603777458181591
Aqu2.1.37575_001,0.160219671317317
Aqu2.1.37583_001,0.464745885438268
Aqu2.1.37584_001,0.4846498953979
Aqu2.1.37591_001,0.392068392710483
Aqu2.1.37596_001,0.444641953704357
Aqu2.1.37598_001,0.156146131906592
Aqu2.1.37599_001,1.35833470443378
Aqu2.1.37614_001,0.400202761620963
Aqu2.1.37615_001,0.392444716405011
Aqu2.1.37636_001,0.0144515763302325
Aqu2.1.37637_001,0.336331825258453
Aqu2.1.37638_001,0.330489911364884
Aqu2.1.37639_001,0.198979870652821
Aqu2.1.37641_001,0.536738276200694
Aqu2.1.37675_001,0.400739441539592
Aqu2.1.37679_001,0.389104304001442
Aqu2.1.37709_001,0.591297608833239
Aqu2.1.37718_001,0.952348622220485
Aqu2.1.37725_001,1.07340871512392
Aqu2.1.37736_001,0.535235102127955
Aqu2.1.37746_001,0.209343673327373
Aqu2.1.37752_001,0.410136302380235
Aqu2.1.37759_001,0.441046200689334
Aqu2.1.37767_001,0.311821553352752
Aqu2.1.37770_001,0.383870372405034
Aqu2.1.37778_001,0.573120375363702
Aqu2.1.37787_001,0.531964174235945
Aqu2.1.37789_001,0.200747875518828
Aqu2.1.37791_001,0.38649170341023
Aqu2.1.37794_001,0.74846045725497
Aqu2.1.37798_001,0.39518331224866
Aqu2.1.37800_001,0.753453823528636
Aqu2.1.37802_001,0.157019445870874
Aqu2.1.37803_001,0.362286747476295
Aqu2.1.37817_001,0.38248406998899
Aqu2.1.37818_001,0.170643237689183
Aqu2.1.37856_001,0.252835911929668
Aqu2.1.37871_001,0.356470543002317
Aqu2.1.37886_001,0.246947409091349
Aqu2.1.37891_001,1.3313536278156
Aqu2.1.37893_001,0.876263646635332
Aqu2.1.37894_001,0.67248407125191
Aqu2.1.37898_001,0.0698031651056957
Aqu2.1.37899_001,0.585723107711424
Aqu2.1.37907_001,0.429306289454998
Aqu2.1.37919_001,0.459377653912151
Aqu2.1.37922_001,0.803883380477315
Aqu2.1.37934_001,0.565000622648019
Aqu2.1.37935_001,0.359776275266706
Aqu2.1.37940_001,1.09974963287728
Aqu2.1.37941_001,0.565000622648019
Aqu2.1.37943_001,0.214082556859488
Aqu2.1.37953_001,0.692403399494836
Aqu2.1.37962_001,0.0736531755414738
Aqu2.1.37964_001,0.378032201185046
Aqu2.1.37965_001,0.403586924133236
Aqu2.1.38095_001,0.0747852617037483
Aqu2.1.38100_001,0.0383401847458035
Aqu2.1.38107_001,0.281232529033391
Aqu2.1.38119_001,0.369255507373406
Aqu2.1.38133_001,1.0874476492489
Aqu2.1.38148_001,0.52706448694698
Aqu2.1.38151_001,0.492070486347512
Aqu2.1.38152_001,0.265130252274664
Aqu2.1.38154_001,0.565000622648019
Aqu2.1.38158_001,0.314775465173466
Aqu2.1.38163_001,0.441825792158992
Aqu2.1.38165_001,0.561525406788071
Aqu2.1.38168_001,0.477623770657482
Aqu2.1.38174_001,0.148734559204461
Aqu2.1.38178_001,0.171528273548252
Aqu2.1.38180_001,0.142256693048684
Aqu2.1.38182_001,0.857350851918983
Aqu2.1.38185_001,0.00652337683615132
Aqu2.1.38190_001,0.271899680196941
Aqu2.1.38191_001,0.215590575250588
Aqu2.1.38192_001,0.598244781622437
Aqu2.1.38196_001,0.0321221776266963
Aqu2.1.38201_001,0.322946153248781
Aqu2.1.38310_001,0.525837645003346
Aqu2.1.38330_001,0.25307747440697
Aqu2.1.38332_001,0.359776275266706
Aqu2.1.38333_001,0.366365524590527
Aqu2.1.38334_001,0.178856053449027
Aqu2.1.38335_001,0.215046288160884
Aqu2.1.38336_001,0.524931725667172
Aqu2.1.38338_001,0.302537091205185
Aqu2.1.38341_001,0.423943338791638
Aqu2.1.38364_001,0.276046846299089
Aqu2.1.38368_001,0.329637751971858
Aqu2.1.38371_001,0.528915662916579
Aqu2.1.38373_001,0.326951377768394
Aqu2.1.38374_001,0.30566260991898
Aqu2.1.38376_001,0.209031658257313
Aqu2.1.38385_001,0.234330793513766
Aqu2.1.38401_001,0.130845947293468
Aqu2.1.38405_001,0.133816269790306
Aqu2.1.38415_001,0.27533180802549
Aqu2.1.38417_001,0.409818118236414
Aqu2.1.38418_001,0.089508105124144
Aqu2.1.38419_001,0.398717265395141
Aqu2.1.38423_001,0.508897350561009
Aqu2.1.38425_001,0.241142472462772
Aqu2.1.38427_001,0.441838772135582
Aqu2.1.38428_001,0.386475889604114
Aqu2.1.38430_001,0.544352150978945
Aqu2.1.38439_001,0.105757957336351
Aqu2.1.38440_001,0.399680905057745
Aqu2.1.38442_001,0.456832960701954
Aqu2.1.38449_001,0.30141808616019
Aqu2.1.38452_001,0.395140344923074
Aqu2.1.38454_001,0.220072078230952
Aqu2.1.38463_001,0.647973658873561
Aqu2.1.38467_001,0.210774935612283
Aqu2.1.38469_001,0.724157230569725
Aqu2.1.38473_001,0.321131582413211
Aqu2.1.38498_001,0.605708267416947
Aqu2.1.38499_001,1.04397869938613
Aqu2.1.38529_001,0.016008942169426
Aqu2.1.38530_001,1.04689486777636
Aqu2.1.38536_001,0.805239323977618
Aqu2.1.38541_001,0.55884745280994
Aqu2.1.38544_001,0.164462868643626
Aqu2.1.38547_001,0.00928273996957999
Aqu2.1.38556_001,0.450223057981358
Aqu2.1.38561_001,0.672857234893766
Aqu2.1.38574_001,0.333464029130773
Aqu2.1.38578_001,0.547690517288904
Aqu2.1.38595_001,0.443553288062474
Aqu2.1.38596_001,0.00201244851234153
Aqu2.1.38600_001,0.565000622648019
Aqu2.1.38608_001,0.515532935034275
Aqu2.1.38610_001,0.0547509874616603
Aqu2.1.38616_001,0.370215154332266
Aqu2.1.38630_001,0.480547349868986
Aqu2.1.38652_001,0.379786757873069
Aqu2.1.38656_001,0.485135848137103
Aqu2.1.38661_001,0.176801246898316
Aqu2.1.38683_001,0.593743591865463
Aqu2.1.38687_001,0.0384826329141782
Aqu2.1.38691_001,0.146818033592782
Aqu2.1.38693_001,0.785444078302057
Aqu2.1.38721_001,0.420208368404029
Aqu2.1.38731_001,0.749237531932272
Aqu2.1.38732_001,0.196988527601849
Aqu2.1.38750_001,0.231412348095004
Aqu2.1.38757_001,0.0435594187304594
Aqu2.1.38759_001,0.385933595574112
Aqu2.1.38788_001,2.07692537235614
Aqu2.1.38789_001,0.565000622648019
Aqu2.1.38791_001,0.205802382611772
Aqu2.1.38800_001,0.217151988309673
Aqu2.1.38802_001,0.000859092292765429
Aqu2.1.38803_001,0.503619470091461
Aqu2.1.38823_001,0.824814819820638
Aqu2.1.39092_001,0.527131736173576
Aqu2.1.39118_001,0.377459176540457
Aqu2.1.39133_001,0.413529424340813
Aqu2.1.39135_001,0.319831487034785
Aqu2.1.39136_001,0.271172431164254
Aqu2.1.39146_001,1.14039790848151
Aqu2.1.39153_001,0.312454784008189
Aqu2.1.39154_001,0.119502929294051
Aqu2.1.39165_001,0.202463612028266
Aqu2.1.39175_001,0.124918424688062
Aqu2.1.39184_001,0.499010540768019
Aqu2.1.39188_001,0.565000622648019
Aqu2.1.39191_001,0.326305279593631
Aqu2.1.39195_001,0.0472672890602926
Aqu2.1.39199_001,1.00083643809983
Aqu2.1.39205_001,2.67538442464596
Aqu2.1.39206_001,0.974940480514206
Aqu2.1.39212_001,0.239270689014407
Aqu2.1.39227_001,0.392523628295845
Aqu2.1.39231_001,0.570516923599564
Aqu2.1.39244_001,0.977995440343635
Aqu2.1.39260_001,0.533975684892043
Aqu2.1.39263_001,0.540132709883459
Aqu2.1.39300_001,0.644536808641382
Aqu2.1.39338_001,0.418970581510598
Aqu2.1.39348_001,0.612620869043137
Aqu2.1.39534_001,0.565000622648019
Aqu2.1.39592_001,0.0926775627086097
Aqu2.1.39595_001,0.304438497159189
Aqu2.1.39596_001,0.932780357722493
Aqu2.1.39597_001,0.310161223710659
Aqu2.1.39600_001,0.180127485825468
Aqu2.1.39602_001,0.183748414278197
Aqu2.1.39603_001,1.00590364486151
Aqu2.1.39620_001,0.711582956723504
Aqu2.1.39621_001,0.164339560986065
Aqu2.1.39626_001,0.0475119705529207
Aqu2.1.39630_001,0.0963258840991322
Aqu2.1.39632_001,0.518117584839888
Aqu2.1.39638_001,0.313781539481063
Aqu2.1.39649_001,0.540797127659923
Aqu2.1.39650_001,0.478181649198811
Aqu2.1.39653_001,0.546197390853606
Aqu2.1.39654_001,0.0428692936052912
Aqu2.1.39657_001,0.565000622648019
Aqu2.1.39670_001,0.14685214180155
Aqu2.1.39671_001,0.643418328196632
Aqu2.1.39672_001,1.32262470267623
Aqu2.1.39673_001,0.387104178432738
Aqu2.1.39676_001,0.721161393598602
Aqu2.1.39683_001,0.724633137226146
Aqu2.1.39688_001,0.364824718136532
Aqu2.1.39691_001,0.126127939883601
Aqu2.1.39697_001,0.413215790620935
Aqu2.1.39702_001,0.182639948586499
Aqu2.1.39717_001,0.49477617672964
Aqu2.1.39725_001,0.180014236301331
Aqu2.1.39729_001,0.505329544083482
Aqu2.1.39733_001,0.0433688785548785
Aqu2.1.39734_001,0.64289462530827
Aqu2.1.39755_001,0.234552960053369
Aqu2.1.39760_001,0.250681664490307
Aqu2.1.39763_001,0.48514352357733
Aqu2.1.39769_001,0.565000622648019
Aqu2.1.39776_001,0.301738778000146
Aqu2.1.39780_001,1.16740481771123
Aqu2.1.39786_001,0.183220552266098
Aqu2.1.39788_001,0.0902335963932926
Aqu2.1.39789_001,0.117794912184298
Aqu2.1.39802_001,0.643116472897717
Aqu2.1.39810_001,0.148702719557527
Aqu2.1.39827_001,0.536738276200694
Aqu2.1.39855_001,0.367437666576198
Aqu2.1.39875_001,0.550723687355368
Aqu2.1.39882_001,0.506438104232732
Aqu2.1.39883_001,0.513273144101159
Aqu2.1.39884_001,0.289726452067432
Aqu2.1.39885_001,0.377571193260683
Aqu2.1.39901_001,0.763361902625938
Aqu2.1.39916_001,0.384278996807153
Aqu2.1.39920_001,1.24843461415245
Aqu2.1.39922_001,0.533975684892043
Aqu2.1.39928_001,0.906593954715698
Aqu2.1.39939_001,0.407127437495699
Aqu2.1.39957_001,0.530411070201967
Aqu2.1.39961_001,0.533975684892043
Aqu2.1.39962_001,0.449087766743364
Aqu2.1.39971_001,0.508266456725144
Aqu2.1.39998_001,0.40846861962659
Aqu2.1.40004_001,0.257512209030399
Aqu2.1.40005_001,0.075251510134043
Aqu2.1.40008_001,1.12133144303017
Aqu2.1.40011_001,1.07853524284017
Aqu2.1.40015_001,0.308532353597718
Aqu2.1.40021_001,0.337033759326432
Aqu2.1.40027_001,0.392068392710483
Aqu2.1.40029_001,0.351708204262348
Aqu2.1.40038_001,0.191687678379442
Aqu2.1.40046_001,0.0223591794087507
Aqu2.1.40226_001,0.494041417914572
Aqu2.1.40227_001,0.822248658676612
Aqu2.1.40230_001,0.434715134647099
Aqu2.1.40328_001,0.251057580458974
Aqu2.1.40330_001,0.244918666250565
Aqu2.1.40332_001,1.16341468439633
Aqu2.1.40333_001,0.520751818866274
Aqu2.1.40338_001,0.308091052291982
Aqu2.1.40356_001,0.634086752900968
Aqu2.1.40359_001,0.0783989658559817
Aqu2.1.40397_001,1.06384409255495
Aqu2.1.40406_001,0.321926151260704
Aqu2.1.40418_001,0.441825792158992
Aqu2.1.40419_001,0.544935879802702
Aqu2.1.40422_001,0.429999091847037
Aqu2.1.40608_001,0.100314252341907
Aqu2.1.40626_001,0.834923505833826
Aqu2.1.40637_001,0.19726654591144
Aqu2.1.40650_001,0.535244242099254
Aqu2.1.40659_001,0.503188886127577
Aqu2.1.40663_001,0.0339510665220792
Aqu2.1.40679_001,0.489817039304394
Aqu2.1.40686_001,0.4581609237786
Aqu2.1.40687_001,0.354502404007192
Aqu2.1.40691_001,0.394865706644519
Aqu2.1.40692_001,0.797650236177602
Aqu2.1.40695_001,0.370622699860772
Aqu2.1.40699_001,0.870692446322881
Aqu2.1.40711_001,0.243339141232462
Aqu2.1.40712_001,0.137616968544789
Aqu2.1.40721_001,0.337406874708768
Aqu2.1.40729_001,0.150580706541266
Aqu2.1.40730_001,0.39518331224866
Aqu2.1.40738_001,0.294273372957436
Aqu2.1.40743_001,0.269790803119792
Aqu2.1.40748_001,1.07397199654797
Aqu2.1.40749_001,0.268636013117623
Aqu2.1.40751_001,1.3453958467824
Aqu2.1.40753_001,0.271206749159828
Aqu2.1.40776_001,0.0903587705495963
Aqu2.1.40782_001,1.42191594708029
Aqu2.1.40785_001,0.478759408948185
Aqu2.1.40794_001,0.565000622648019
Aqu2.1.40798_001,0.518523128407946
Aqu2.1.40799_001,0.246143782291855
Aqu2.1.40801_001,0.198859807266367
Aqu2.1.40808_001,0.438867632860486
Aqu2.1.40809_001,0.386264393384475
Aqu2.1.40819_001,0.236155632038659
Aqu2.1.40831_001,0.180883939552462
Aqu2.1.40832_001,0.0479605796674442
Aqu2.1.40842_001,1.07251690815818
Aqu2.1.40845_001,0.894808936212831
Aqu2.1.40849_001,0.822248658676612
Aqu2.1.40858_001,0.518523128407946
Aqu2.1.40859_001,0.888154377633845
Aqu2.1.40872_001,0.0710568439680258
Aqu2.1.40873_001,1.04914736472364
Aqu2.1.40886_001,0.572715240420603
Aqu2.1.40891_001,0.543288957123057
Aqu2.1.40894_001,0.268999185875709
Aqu2.1.40895_001,0.547690517288904
Aqu2.1.40896_001,0.406664925504439
Aqu2.1.40902_001,0.344060155527732
Aqu2.1.40912_001,1.22273964939285
Aqu2.1.40914_001,0.477180131444463
Aqu2.1.40922_001,2.86100415299187
Aqu2.1.40926_001,0.290913541669033
Aqu2.1.40938_001,0.356345325459889
Aqu2.1.40953_001,0.565000622648019
Aqu2.1.40954_001,0.457664392632185
Aqu2.1.40962_001,0.822518148942163
Aqu2.1.40967_001,0.893895160393637
Aqu2.1.40968_001,0.295562560453283
Aqu2.1.40994_001,0.500521992474027
Aqu2.1.41011_001,0.269546960652837
Aqu2.1.41019_001,0.310926634487068
Aqu2.1.41025_001,0.423312727451374
Aqu2.1.41026_001,0.192711215083276
Aqu2.1.41027_001,0.277438042389859
Aqu2.1.41028_001,0.230674675127285
Aqu2.1.41029_001,0.923756094523757
Aqu2.1.41037_001,0.363373938941743
Aqu2.1.41040_001,0.080627749241367
Aqu2.1.41044_001,0.561694331896493
Aqu2.1.41052_001,0.177947167079862
Aqu2.1.41064_001,0.161562604889579
Aqu2.1.41070_001,0.243418657881634
Aqu2.1.41076_001,0.104682019901167
Aqu2.1.41077_001,0.351736530307289
Aqu2.1.41083_001,0.530464957839476
Aqu2.1.41086_001,0.0687520629729732
Aqu2.1.41094_001,0.0811461685397283
Aqu2.1.41095_001,0.500974441026616
Aqu2.1.41096_001,0.609058766072114
Aqu2.1.41098_001,0.0512262183978842
Aqu2.1.41107_001,0.666496604997078
Aqu2.1.41108_001,0.474104787414497
Aqu2.1.41112_001,0.542538427413988
Aqu2.1.41115_001,0.558756545520425
Aqu2.1.41121_001,0.690940208155997
Aqu2.1.41127_001,0.188972277675932
Aqu2.1.41130_001,0.287870818490154
Aqu2.1.41136_001,0.565000622648019
Aqu2.1.41148_001,0.468311800369729
Aqu2.1.41152_001,0.478937432704958
Aqu2.1.41157_001,1.15775100567836
Aqu2.1.41158_001,1.54097192171349
Aqu2.1.41162_001,0.791441955545399
Aqu2.1.41164_001,0.20148316116706
Aqu2.1.41193_001,0.302413773031213
Aqu2.1.41196_001,0.112047349174506
Aqu2.1.41246_001,2.92734755436007
Aqu2.1.41247_001,1.09706158862722
Aqu2.1.41248_001,0.9391547145286
Aqu2.1.41250_001,0.567450340124916
Aqu2.1.41270_001,0.322299347276708
Aqu2.1.41283_001,0.441046200689334
Aqu2.1.41303_001,0.0367153273143813
Aqu2.1.41305_001,0.251669614256275
Aqu2.1.41310_001,0.314392548785483
Aqu2.1.41318_001,0.998495512854655
Aqu2.1.41320_001,0.102791631146049
Aqu2.1.41326_001,1.39548814596718
Aqu2.1.41349_001,0.257512209030399
Aqu2.1.41355_001,0.546796762607198
Aqu2.1.41359_001,0.816784506100708
Aqu2.1.41362_001,0.710863222239716
Aqu2.1.41363_001,0.474104787414497
Aqu2.1.41364_001,1.27251348329203
Aqu2.1.41365_001,0.242263012533706
Aqu2.1.41368_001,0.351736530307289
Aqu2.1.41369_001,0.819303450137813
Aqu2.1.41377_001,0.752902266271041
Aqu2.1.41382_001,0.24633190999365
Aqu2.1.41390_001,0.128391721798761
Aqu2.1.41395_001,0.33018661126856
Aqu2.1.41398_001,0.437760940905444
Aqu2.1.41409_001,0.50457044456292
Aqu2.1.41418_001,0.113996757388243
Aqu2.1.41419_001,0.775514006963776
Aqu2.1.41447_001,0.275182004494245
Aqu2.1.41477_001,0.138459506315418
Aqu2.1.41498_001,0.764676428956401
Aqu2.1.41501_001,0.28210018245656
Aqu2.1.41514_001,0.13930134994983
Aqu2.1.41515_001,1.04309481634429
Aqu2.1.41516_001,0.0929477081451649
Aqu2.1.41518_001,0.292835336156115
Aqu2.1.41523_001,0.565000622648019
Aqu2.1.41529_001,0.515441477308828
Aqu2.1.41532_001,0.423267209669725
Aqu2.1.41540_001,0.257380565502081
Aqu2.1.41545_001,0.215697677945833
Aqu2.1.41566_001,0.0167533606621927
Aqu2.1.41570_001,0.251713388105162
Aqu2.1.41571_001,1.34446565605232
Aqu2.1.41572_001,0.351736530307289
Aqu2.1.41583_001,0.239082063530269
Aqu2.1.41596_001,0.487833063706741
Aqu2.1.41601_001,0.983748243215408
Aqu2.1.41607_001,0.161900417190369
Aqu2.1.41615_001,1.10719472677651
Aqu2.1.41616_001,0.0584637911631543
Aqu2.1.41619_001,0.22998995919532
Aqu2.1.41622_001,0.459287243662544
Aqu2.1.41625_001,0.0432941260822007
Aqu2.1.41631_001,1.09716729642837
Aqu2.1.41637_001,0.139231060859798
Aqu2.1.41643_001,0.337190503151822
Aqu2.1.41649_001,0.0257883107578836
Aqu2.1.41652_001,0.0608106783905626
Aqu2.1.41655_001,1.67726717454282
Aqu2.1.41660_001,0.304438497159189
Aqu2.1.41686_001,0.565000622648019
Aqu2.1.41695_001,0.161098739423089
Aqu2.1.41697_001,1.64841415367439
Aqu2.1.41702_001,0.169434460668651
Aqu2.1.41762_001,0.160286733618462
Aqu2.1.41769_001,0.249829649172661
Aqu2.1.41776_001,0.965544383174587
Aqu2.1.41779_001,0.19085444729164
Aqu2.1.41790_001,0.262172463353026
Aqu2.1.41791_001,0.228790792155308
Aqu2.1.41794_001,0.168959214312443
Aqu2.1.41798_001,0.540132709883459
Aqu2.1.41799_001,0.473977420743104
Aqu2.1.41800_001,0.528711735847254
Aqu2.1.41812_001,0.692189459258027
Aqu2.1.41813_001,0.492889276087755
Aqu2.1.41825_001,0.308122289138966
Aqu2.1.41836_001,0.382561979410534
Aqu2.1.41864_001,0.296308576788236
Aqu2.1.41872_001,0.192517377553116
Aqu2.1.41881_001,0.522971110440428
Aqu2.1.41897_001,0.69493146135715
Aqu2.1.41903_001,0.224934282616403
Aqu2.1.41906_001,0.157359585506259
Aqu2.1.41912_001,0.404380041973989
Aqu2.1.41920_001,0.016798940251202
Aqu2.1.41921_001,0.283680794750816
Aqu2.1.41927_001,0.861048224543471
Aqu2.1.41928_001,0.300747342304341
Aqu2.1.41929_001,3.392462343059
Aqu2.1.41931_001,0.536278405555115
Aqu2.1.41932_001,1.39529384354929
Aqu2.1.41941_001,0.264288387762426
Aqu2.1.41945_001,0.441001461221337
Aqu2.1.41951_001,1.10846228008261
Aqu2.1.41955_001,0.293982456104769
Aqu2.1.41976_001,0.474104787414497
Aqu2.1.41984_001,0.838374125583305
Aqu2.1.42000_001,0.00264455676262655
Aqu2.1.42010_001,0.351708204262348
Aqu2.1.42029_001,0.463388946390222
Aqu2.1.42034_001,0.304968067309435
Aqu2.1.42041_001,1.72878418517545
Aqu2.1.42058_001,0.434681365936776
Aqu2.1.42072_001,0.5836035158875
Aqu2.1.42074_001,0.532834859382335
Aqu2.1.42078_001,0.420340245238217
Aqu2.1.42082_001,0.288904806375299
Aqu2.1.42092_001,1.15052309639043
Aqu2.1.42105_001,0.320569276690109
Aqu2.1.42121_001,0.565000622648019
Aqu2.1.42128_001,0.203960429914114
Aqu2.1.42133_001,0.0536132372488465
Aqu2.1.42136_001,0.223063737850958
Aqu2.1.42151_001,2.72514972327662
Aqu2.1.42168_001,0.509848642756943
Aqu2.1.42180_001,0.473458119639766
Aqu2.1.42184_001,0.139031124577744
Aqu2.1.42197_001,0.110780346727978
Aqu2.1.42198_001,0.0738157863073665
Aqu2.1.42203_001,0.629715265533138
Aqu2.1.42205_001,0.168870408959437
Aqu2.1.42211_001,0.548879775088651
Aqu2.1.42224_001,0.187253598712767
Aqu2.1.42225_001,0.259827331160425
Aqu2.1.42233_001,0.484430270489096
Aqu2.1.42234_001,0.783355171297489
Aqu2.1.42259_001,0.333495679864171
Aqu2.1.42260_001,0.385933595574112
Aqu2.1.42263_001,0.668654073799677
Aqu2.1.42265_001,0.490346919693599
Aqu2.1.42277_001,0.402259084374609
Aqu2.1.42278_001,0.403287921692524
Aqu2.1.42279_001,2.37066876509106
Aqu2.1.42287_001,0.565000622648019
Aqu2.1.42300_001,0.476738858890819
Aqu2.1.42503_001,0.0723614029013654
Aqu2.1.42507_001,0.131264789962739
Aqu2.1.42509_001,0.554193690706301
Aqu2.1.42531_001,0.60141428961951
Aqu2.1.42534_001,0.275889738817863
Aqu2.1.42535_001,0.234552960053369
Aqu2.1.42550_001,0.362069127875464
Aqu2.1.42559_001,0.417725087629383
Aqu2.1.42564_001,0.241491254498298
Aqu2.1.42575_001,0.706946775313851
Aqu2.1.42581_001,0.190024431083998
Aqu2.1.42583_001,0.516840992515708
Aqu2.1.42585_001,0.253820229944763
Aqu2.1.42586_001,0.325028128012914
Aqu2.1.42601_001,0.662004557428424
Aqu2.1.42602_001,0.352536516899552
Aqu2.1.42604_001,1.66400061035735
Aqu2.1.42610_001,0.39133564403756
Aqu2.1.42631_001,0.748618057021874
Aqu2.1.42635_001,1.35889654148154
Aqu2.1.42640_001,0.602496034845585
Aqu2.1.42652_001,0.174187842411946
Aqu2.1.42654_001,0.308787160177386
Aqu2.1.42655_001,1.50981673026855
Aqu2.1.42656_001,0.0701330441521125
Aqu2.1.42676_001,0.543288957123057
Aqu2.1.42678_001,0.822518148942163
Aqu2.1.42685_001,0.461277722339385
Aqu2.1.42694_001,0.282110620646939
Aqu2.1.42697_001,0.381450715919196
Aqu2.1.42704_001,1.11909452616389
Aqu2.1.42714_001,1.43150515311082
Aqu2.1.42715_001,0.460280071094523
Aqu2.1.42727_001,0.285580028582097
Aqu2.1.42738_001,0.167009334547414
Aqu2.1.42744_001,0.627779278824701
Aqu2.1.42745_001,0.344528844495735
Aqu2.1.42746_001,0.0237297786642664
Aqu2.1.42766_001,0.384080877215708
Aqu2.1.42771_001,0.227952291031047
Aqu2.1.42777_001,1.88323281125506
Aqu2.1.42783_001,0.510449279430567
Aqu2.1.42789_001,0.156982512733007
Aqu2.1.43034_001,0.959882789180153
Aqu2.1.43039_001,0.543411269751063
Aqu2.1.43078_001,0.409346922104943
Aqu2.1.43085_001,0.165986078321295
Aqu2.1.43102_001,0.233689561005996
Aqu2.1.43258_001,0.521709693798005
Aqu2.1.43267_001,1.41093977398037
Aqu2.1.43270_001,0.214760391631292
Aqu2.1.43271_001,0.192199892323407
Aqu2.1.43273_001,0.249331496573055
Aqu2.1.43283_001,0.791493211186187
Aqu2.1.43284_001,0.160812592792179
Aqu2.1.43287_001,0.982957141755458
Aqu2.1.43290_001,0.441057375150496
Aqu2.1.43304_001,0.886738844372619
Aqu2.1.43310_001,0.518563108483838
Aqu2.1.43314_001,0.12509500936727
Aqu2.1.43317_001,0.818428525625134
Aqu2.1.43318_001,0.302537091205185
Aqu2.1.43321_001,0.148426612012178
Aqu2.1.43322_001,0.544935879802702
Aqu2.1.43327_001,0.401784207524077
Aqu2.1.43338_001,0.516435738738751
Aqu2.1.43343_001,0.0711641994956411
Aqu2.1.43345_001,0.207694210636543
Aqu2.1.43358_001,0.433114513886032
Aqu2.1.43364_001,0.763494139737423
Aqu2.1.43365_001,0.32934492270814
Aqu2.1.43370_001,0.0532339510654211
Aqu2.1.43373_001,0.892985735689631
Aqu2.1.43384_001,0.222373805910098
Aqu2.1.43390_001,0.234054086124232
Aqu2.1.43424_001,0.45964483473219
Aqu2.1.43428_001,1.14763732490852
Aqu2.1.43432_001,1.3063342973022
Aqu2.1.43444_001,1.82106646472103
Aqu2.1.43448_001,0.488131688133912
Aqu2.1.43454_001,0.101037568491272
Aqu2.1.43455_001,0.733678825942025
Aqu2.1.43456_001,0.234552960053369
Aqu2.1.43459_001,0.275146579209868
Aqu2.1.43461_001,0.279597111404613
Aqu2.1.43465_001,0.594341053873193
Aqu2.1.43468_001,0.317037241402618
Aqu2.1.43477_001,0.822331041543148
Aqu2.1.43494_001,1.05980985435306
Aqu2.1.43495_001,0.0625345385315721
Aqu2.1.43510_001,1.70667948256978
Aqu2.1.43515_001,0.385933595574112
Aqu2.1.43521_001,0.131264789962739
Aqu2.1.43523_001,0.931728664375349
Aqu2.1.43535_001,0.308049402485169
Aqu2.1.43536_001,0.122545535062804
Aqu2.1.43540_001,0.476064140562016
Aqu2.1.43541_001,0.59403776981689
Aqu2.1.43554_001,0.0890458700843289
Aqu2.1.43574_001,0.565000622648019
Aqu2.1.43580_001,0.364824718136532
Aqu2.1.43588_001,0.727895759885497
Aqu2.1.43590_001,0.322793904627728
Aqu2.1.43593_001,0.375845169816024
Aqu2.1.43595_001,0.256031902906796
Aqu2.1.43606_001,0.608251630175373
Aqu2.1.43607_001,0.159801877455726
Aqu2.1.43618_001,0.438647045508775
Aqu2.1.43620_001,0.445713159721706
Aqu2.1.43624_001,0.0244705303022277
Aqu2.1.43626_001,0.275285309737193
Aqu2.1.43628_001,0.447313355172741
Aqu2.1.43660_001,0.297538443740996
Aqu2.1.43674_001,0.611010068858409
Aqu2.1.43686_001,0.426356601028903
Aqu2.1.43706_001,0.226197790136001
Aqu2.1.43708_001,0.864955066504553
Aqu2.1.43718_001,0.403287921692524
Aqu2.1.43719_001,0.540489881577487
Aqu2.1.43722_001,0.287900614610401
Aqu2.1.43724_001,0.616687158906385
Aqu2.1.43725_001,0.455969222840289
Aqu2.1.43737_001,0.336488837054877
Aqu2.1.43748_001,0.0997067305199287
Aqu2.1.43753_001,0.401886136450901
Aqu2.1.43758_001,0.297814537257221
Aqu2.1.43764_001,0.0888085139802795
Aqu2.1.43771_001,0.179264307187638
Aqu2.1.43773_001,0.118066370058503
Aqu2.1.43778_001,0.508827785424354
Aqu2.1.43782_001,0.513272330676548
Aqu2.1.43793_001,0.546796762607198
Aqu2.1.43795_001,0.713486749134432
Aqu2.1.43801_001,0.522441766097713
Aqu2.1.43802_001,0.333305760945685
Aqu2.1.43806_001,0.420934777172702
Aqu2.1.43807_001,0.322079455379433
Aqu2.1.43808_001,0.295493434145171
Aqu2.1.43816_001,0.542538427413988
Aqu2.1.43819_001,0.0083286618183328
Aqu2.1.43823_001,0.963724518829499
Aqu2.1.43838_001,0.616687158906385
Aqu2.1.43840_001,0.225935271159196
Aqu2.1.43842_001,0.299232685572976
Aqu2.1.43875_001,0.456832960701954
Aqu2.1.43878_001,0.474104787414497
Aqu2.1.43880_001,0.565000622648019
Aqu2.1.43899_001,0.544935879802702
Aqu2.1.43900_001,1.48399669520787
Aqu2.1.43901_001,0.275881443619774
Aqu2.1.43918_001,0.208397026453639
Aqu2.1.43925_001,0.177546769487836
Aqu2.1.43932_001,0.822518148942163
Aqu2.1.43953_001,0.567557832577624
Aqu2.1.43955_001,0.125093434697712
Aqu2.1.43959_001,0.165658962286065
Aqu2.1.43974_001,0.116005278314012
Aqu2.1.43980_001,0.296671642703667
Aqu2.1.43982_001,0.0153229370716631
Aqu2.1.43992_001,0.403287921692524
Aqu2.1.43995_001,0.533034011270586
Aqu2.1.44007_001,0.0928324637441778
Aqu2.1.44012_001,0.896111442264885
Aqu2.1.44019_001,0.989560587089278
Aqu2.1.44030_001,0.341698881261943
Aqu2.1.44038_001,0.29575212246133
Aqu2.1.44045_001,0.469170387243433
Aqu2.1.44051_001,0.249375926558517
Aqu2.1.44055_001,0.151530726335406
Aqu2.1.44059_001,0.236134286527472
Aqu2.1.44061_001,0.316578289601759
Aqu2.1.44062_001,0.565000622648019
Aqu2.1.44064_001,0.202207143249129
Aqu2.1.44071_001,0.117996554182589
Aqu2.1.44079_001,0.776138634832588
Aqu2.1.44089_001,0.804681216141501
Aqu2.1.44091_001,0.261302307199511
Aqu2.1.44096_001,0.534095978593344
Aqu2.1.44102_001,0.240307497100942
Aqu2.1.44103_001,1.08757335986164
Aqu2.1.44104_001,0.808624273085199
Aqu2.1.44108_001,0.0991008785002375
Aqu2.1.44120_001,0.940666634547445
Aqu2.1.44121_001,0.373849087747744
Aqu2.1.44122_001,0.303379771237007
Aqu2.1.44125_001,0.465463658622613
Aqu2.1.44151_001,0.959882789180153
Aqu2.1.44160_001,0.747385793456709
Aqu2.1.44169_001,0.132035174850755
Aqu2.1.44172_001,0.491379931776456
Aqu2.1.44173_001,0.0122815518968666
Aqu2.1.44175_001,1.18779851451363
Aqu2.1.44189_001,0.199019055695356
Aqu2.1.44191_001,0.105318999505033
Aqu2.1.44194_001,1.57085896641827
Aqu2.1.44204_001,1.26663812288441
Aqu2.1.44206_001,0.22142619491013
Aqu2.1.44210_001,0.47593170017737
Aqu2.1.44213_001,0.440737651380661
Aqu2.1.44227_001,0.401601090626631
Aqu2.1.44242_001,0.752211649698162
Aqu2.1.44243_001,3.85413501731641
Aqu2.1.44245_001,1.0983058993421
Aqu2.1.44272_001,0.11669963969433
Aqu2.1.44279_001,0.242450648596519
Aqu2.1.44302_001,0.414603896800259
Aqu2.1.44303_001,0.837337346831286
Aqu2.1.44316_001,0.353104920776698
Aqu2.1.44322_001,0.235196454008281
Aqu2.1.44336_001,0.535244242099254
Aqu2.1.44337_001,0.294580062434509
Aqu2.1.44349_001,0.488048958347202
Aqu2.1.44660_001,0.983748243215408
Aqu2.1.44662_001,0.806221054470344
Aqu2.1.44676_001,0.297305185174764
Aqu2.1.44710_001,0.335379169842052
Contig10211_37405,0.565000622648019
Contig10545_38161,0.541135168612764
Contig10936_39215,0.591731182961199
Contig11933_42145,0.311486240768734
Contig12052_42555,0.535244242099254
Contig12209_6142,0.351673345446966
Contig12541_44625,0.565000622648019
Contig12547_44647,0.565000622648019
Contig12731_45707,0.19575326430005
Contig13044_49074,0.0771365017769905
Contig13185_14412,0.518187329588206
Contig13220_15090,0.377571193260683
Contig13340_54824,0.477336566235148
Contig13376_18694,0.517996480669633
Contig13423_20427,0.695813191637319
Contig13425_57545,0.358518753587492
Contig13464_22290,1.03559275256427
Contig13468_22474,0.554193690706301
Contig13475_59859,0.822518148942163
Contig13488_23579,0.796510459799518
Contig13498_24531,0.548879775088651
Contig13506_62225,0.924678968958729
Contig13519_63465,0.983748243215408
Contig1455_27089,1.454158466511
Contig1455_64126,1.02062250746647
Contig2095_27780,0.515622331279691
Contig2399_65141,0.543645305396956
Contig2932_65716,2.7401455978953
Contig3336_66145,0.500260077372197
Contig3478_66292,0.626215772176609
Contig530_68246,0.565000622648019
Contig548_31395,3.66077039691385
Contig5978_31898,0.533601001653097
Contig654_32504,0.456015811338191
Contig6751_69756,0.462380484537254
Contig6860_32837,0.565000622648019
Contig9746_36621,0.414507887315704

