CG45784,0.0245884263837442
Tim17b,0.0757218158615346
CG12582,0.00173498475797486
DhpD,0.134685185098354
CG14641,0.250677460020596
Gel,0.00704628434118862
cpx,0.567886440440691
CG9791,0.0403614511349581
CG9795,0.103071760250952
CG9776,0.0078556884484068
CG1103,0.0539133445618467
CG11739,0.509492324861736
tub,0.106418919972168
CR45999,0.030504596554253
CG14647,0.0818617141961214
CR45187,0.0707944692684647
lost,0.129895233204677
CG32944,0.0118461088942111
CG9804,0.0282411284861342
CG14650,0.026488735229201
CG31522,0.183080074334209
CR43629,0.00767660747546549
CG31523,0.163860694391193
CG9775,0.0497612260501944
slx1,0.030504596554253
spartin,0.030504596554253
tacc,0.00408264704430089
atms,0.203881392828182
CG44098,0.0202530681045492
ctrip,0.0155293447960082
CG14657,0.129684470185286
opa,0.0164970919515042
Gnf1,0.183579708524684
Ubc6,0.0240567497124561
corto,0.0653560953070503
dpr16,0.0228392588881563
CG1116,0.140930642556647
CG2604,0.0122110456985887
Vps37B,0.14340826967671
Kat60,1.19014011301635e-05
rtp,0.0381303336957741
CG12173,0.094753543456429
Hph,0.101790624149396
mtd,0.721176557656961
CG11999,0.0125429962782601
Prosbeta7,0.0315334642626215
Cerk,0.0355514017403243
hd,0.00979573219110429
CG14667,0.14351446086574
7B2,0.344945665953911
PEK,0.00969403524508716
CG12162,0.286570284363675
mRpL44,0.107152591262424
CG31550,0.0963972171923886
CG31547,0.0163841208586369
Nmdar1,0.741242475024706
Itp-r83A,0.375484810178672
CG14671,0.135228087763597
Rheb,0.0432398029429813
CRMP,0.0545391095907205
rev7,0.0245751669370931
Vha26,0.355131408078798
kra,0.0349432165227701
asl,0.0605108995238925
Atu,0.0214791769243085
CG12171,0.0144934099071338
Sec23,0.0944035128793803
elm,0.200691120735708
MED27,0.0984849088432238
CR44093,0.0468486869200409
CG1109,0.00181092278470462
Atg17,0.001589486225509
plx,0.628122767710552
CG1239,0.0320365173624164
CG2100,0.040592310599763
Sym,0.00231015932476414
jagn,0.117091500279879
CG2051,0.0048647638119176
CG1218,0.0768842103034381
CG2046,0.0881260523741107
CG11000,0.29665199608886
Hpr1,0.00220254681905018
CG2023,0.114255112375825
disp,0.00659602446421334
ECSIT,0.116753324172802
Obp83a,0.00620024282749108
NPFR,0.030504596554253
CG18048,0.0336821896032312
CG10286,0.0642337433181461
CG1024,0.0949014511150019
Dmtn,0.262207851232687
dpr11,0.325321274509445
twr,0.0773405855104098
Ama,0.030504596554253
CG1105,0.0314190996431122
CG1104,0.0716844393422002
CR43685,0.126354939802227
CG2656,0.151304924242611
gfzf,0.030504596554253
CG10055,0.0861066700300093
CG14609,0.030504596554253
CG14608,0.030504596554253
CG1234,0.0963011761885547
CG1227,0.0379465615837323
Gld,0.030504596554253
snRNA:7SK,0.189320044073587
alpha-Est9,0.0993298272330214
CR44332,0.0605108995238925
pyd3,0.0387126749534058
sgll,0.317398846477638
CG31473,0.0893854064432719
CG17816,0.0647815046267976
CG10092,0.0272364378666851
CG2943,0.128337610382275
Prat,0.030504596554253
CD98hc,0.723483494379331
CG14463,0.0448763779133024
ImpE3,0.0313427340043633
CG11035,0.148911305907976
unc-45,0.0358012479148737
mAChR-B,0.257987798254948
CG7878,0.0477803994653768
CG9667,0.00485918352955397
Gie,0.114691974369919
CG7800,0.030504596554253
DNApol-iota,0.024475834608233
Ada2b,0.0877814451101129
CG9636,0.0346514497011824
RpA-70,0.00428101954089451
CG11671,0.030504596554253
mRpL1,0.17447527997728
Sgt1,0.109783905158305
tex,0.0266069014454409
Ctr1B,0.0104227365726666
CG9603,0.0936480434239281
Atg13,0.0395466779887566
CG45263,0.416334836741325
Obp85a,0.030504596554253
CG11737,0.0210562340084206
pch2,0.0940728552707396
CG31460,0.0332793136929263
5-HT2B,0.00887653060261944
CG11753,0.0760324528975165
CG42489,0.0724003371711145
bel,0.146682306392702
p,0.107046004312151
CG8032,0.181134042971611
CG8036,0.0476374069297364
CG8043,0.210819732598371
CG11755,0.00768529771692756
CG8112,0.0138758919438447
CG8116,0.00106706134692747
CG8145,0.033461001943578
CG8159,0.0703915657766998
ranshi,0.0219551744790882
CG8202,0.0769109419243833
CG8223,0.095015436087653
CG11768,0.15686755079201
Tcp-1eta,0.179608773443026
CG9839,0.109101135489659
hng2,0.0255319873721612
CG9837,0.0287460835332209
CG9821,0.163206720184691
CG8369,0.200249585333915
CG9836,0.312858032533095
CG8379,0.0453158556422226
skap,0.0972108067775365
CG11964,0.161561728656244
E(var)3-9,0.0113375260698474
CG11980,0.0247351684303248
Prosbeta3,0.0537911284081157
CG11982,0.0654848325782051
neur,0.0410379115151896
hyx,0.100877841816683
Nmdmc,0.0572527672105186
Rel,0.0698106289130156
Mst85C,0.0954024458501065
Ada,0.030504596554253
pum,0.120204680169909
ird1,0.0388692587226279
Ibf2,0.00784633901349124
VhaM8.9,0.200690835421665
Aats-trp,0.01012408157103
Vps16A,0.0932672555090653
CG16749,0.00872893011266696
FER,0.0435881869911226
CG34117,0.0639273811016959
CG8132,0.139883663338867
GstZ1,0.0900370582682879
Rlb1,0.0678598219876455
mRpL47,0.265500938593739
JHDM2,0.0683547297560709
mura,0.0179398258909232
CR42549,0.0326798733039634
RnpS1,0.126927722972572
CG9386,0.0149992037738984
CG9393,0.0580818030192302
Kap-alpha3,0.0321370992164969
CG8301,0.0152015422503108
bocksbeutel,0.00524465726553178
SpdS,0.344373072258266
Scm,0.157787155541347
CG16817,0.186854979487852
Unc-115a,0.025545016885121
trbd,0.0376151127659044
dmt,0.030504596554253
hyd,0.00573928207766819
CG12950,0.123950852854417
CG34409,0.030504596554253
CG8412,0.0220512054690785
Snap24,0.0373337317427885
MED6,0.0401737577619184
CG9471,0.059384811787558
CG8500,0.147989049633258
CG9467,0.0252476999049577
Teh1,0.201045083374032
Art4,0.01706542037956
CG5359,0.0298408331157289
Mical,0.0029468418461761
mtTFB2,0.0116391540077366
CR45054,0.089095540927804
CR43459,0.166583534268461
CG3940,0.0554770546186007
gammaSnap2,0.204343770611609
TAF1B,0.0451715186529961
Invadolysin,0.0597771241547688
CG6254,0.0392429289723773
Syn,0.0168560763841168
Timp,0.0972600687024502
CG12420,0.030504596554253
CG42795,0.0784245980288434
Sirt6,0.0499692703015511
pont,0.0635354319578204
CG6293,0.0393322717375102
Bruce,0.0134485691586976
CG12818,0.0852597828959406
CG12592,0.030504596554253
Rfx,0.00664145178949327
Rrp46,0.0054853099230559
CG6345,0.0114527463128706
CR44018,0.0916208955237126
CG6465,0.0765371495034488
CG14683,0.0169545820554163
CG31278,0.0912370306391133
TkR86C,0.293891130891238
MED7,0.0429847356461937
mRpL37,0.133974118311477
CG4089,0.00688042121541263
CG42394,0.00121906679925381
CG4565,0.0119748168466612
CG6567,0.059963111560456
CG4511,0.0866995833939029
CG14694,0.030504596554253
CG6574,0.0670264952515225
SelR,0.0826343662771209
Tsp86D,0.178324429754492
Sodh-2,0.0990648482125141
Tpc1,0.0718831315373519
CG14696,0.0152791811927279
Leash,0.0264101185366119
Ugt35b,0.0717292319460609
SdhC,0.080072987188092
CG4820,0.123850074894479
CG6689,0.0281585644541094
CG6693,0.105006605391671
RpL3,0.0344699606307097
GCC88,0.017904787344321
CG14701,0.0244806361154094
CG31388,0.093283584666232
CG17734,0.0555020947584803
CG5214,0.0331481502516659
pros,1.82778693511752
mRpL40,0.0931508217163888
CG6723,0.258757044720127
CG45676,0.0403197937409817
CG5270,0.00918529733773701
CG5276,0.0636681235960965
CG5281,0.173233714258086
dpr5,1.77328758638756
dpr4,0.00950595984014351
fabp,0.0277197712452879
wkd,0.0342380878650267
Jupiter,0.0505376670926649
CG6808,0.101507028804726
CG14711,0.0451827282902243
CG6813,0.00950831039777978
CG42327,0.00890455987550092
CG14715,0.189960710879084
Ho,0.284061385600707
CG6834,0.0229695170774444
CG12594,0.0874515724102299
Blm,0.0295372759859902
CG14722,0.174918286450582
Lk6,0.00195278665958878
ClC-a,0.0860163760726379
CoVa,0.0858958483073607
CG6959,0.0241607546839964
CG31368,0.0322890913621495
CG31211,0.0783121423346929
Hsp70Aa,0.199077421764493
GC1,0.341085876240877
Tango9,0.0547015912695367
GC2,0.030504596554253
mfas,0.132844767483464
GCC185,0.0417750566583055
CG3313,0.0283447608318675
dpr15,0.554429413901539
Cpn,0.030504596554253
svp,0.0255953450765803
GstD9,0.0370843575221731
GstD1,0.0348243403112407
GstD3,0.0149051828399905
Cyp9f3Psi,0.069244997123379
lig3,0.0193688209017551
Cyp9f2,0.222986489609351
CG5167,0.030504596554253
CG5196,0.139840155048972
Dip-C,0.0257317910593119
pps,0.0692840916239146
CG5641,0.0144699113249215
Aos1,0.0682271254138927
Desat1,0.0604565216905773
CG5538,0.0605108995238925
CG18549,0.315430135778553
CG5509,0.030504596554253
trus,0.117893561745094
CG12267,0.0663950156601821
alphagamma-element:CR32865,0.144747322783523
Hsp70Bb,0.0605108995238925
Hsp70Bc,0.901726839599139
Vha55,0.341113538980161
Not10,0.0218999903775001
CG6225,0.030504596554253
Su(fu),0.0124714356998802
Arp1,0.0432669113004555
Past1,0.0214664164755539
CG12279,0.186981007771336
Men,0.0601165918113195
beat-Vc,1.07718137361238
CR44233,0.030504596554253
beat-Va,1.54807453678986
beat-Vb,1.20124151566006
CG31342,0.00959599668397019
CG7488,0.0388713965580861
CG7518,0.294094633263905
CG8031,0.057588315475373
CG12360,0.183516932735449
CG7966,0.00593425606030632
pic,0.0468318509390743
CG11686,0.030504596554253
Ravus,0.113207244618134
Su(var)3-7,0.062005081653121
CG8630,0.030504596554253
CG32473,0.0461622415854213
PK2-R1,0.030504596554253
poly,0.0385528308519797
Dic1,0.23697265800412
CG9799,0.0308020119457632
GILT1,0.0556700960577723
yrt,0.101119808976411
CR45679,0.030504596554253
CR17025,0.030504596554253
Hrb87F,0.16932242534759
lkb1,0.000344398933204768
Adgf-D,0.551989381791875
Adgf-C,0.0601393541508905
Cht5,0.0605108995238925
Dip-B,0.0137204787396996
Nsf2,0.0598049408276838
Ipp,0.172997917336834
CCHa1,0.0366947838724465
Abi,0.0165658664435367
RpII140,0.0459663939651246
Dop1R1,0.0919129761369733
su(Hw),0.0319155270190655
RpII15,0.0467813890661483
CG3321,0.173423485032956
NK7.1,0.374560978682778
CG31320,0.035922691911355
cv-c,0.0062319585012972
mRpL11,0.0924972286440139
Pde6,0.823665671750039
stumps,0.00619672177377582
CG14853,0.30838024008901
put,0.197284353619927
Hexim,0.0246496791634314
Rad17,0.0383596046636491
Meltrin,0.175602695271199
kibra,0.0247085192050394
CG33332,0.00930221283677761
CG3817,0.0636157020512514
VhaPPA1-1,0.34098489447792
Sdr,0.0415055906199776
dpr9,0.320506142188939
CG6752,0.0133319502591462
SIDL,0.0420610371973276
CG12241,0.00478859278404306
Rpb7,0.215445782586864
CG31344,0.00367216647428164
Caf1,0.0444312391787783
Art3,0.0543810867690675
Hsc70-4,0.153238227054979
CG42404,0.0405087775945336
eIF-2gamma,0.0479437519067754
Zip88E,0.0266518705173506
CG45218,0.030504596554253
CG6236,0.000307317968577455
Surf4,0.0364084534269284
Atg4b,0.0725139611984534
CG5044,0.130653144182782
Trax,0.0275191239743331
CG6171,0.135917007293029
Ccm3,0.16473170385353
CR45911,0.00620024282749108
CG5205,0.030504596554253
AOX3,0.0900370582682879
Arpc3A,0.0994243159844978
ND23,0.21955450097553
Hmt-1,0.0406657395185198
glob1,0.0205793642867099
CG3303,0.0214544982863551
blp,0.0634113945552067
CG4287,0.19897420348972
CG5516,0.0436591125536775
Hel89B,0.0144601009364913
Mhcl,0.105340606756458
CG5903,0.011782545967915
CG5916,0.356163724212103
Fer2,0.0594134049323885
CG6006,0.0274242172967459
sra,0.166797342586249
mtSSB,0.0922337097566639
CR45643,0.030504596554253
tara,0.0998938816964107
bor,0.0931143659237364
asun,0.0483174829116503
Sulf1,0.00291266960051311
SF2,0.0744684900819345
pad,0.122459650687988
CG17565,0.0169385303871607
CG14894,0.229009427224245
CG14882,0.100102626586919
Scp2,2.52212652120691
CG14892,0.030504596554253
nonA-l,0.0356101832986892
CG10326,0.00433090713362927
MESK4,0.030504596554253
CG3678,0.163196021674307
CG3534,0.023389577141621
CG16941,0.0645465290463975
Irc,0.00909188903774389
AdSL,0.0633368355202719
CG18213,0.030504596554253
Dad,0.0657714650635463
Keap1,0.0411664945350563
cal1,0.0887134196965569
m-cup,0.0294189546547581
CG5292,0.0881504313059075
Brf,0.0093266827579958
sds22,0.0726498809600757
CREG,0.0393085158064172
Sur-8,0.230918111005087
SF1,2.5020047014759e-05
CR45223,0.030504596554253
alt,0.00197984760337094
CG7655,0.0591005172003887
CG31251,0.0406952005853137
CG31249,0.0532759593615817
osa,0.0154140827471417
CR46035,0.119100252880619
Lgr1,0.866199041442432
CG14321,0.020601049831875
TyrRII,0.030504596554253
CG17803,0.030504596554253
CG17806,0.0227687123355528
CG17802,0.0369016034555039
CG7357,0.0954210140053787
tinc,0.18643122675266
DNaseII,0.189117291793447
CG7785,0.015813229617008
htl,0.0310453298173771
sr,0.224149257363242
CG7985,0.111484805028848
CG7183,0.0254583994175658
mTerf5,0.0126719270672239
Non3,0.0501191178783642
Mdh2,0.12186810584497
repo,0.0306469363794643
CG7156,0.00205813497171941
14-3-3epsilon,0.0269240589307182
CG12320,0.0322741012143982
Vps39,0.0655068661004276
eIF-1A,0.00376211832927724
CG14312,0.175011428015152
CG8064,0.0210287728683289
l(3)05822,0.0545164093005671
Dlc90F,0.0151226245346158
CG31235,0.216983415925231
CG7685,0.0968063164197979
CG31122,0.0659878263935423
fru,0.226094420490505
CG7694,0.00964882185322117
CG14301,0.0120782442506446
Gos28,0.236004318683901
CG31229,0.176993134211616
CG7718,0.0658671374851543
CG14299,0.0494929005541901
CG14291,0.0170260674278544
snRNP-U1-C,0.000995651454789892
gukh,0.0862558239057012
CG14286,0.00951905134522197
CG14285,0.030504596554253
gatA,0.0229696426456438
NP15.6,0.0340386779637766
mRpL55,0.152021637181908
ATPsyn-d,0.176977400950186
CG6040,0.061718162643624
Cyp12a4,0.0131829718856906
CG5835,0.0348458586325006
CG11779,0.324901344103389
CG42358,0.0833500443635
CG42359,0.0161395821671434
cry,0.0613612502026896
vib,0.0647458165253563
Dys,0.0177204106568729
CG6231,0.0297917755572229
subdued,0.0438984169083469
CG34138,0.0605108995238925
Vha13,0.301679500000625
CG6195,0.0277466934492469
CG6184,0.0544181987152305
CR43488,0.030504596554253
CG11407,0.0202350100543321
bnl,0.030504596554253
CG4572,0.0370843575221731
CG4686,0.00336637668792154
Arc42,0.00095537220765737
Pk92B,0.011500953176948
ninaE,0.0701457726287531
CG4733,0.030504596554253
CG4538,0.218745592247523
Surf6,0.0681572804519629
MED25,0.0135996779643365
CG17190,0.030504596554253
psidin,0.0320362238439916
CG4424,0.0302622234314974
CG10889,0.00916486388275685
CG17193,0.0514414771429911
Rh3,0.0381428178359226
cic,0.14979174326245
CG4360,0.012808161045163
CR45800,0.030504596554253
CG4288,0.0585691596327834
MtnE,0.030504596554253
Stat92E,0.131216019435217
CG15922,0.0108466370216878
CG5191,0.0159648553979429
TFAM,0.00375280536821159
CG5412,0.090595952812516
Sep2,0.138724789295051
Srp72,0.0935379750634822
CG4159,0.0282314239932995
CG5466,0.029731539533751
Pi3K92E,0.253423258152006
Nep4,0.0646595572621046
CG42322,0.107709448954868
Syp,0.191159129438274
CG17271,0.0268650949887753
CG17272,0.0454427377425513
AdSS,0.22394322480051
CR44047,0.030504596554253
Synd,0.0576822651526993
hdly,0.0119754064480857
Calx,0.105689618766181
Rlip,0.396199510256534
CG17278,0.0135818840214832
AnxB9,0.0768615358539514
RhoGAP93B,0.0881536135969169
Bdbt,0.0375681818102017
slmb,0.478279370362537
CG5793,0.0598254263571709
Ubpy,0.0062952541420652
meigo,0.0105970110860033
CG3337,0.0520997603264965
e,0.226073651184057
Rab1,0.0237169373215775
AP-2sigma,0.0237624584777233
CG5919,0.075433897809246
Hsromega,0.0157423524165791
CG16791,0.323123294493152
pre-mod(mdg4)-W,0.030504596554253
pre-mod(mdg4)-V,0.0654667177743412
CG7922,0.0660330067004221
CG7956,0.131985737698429
CR43653,0.030504596554253
CG31176,0.0214980384955608
lsn,0.049385266901175
Eip93F,1.46012122261805
CG6439,0.0394221840207437
CG6028,0.153806637540781
Cchl,0.301742773064877
ND42,0.0256981030411011
CG13409,0.0690750733485639
pit,0.063142270619657
Fadd,0.00820507743941686
CG13408,0.142584818671534
PyK,0.236208376556248
CG7069,0.0220225812660481
CG34149,0.0315154524988017
CG43343,0.00364865321485999
CG7059,0.148491007846683
Nop56,0.0658751322063522
CG12499,0.043891010418392
CG34376,0.0628462883425237
AP-2mu,0.00848102039775299
CG7048,0.0303072640832338
T-cp1,0.0114857315901736
AdipoR,0.166260419662775
CSN6,0.0213651721376645
Dph5,0.00571070009535706
CG33107,0.11113491061494
Efa6,0.227279714329289
EF-G2,0.0286308473446565
mRpL45,0.0690239323333333
loco,0.0318365685679715
Gclm,0.0950902406148065
Nup133,0.0843591398364472
Irp-1A,0.1492051782189
CG45049,0.205170054312725
CG4721,0.0336637029322972
klg,2.04266178264981
sav,0.0417846471331464
Ublcp1,0.100270945317158
Rassf,0.110284337025291
CenB1A,0.0850464648470169
unk,0.185727929772275
cnc,0.0093179087777141
CG4449,0.0592772925882883
EloA,0.0410338723700925
Sec13,0.216582273372227
CG4393,0.00947498622541227
Irk2,0.274531302849907
CG10184,0.030504596554253
GILT3,0.0884540882197614
CG10254,0.0401745112688372
RNaseMRP:RNA,0.0210001447238607
Hmgcr,0.0463641342651344
Plip,0.0703773695351147
CG10214,0.105788118114916
CG10375,0.0838905294021837
tst,0.0225638646302422
CG10208,0.0198559617957459
CG33111,0.0195415011825414
Pli,0.125014366105534
TfIIA-S,0.179365318406538
Ndc1,0.00243508735335278
Aats-glupro,0.0379173904146066
AP-1sigma,0.207011574621421
CG31140,0.0279277034064331
CR31451,0.380755134652519
Miro,0.136563939610348
Rox8,0.0473167531565062
CG5986,0.115812811951962
Atg6,0.0687143311137541
Hsp68,1.02141515684093
Tsc1,0.0324098191683771
Sec10,0.0369542298746703
Slimp,0.0372173321882862
p38a,0.030504596554253
CG6178,0.0593907966383192
CG6182,0.00592428207090389
CG13606,0.030504596554253
CHORD,0.144612399299368
jnj,0.0506850419403726
twin,0.0200703586833783
CG17786,0.0258510271662696
cav,0.0392890978338369
Spps,0.0310653228596914
CG13609,0.0151799136891403
CR44092,0.053691058150029
jar,0.0386650217741869
Orct2,0.0566334666676735
Nab2,0.0889823967373785
CR46093,0.030504596554253
BRWD3,0.027604328119563
CG5728,0.0752063399357271
nAChRalpha1,0.391120993414515
nAChRalpha2,0.254182312711578
Pp1alpha-96A,0.0186891805451482
CG5789,0.030504596554253
Esyt2,0.24402392779044
Syx18,0.0105887815010401
atl,0.150709435609412
Wsck,0.0793904398441604
CG43222,0.166318397054127
puf,0.0393855155419703
CG6695,0.0307841632645125
CG31126,0.0561437374859832
Ppox,0.00528643218701552
slo,0.038684659460581
AstA,0.00528345075312153
CG5805,0.279172611528123
polybromo,0.0137112540638678
CG34150,0.14763797595529
CG5808,0.108607742647546
Saf-B,0.0971397293117789
HdacX,0.0317153130425149
PIG-S,0.034063318053371
CG44254,0.0483906022382656
CG11771,0.0153117482550079
Osbp,0.0741550096838139
ssh,0.118364273684579
beta4GalT7,0.0854211094310026
bai,0.00562548844409401
CG31111,0.0232324042579612
Unc-13-4B,0.030504596554253
veli,0.15915338407316
OstStt3,0.0264704341749582
CG11839,0.0341460374495927
CG11920,0.0442012556929248
CG31108,0.088935094619383
vig2,0.00391855922882396
Bili,0.173742449389095
danr,0.00136949332897613
dan,0.030504596554253
CG13663,0.0499357599134036
CG10420,0.0164187763996989
CG11857,0.0630117727186347
CG10425,0.0537395268859707
CG11858,0.200977870569934
CG31300,0.030504596554253
CG31098,0.198347806951789
CG11902,0.0250328943796696
alrm,0.301303497901148
Dhap-at,0.0865031036335641
CR44179,0.135292902375724
msi,0.380303557777409
Npl4,0.17008053813078
CG5071,0.0605108995238925
Ssadh,0.764486447463392
Tnks,0.0300659682501196
RASSF8,0.1741386711535
CG4730,0.00469241590403903
CG5039,0.0462594169866191
CG4743,0.126287171573467
CG5028,0.0863532084207618
CG5886,0.00191293362326665
Tsp96F,0.109928854108516
SppL,0.0639076828826802
Lnk,0.184325120866453
Nf1,0.00472766977893521
E(spl)mbeta-HLH,0.00128310604580701
E(spl)m3-HLH,0.0172351025475122
gro,0.0574014862196477
Exo84,0.0563275445146982
Dak1,0.39406695013174
CG6142,0.030504596554253
CG31323,0.336674591522129
Ald,0.262808204973105
tx,0.030504596554253
CG5447,0.0350064105816086
CG43117,0.00507019105175851
plum,0.153629635984682
CG6425,0.0992395450308649
Tl,0.190981286791696
His2Av,0.122214922919245
CG5500,0.213057303537186
CG6330,0.163586999525672
CG5521,0.0364807716567259
CG31075,0.0653464305876904
CR45209,0.030504596554253
CG6066,0.0140444042947546
CG5880,0.0809482243462633
CG6051,0.124802989642742
Men-b,0.0134131771042635
CG34293,0.143843240721606
CG42813,0.0668949808244036
CG31064,0.0855466876521924
CG18766,0.0146755667991901
TfIIA-L,0.0982671552284571
l(3)mbt,0.044371179962604
CG5938,0.0715302142902889
Klp98A,0.0143653367386938
pins,0.0856418334302399
Tusp,0.117971965389534
Mtl,0.0272966128652685
unc80,0.122052437504844
CG43320,0.0134823501305297
ALiX,0.0639808650477303
CG12428,0.0855323611798818
CG12877,0.121196532126574
mRpS22,0.0120268118096527
CG33213,0.0703915657766998
CG12259,0.0709197288129794
CG5514,0.0437574420209249
mfrn,0.043648397639024
larp,0.0691738737175158
Gfat2,0.12886761491124
Moca-cyp,0.100858493829749
beat-VI,0.203854021013938
CG12413,0.020443111557156
MRE23,0.0161416674081414
Noa36,0.0582776091814826
CG1523,0.0169179983461428
spg,0.0443756121875672
Inx3,0.0342159707366087
CG33203,0.0936275311380817
CG14529,0.030504596554253
CG14523,0.030504596554253
CG1951,0.0632044943064797
Cpsf100,0.0707918344397761
Slu7,0.0266872768967445
Pkc98E,0.0245074798497854
Cul5,0.00630211230752973
CG11873,0.0105047357859285
CR45030,0.030504596554253
alpha-Man-Ib,0.0705264947936861
Atg14,0.0221744142068688
yem,0.0139802638252262
CG11880,0.00322553526194507
Vha100-1,0.108249132157782
CG14512,0.0188653538141854
CG11882,0.0151748285036218
Pglym78,0.0993994404322794
Slbp,0.13884008621573
Rpn2,0.136555919830831
CG11898,0.030504596554253
CG14509,0.0551955693571316
Cisd2,0.0700915132973765
Brd8,0.110343774461906
CG2006,0.00632327162103212
CG2310,0.00641314401977486
Trc8,0.0756215965278112
alph,0.144304023038827
CG1907,1.23761130216585
Dop1R2,0.00328221227631273
ppk21,0.030504596554253
Bub3,0.00583325750676274
CG7582,0.360417085062778
Gycalpha99B,0.0371787350014832
CG7593,0.00683899637295569
Kul,0.118659768999802
CG7601,0.157103507471159
CG7598,0.0661269532794801
CG1969,0.074766264839954
kay,0.118056389352258
CG7834,0.0172691355691518
Vps16B,0.00234590128178825
Atg16,0.0020867242553311
CR31032,0.169401109999451
Zip99C,0.03031822805037
CG34133,0.0295347308900028
CG31038,0.108989997609842
Cog7,0.0274618316389582
eIF2B-alpha,0.0063961886312796
CG15523,0.0183257109221294
TkR99D,0.0394887408679723
Acph-1,0.0108759230714255
CG15525,0.0632886437979139
Tace,0.041410158001853
CG7911,0.087019642663844
Axn,0.169387095250485
janB,0.00932998235091433
Sry-delta,0.0825169248587291
CG7943,0.353211311317619
CG31030,0.217837426863624
CG1983,0.149233902632737
Bet5,0.0346199593152131
CG9743,0.308498273878601
CecB,0.030504596554253
CG15535,0.0684253713907712
CG15536,0.00196944950383681
CG15537,0.0271313325474981
aralar1,0.287495389516308
CG2224,0.0311822503362072
CDase,0.117534995614165
PH4alphaEFB,0.108224282358967
jdp,1.78098694758589
tmod,0.173561582068349
CG34155,0.245302711311161
Aph-4,0.0160710626605836
l(3)03670,0.082450541712378
CG11317,0.897901161494311
stops,0.0691248487211179
mesh,0.030504596554253
CG1542,0.0205044743387471
CG15561,0.0822806054697225
mRpL32,0.212246793307306
spn-F,0.0182428117405059
CG1607,0.818796552151182
Gcn2,0.0168423839504011
lox,0.030504596554253
gammaCOP,0.105334020666617
CG1635,0.379100884032592
RpL6,0.00437077277979464
Med,0.0508556959336674
CG1792,0.213668132931491
pasha,0.0835264680293912
kek6,0.0179095373997727
CG1815,0.0132388432073333
ttk,0.0400278090137484
Ef1alpha100E,0.019267537438389
CG1910,0.251928969196227
CG2135,0.0171656480355648
faf,0.102599295918278
CG2118,0.0605108995238925
Acf1,0.0847626584042059
RhoGAP100F,0.00460039759711093
Map205,0.109617399307435
Pdk1,0.00847951289054806
Dic61B,0.030504596554253
p130CAS,0.164110375381864
Mtch,0.185106720351836
rno,0.153218962763427
mri,0.108060192942936
Gyk,0.110966183715262
CG13876,0.0241274809227915
CG7028,0.16875262235924
CG16940,0.0609680112612744
CG33229,0.12388378220852
Tudor-SN,0.00832186915108463
mRpL17,0.0749044551423516
CG34263,0.030504596554253
miple,0.399277198680369
RhoGEF3,0.310977332584106
Atac3,0.000806934600178144
mthl10,0.030504596554253
Cdc5,0.105742710740552
CG1233,0.0661475521345045
hipk,0.00452536289748287
Gale,0.103409058522296
CG3402,0.0610440951598786
CG3386,0.101381264331851
ebd1,0.0622084712314719
RabX6,0.201054335880854
CR43785,0.030504596554253
CG13900,0.110093694821927
CG13901,0.086180246650434
CG12502,0.0511706501400743
CG32479,0.0121914313687596
CG12038,0.198680879839486
Trh,0.0436221819405023
CG9119,0.0695539677581437
Sac1,0.0105626555875623
scf,0.28450658592634
msd5,0.00979504744996551
ru,0.0279779941719998
stet,0.0605108995238925
CG12084,0.0530408554294541
pUf68,0.0248171200142657
Psa,0.12005514016379
cue,0.0525524987459492
CG12090,0.0150706997190802
CG12091,0.050522913117879
CG7852,0.0629845214325511
CG32313,0.030504596554253
Cct1,0.484739725643285
Cct2,0.136106906544192
CG7879,0.0209394465298484
CG13926,0.0160093721500505
CG33230,0.0583835853889776
ABCB7,0.104423455067411
GC,0.110175379552565
CG13928,0.0576921937225876
nSyb,0.060060216176665
metl,0.00800233544088274
Bgb,0.130396197464599
alphaCOP,0.005884973295808
CR45815,0.030504596554253
CG13920,0.0612201801645317
CG7991,0.024562015154669
drpr,0.191351119335756
CG18171,0.0605108995238925
Oseg4,0.030504596554253
Cht2,0.0605108995238925
CG8001,0.0358764255307549
CG12018,0.0561321267235052
CG2021,0.139138837894596
alpha-Spec,0.00870050761010719
Cdc37,0.0918738111798596
JTBR,0.07582118486199
CG42676,0.0433484797576578
CR45687,0.030504596554253
CG12024,0.0657100205071763
dre4,0.0253107453867474
CG13937,0.0969364148226682
Aprt,0.0124845972149956
CG9018,0.0962173987863639
CG13807,0.0275637209752487
ecd,0.0213537784609495
MsR2,0.120621454881763
MsR1,0.107029927604512
CG1317,0.137517217483445
CG8993,0.00644753126941882
CG1146,0.011500953176948
msn,0.0137019553365573
CG12182,0.0705379864831761
CG16985,0.0199494226683675
CG16986,0.0549568159341473
Pxn,0.258832553931211
Non2,0.0442811729504527
CG9977,0.113639286349129
CG12093,0.132724687933417
pgant6,0.0499424509151896
Or63a,0.297779200023887
FMRFaR,0.430293016794421
CG2162,0.039571922646644
Jafrac2,0.00328299855752653
Sk2,0.20608925926131
CG11486,0.0966463228471789
prominin-like,0.11196661634348
CG11537,0.0861741410188622
CR45819,0.030504596554253
NDUFS3,0.010948342616104
CG32278,0.447319391517468
CG42494,0.030504596554253
CG14965,0.0484397537581017
Hsp83,0.422326063443768
CG32276,0.0090719483781194
CG14967,0.0703463583405506
CG11505,0.12051283269459
CG17746,0.00472246647367774
CG14968,0.0263747033213625
ZnT63C,0.0266050903135913
Drsl2,0.030504596554253
PIG-C,0.036365155117351
YT521-B,0.122265504488205
CG12010,0.030504596554253
CG12012,0.334752065153461
sty,0.538714505582301
eIF5B,0.285012630666611
armi,0.0176448757990539
CG14971,0.0798686742783526
CG42324,0.204988425827179
CG32264,0.931616972490533
IntS10,0.0142523511558332
Rdh,0.0625825807173177
CG14977,0.0485936826785348
Ccz1,0.0142331197431591
Sc2,0.0932282400083494
ida,0.00396471469957397
mge,0.224514100331089
Eip63F-1,0.293701621170082
CG10863,0.0165009803941946
CG14984,0.0605108995238925
CG12605,0.0211695025550742
Mul1,0.0189378747604926
Rcd5,0.027755637553992
Gad1,4.39934138393186
CG14989,6.20000433182806
CG14995,0.0239134853528973
Fit1,0.0509242773935952
Ack,0.000240856558355478
Chd64,0.0524262285376697
ens,0.0667472633125918
Ras64B,0.0324867582297948
Teh3,0.030504596554253
CG43367,0.149013639965369
ImpL2,0.0449881310725618
CG1265,0.0796846919778268
CG11586,0.0504882607190765
VhaM9.7-a,0.378656876765845
CG11583,0.00972416373032051
CG1319,0.148865869797626
CG32250,0.0763797185831451
CG15014,0.0221839992574278
Cip4,0.186019941089485
CG33514,0.030504596554253
CG11342,0.0190366430432118
Syx17,0.128993223416836
CG15019,0.00601062611342228
DOR,0.0467494209675172
nAChRbeta1,0.36284513853924
CG42540,0.774865315798848
Src64B,0.0751013753576077
Rpd3,0.0441388507301113
Dhc64C,0.0390733716583092
CG13707,0.00267325577284048
Rh50,0.226419091923409
CG10674,0.125719441049334
Prpk,0.0765644273263941
CHMP2B,0.0616479239735228
CR45985,0.030504596554253
CG10671,0.0110876848212701
lama,0.10175685635247
CG4769,0.299735640980376
Uev1A,0.0737039351684402
CG34391,0.551907588193732
Lkr,0.0778397572359967
Sucb,0.149665441262411
Sras,0.00877560977298366
Msr-110,0.226771305016435
l(3)psg2,0.131347996995752
sif,0.338650155242597
DnaJ-1,0.437009654214992
CG10576,0.0219248535075403
Txl,0.0619724732959831
Ppat-Dpck,0.0348596015758029
scny,0.156016751769654
vito,0.114310329622382
Bre1,0.0915446229952938
CG5537,0.0291342497443172
vn,0.030504596554253
CG32407,0.0453801001620533
Rcc1,0.160200241325859
CG10479,0.0169166868563585
tan,0.0345895470926053
ssp6,0.231334670288728
CG10467,0.0325351246742574
Ets65A,0.0466475611645822
CG7376,0.00800299826275043
D19B,0.0668391422632599
CG7386,0.145880408679509
Mdr65,0.00243702823601693
ImpL3,0.0309616751772973
CG13300,0.0161507957688027
CG10144,0.000441688025191751
sfl,0.132539462870237
CR45979,0.036491897665527
CG8368,0.112547252516732
CR45418,0.030504596554253
velo,0.092734579779102
CG8549,0.0172292671829566
vvl,0.0253685124379647
CR45414,0.0605108995238925
CG10077,0.0753904267046748
CG9948,0.0241409107275491
sgl,0.0367590862317143
CG9953,0.0114418241861154
form3,0.00130752064301014
msl-3,0.038571505010111
BHD,0.0388830432170216
Neos,0.0328618016540212
mRpL50,0.0331608870985206
Cdc27,0.14391364346262
MED4,0.136875081926745
unc-13-4A,0.367899701057392
CG8607,0.030504596554253
Rint1,0.00572759157475173
CG8602,0.0792970949008866
CG42307,0.0683752710062607
lark,0.000175793652033741
CG8596,0.030504596554253
CG14834,0.0036107415967396
CTCF,0.034686457691188
SMSr,0.0336833142626115
smid,0.0402227959633122
CG42458,0.0150289515471693
Rac2,0.0358994506954135
CG33276,0.0430121270723749
CG7492,0.0974734027339397
Snmp2,0.00977480754594757
CG32365,0.0724629964631
CG32368,0.107278318326176
syd,0.0328615607228363
CG8209,0.0586619494621652
CG8038,0.0711969103793878
nmo,0.456510551894541
Ect4,0.000571423769050487
CG7565,0.0947947563278972
msk,0.00234590128178825
ldbr,0.0160803043546977
CG7550,0.0189764752079247
CdsA,0.352965086216414
CG42445,0.0133319502591462
CG7979,0.0475838145954949
Atg18a,0.0824883388810423
UbcE2M,0.0648585705822209
CG8005,0.0158262401780495
CG32364,0.236660056495746
CG13671,0.0072869454471236
Pex2,0.0331391724122772
CG17352,0.030504596554253
CG7120,0.0283378818271871
CG13667,0.0125451137441349
Exo70,0.0512999715959633
mtrm,0.030504596554253
CG32354,0.0676687073158421
ZC3H3,0.0989104532270084
CG6683,0.0467321154582397
GstO3,0.030504596554253
se,0.0140277920915397
GstO1,0.0605108995238925
foi,0.174546963618263
CG43078,0.183153687908087
Nelf-E,0.138947019492187
Zasp66,0.0170069213497633
Arr2,0.0410338723700925
CG32022,0.0897647353932314
CG6511,0.031902384322143
Fhos,0.00259796890573232
Tsp66E,0.164026594821468
CG43783,0.0863392090593814
mRpL12,0.168237945529246
CG5660,0.0254470406429512
CG5021,0.291225914595903
CG5026,0.00642066361102376
Galk,0.0542327274542157
CG5087,0.0314146118355033
Argk,0.6114126679082
CG32032,0.113046168828987
bol,0.175754925830993
nwk,0.240489951230953
CG32039,0.0423189071956669
CG4447,0.0352401040825019
CG4452,0.10453127040372
Fdxh,0.0648741817398776
Hsp67Bc,0.0101888786874739
Hsp26,0.63810126588442
Hsp67Ba,0.0081000472430936
Hsp23,0.707322660524861
Hsp27,0.137390357573977
CG4080,0.0120644768754864
CG4022,0.0516078507314547
CG3689,0.0646638048687643
CG3982,0.030504596554253
aay,0.281558977912092
Shc,0.175596144179122
CG42526,0.0382547547770176
Bet3,0.368407428524872
Nf-YA,0.0838500321020478
Jarid2,0.0969082804531727
pall,0.00658442341922451
CR45874,0.148641978846059
CG8336,0.0315335398751971
fry,0.0412757336045294
alphaTub67C,0.030504596554253
CG6767,0.0743569345802643
CR45121,0.030504596554253
CG18178,0.0343463431580737
CG32052,1.84886769641773
I-2,0.100371179232264
Cdk8,0.0667944307961437
iPLA2-VIA,0.0585909331975104
Taf2,0.00684335266347184
CG6674,0.0134734287484061
dpr6,0.280943596086726
scramb1,0.0451249702211858
CR46004,0.0538379550070464
E(z),0.0649050253454436
CG8009,0.10219391048647
CG14153,0.0184208914165272
CG8003,0.110658263727164
simj,0.00532910023468151
CG11811,0.0855665994622553
CR44347,0.0129069702847171
tna,0.0367937602334551
CG6418,0.0238673814166269
CG6404,0.168312115639338
klu,0.0605108995238925
CG43693,0.377889170017768
CG7888,0.143651069827493
Blos2,0.0974059084496479
CG32069,0.137579426812255
CG32075,0.0819141775479038
CG33947,0.081859537529144
Sod,0.143375161756239
mRpL2,0.186658411335295
Alg10,0.0653726222208855
Plod,0.0256076424372539
CG7607,0.274278813692438
CG14141,0.4587190328329
Ube3a,0.0243988579728664
CG7600,0.132544340818353
CG42671,0.0736245322640815
chrb,0.0973349035378777
Mob2,0.0413736152282231
CG7394,0.0274536745845854
CG33267,0.000343023579557753
CG6091,0.127905607897536
PCID2,0.00686911619773163
RIOK1,0.0420302326588938
CG32085,0.24510443611565
TfIIEalpha,0.0881130569763819
Sug,0.0393199307029716
CG11658,0.0398228262088718
Bmcp,0.0114147290055126
CG6024,0.148064164495343
CG10907,0.0144944034032293
CG10361,0.00840056228017292
CG5946,0.283201522818723
CG11597,0.156797363028692
RpL10Ab,0.0299042196638902
CG32095,0.0761339259958721
viaf,0.0227736617740507
Pop2,0.00512577890308594
l(3)j2D3,0.0738597790671679
CG11534,0.0104610103519629
CG5645,0.0122820746094986
RhoGAP68F,0.112948655955739
Nrx-IV,0.0781073023844942
eap,0.0580643666051203
CG9760,0.000821947231561677
thoc6,0.0277689100330198
CG5626,0.0123888495703147
CG32100,0.078444935128336
Pbgs,0.000265616812827613
CG4328,0.106371464428843
CG32105,0.00231015932476414
CR45444,0.0391711668523964
CrzR,0.0605108995238925
CG10616,0.100380976679926
CG10638,0.0146862733229577
vih,0.197515403486437
tral,0.089728954141441
ver,0.0408536781981816
eIF-2beta,0.024026833711355
nst,0.0176617246671088
sowah,0.0284339249857047
CG32112,0.0565164246667182
CG32109,0.0575427056521505
Klc,0.0507975989751513
CG10984,0.071664194671314
CG10973,0.0362620014214857
Hip1,0.0111959554139089
Atg1,0.0979866702937345
CG32110,0.030504596554253
Wbp2,0.166189439412253
MICAL-like,0.0215397699023711
CG11267,0.584095587222848
mRpL20,0.140949831130152
AdenoK,0.361405808287877
SRm160,0.0450866534559581
CG11279,0.14650888713072
CG14107,0.030504596554253
CG10089,0.0387279716608718
stv,0.685679916364292
Abp1,0.0377786846348501
Tgi,0.105616544284349
Vps36,0.0560950377805838
bru-3,2.04840030811756
CR45825,0.0605108995238925
Rgl,0.189341097581229
Gl,0.00323710268764864
Nxf3,0.0346987188736788
CG17361,0.0174542791512625
CG17359,0.0102139262282637
CG8783,0.0864634502097465
ptip,0.0115004290086506
endos,0.292949307737485
CG6650,0.0778925999414785
Hsc70Cb,0.184232665414359
blue,0.0294424171398804
CG6833,0.0304382068141625
CG32138,0.0578921759679652
Sox21b,2.30507148680876
D,2.39121538689316
CG9628,0.0329088624293335
RecQ5,0.0236736581629892
CG9384,0.189022159464484
Tdrd3,0.0861297102504991
DCX-EMAP,0.030504596554253
mnd,0.0116043878931893
Zip71B,0.0210562340084206
Prosbeta2,0.158239643299553
cp309,0.000130153261339493
Aats-gly,0.124142566830077
CTPsyn,0.00828062512515664
CG12316,0.108502965601035
CG32147,0.0470506166043935
FucTA,0.0259214168227014
CG6878,0.189178613695129
Toll-6,0.237289798164436
CG7272,0.232488564814107
CG7841,0.0107489871772672
gdl,0.0678087989384167
Eip71CD,0.0229716917240583
CG7945,0.216306392716241
CG7739,0.130386473359461
CG7427,0.078096896970228
dop,0.00909283585636115
CG16979,0.19479527347782
mrn,0.022633152551617
CG7656,0.041679578377962
RhoGAP71E,0.132642334814275
fwe,0.0868644947964395
CkIIalpha-i1,0.0753975804374626
CG15715,0.136524865811702
CG17032,0.000579508019722702
l(3)72Ab,0.0286883626583067
CG17026,0.0120185559535909
CG17028,0.030504596554253
DNApol-delta,0.000903029262366932
CG5830,0.05307662664702
mRpS31,0.175335707828595
mib1,0.0275820402932491
CG5895,0.0469820850748172
Diap1,0.0124223563037391
Mbs,0.139482469450711
CG13075,0.030504596554253
ClC-c,0.0584409268620713
CG5414,0.0262019034311087
Taf4,0.0918162122645265
CG12272,0.0229299534943067
Pgm,0.0513685143658295
SsRbeta,0.0445752129258805
Trs20,0.0481801263862904
CG5151,0.0368788939225726
l(3)72Dn,0.0464076551664186
PDCD-5,0.0020249195667797
CG13054,0.000768713025693677
CG13071,0.030504596554253
Nplp3,0.030504596554253
CG45057,0.0518722318007233
CG4842,0.030504596554253
CG4729,0.00673679062490616
RAF2,0.0193162194189874
fax,0.168894468215555
TMS1,0.0894619239016305
CG4573,0.0350583010198531
CG43373,0.0951424963196687
CG42514,0.030504596554253
Mipp1,0.0190366430432118
Rpn12,0.0113982330807917
CG4169,0.0612941654439672
Syx8,0.00843547612095721
l(3)73Ah,0.186090095075179
tra,0.253873923037646
CG4101,0.0247594724717663
CR45865,0.030504596554253
Mo25,0.0628652237188144
Abl,0.0465521345373619
Lasp,0.0176448757990539
Nrt,0.0633789617936044
CG9674,0.595250183320755
nudC,0.0383214466247377
Rh4,0.0243688069538527
Lmpt,0.113678102333882
Exn,0.0998330285026572
CG3764,0.0356660035170032
CG7728,0.0326029002289269
beg,0.0407352386970177
Papst2,0.174412729499073
rogdi,0.119036875382444
CG6479,0.0505403777331071
blot,0.0202603015742939
CG7630,0.0553411066510019
CG18265,0.029406793769865
CG7580,0.192527246840869
CycT,0.0214040102429987
Eip74EF,0.32687126928327
Vps60,0.0775732836437541
CG7510,0.0908986026364767
Ndfip,0.162308757023434
CG7484,0.10996047796901
NUCB1,0.0954816820264261
CG5589,0.0121187295786235
CG32187,0.0225070381905299
cln3,0.0515926178671992
CG5577,0.0605108995238925
CG7441,0.0505208449218002
CG7408,0.030504596554253
Prestin,0.0768740402138206
CG14353,0.0275427088489546
CG5290,0.00483955566286094
CG44006,0.030504596554253
CG13698,0.548673040601802
mRpS26,0.126311246077641
mus304,0.0456471815203961
CG32195,0.0780900025808264
CG7341,0.00479648887422909
CG7330,0.030504596554253
grim,0.0093259687678706
rpr,0.186874790895095
skl,0.415030795981218
AstC-R2,0.916327229067527
AstC-R1,0.408622026609454
not,0.108889673175408
MYPT-75D,0.237747247020911
CG32202,0.0539678048476114
Chmp1,0.0823826373507557
Atg3,0.153934727085943
CG6852,0.0338347630716042
Blos3,0.0499896733378969
CG3961,0.213503954858041
CG3902,0.00311486150878083
CG6843,0.0559207897294226
CG6841,0.0376746339534153
CG6836,0.030504596554253
nkd,0.186929805783104
CG3797,0.0106757209142602
CG6812,0.266807200204607
CG10424,0.0335626434634292
fz2,0.967724993000968
CR45941,0.030504596554253
mRpL21,0.0275676151724238
Bet1,0.0168813483107808
CG45081,0.0369086875190899
Gbs-76A,0.100780827420925
pncr009:3L,0.0116197707828608
CG9279,0.0906068898908304
CG43885,0.0245135676992876
l(3)76BDr,0.177670270846548
Shal,0.243762423168082
CG14100,0.0161954574066639
Taf6,0.0164465318736599
CG9368,0.011047742097273
Lon,0.0101697908200979
CG9376,0.167136207233797
wnd,0.0803575104703259
CG8786,0.257141235531241
CG8765,0.0509995425629227
Gbeta76C,0.030504596554253
CG14102,0.00383518158852576
CG14104,0.0142534892877647
Fibp,0.0397515652822061
Deaf1,0.141920703197311
Mi-2,0.0269961237130091
Su(z)12,0.0269295231409447
Grasp65,0.0805880057877744
Ac76E,0.0151408473591492
CG14182,0.0910087548080667
Nca,0.136823395045125
CG7433,0.680758524055305
Tom20,0.210802868057832
CG14183,0.00426094487589578
CG14184,0.00606597502283753
CG14186,0.359472825847758
gig,0.0253611541820528
CG7328,0.0157742694092675
Ssk,0.0972270253012117
CG6951,0.0347564883608292
gogo,0.018035850908939
FRG1,0.0370785881223783
Pex23,0.0191251791823308
CG32225,0.949820130066015
alphaSnap,0.00880372120188235
Spn77Ba,0.00559559149843766
Rbbp5,0.204203383289479
eRF1,0.00958164715103806
kin17,0.0112951042707721
Ide,0.0828237237764414
CG5498,0.00187408975669829
CG5282,0.101870748729518
CG5274,0.112803502422965
Las,0.0305457413511306
CG5872,0.0827081489253647
CG5969,0.08242783879563
ZnT77C,0.030504596554253
CG18281,0.0288024491703201
mTerf3,0.101893108670469
cmpy,0.594475095710151
CG13252,0.0125266287600308
CG4186,0.0267606095345504
CG4042,0.111560766770842
Pex16,0.0369274478218115
Pex14,0.0268801355813795
CG4365,0.0776560001811657
CG3634,0.030504596554253
HIPP1,0.0271887402194351
CG3618,0.0589069542940184
Pka-R1,0.0739667985375941
CG13255,0.0198559617957459
CSN3,0.107413602471294
CR45734,0.030504596554253
fng,0.0705051689538035
CG10584,0.0654327060201983
ko,0.0170093995748468
Ac78C,0.0694313992343404
asparagine-synthetase,0.00344740323862143
park,0.0165286519399772
CG33056,0.0579981776369924
CG12975,0.0574353390202638
Ilk,0.111446537452695
Eip78C,0.189622668177624
CG9389,0.030504596554253
ppl,0.0921274873287932
CG7632,0.1224005420358
CR45674,0.030504596554253
Rab26,0.521134444761955
CG7338,0.0311011130539341
rgn,0.364008176129169
barc,0.199194066982681
Aef1,0.0249027084389927
CG5664,0.0245578708011634
Syx7,0.0537079952947481
Hr78,0.0239605745424721
CR43933,0.346674753911946
Est-Q,0.030504596554253
Cdk12,0.0127871285565758
CG7611,0.11444578881509
ppk5,0.0481164600277567
TfAP-2,0.0730370728359287
S1P,0.0197434097378841
ORMDL,0.0468948477773151
Als2,0.00149539063221514
CG11248,0.00816180792257593
CG14565,0.030504596554253
CG7407,0.383776936954572
CG32448,0.0342728471921449
P5CDh1,0.613425702118563
CG7442,0.0296345321572926
CG14562,0.0513820782738692
Oct-TyrR,1.45499865705813
CG7139,0.0703744199827724
CR43995,0.0114992876503377
RpLP0,0.151677787174169
olf413,0.557363729570201
Rich,0.0543449736605923
Ddx1,0.0499085711904843
CG11523,0.00856909676811672
Aats-ile,0.0964292350125743
CR45962,0.0017135026974971
CG11438,0.030504596554253
CG11426,0.15672995130931
ArfGAP3,0.0246382579549084
CG14450,0.116148221474193
CG11367,0.0932100626663783
l(3)04053,0.0330286411838374
CG7369,0.235301260725405
CR45961,0.030504596554253
CG33170,0.139009642130554
Arf79F,0.0954261297196435
Ssl1,0.104519930893904
CG12768,0.046589043462583
Mes2,0.0482412329557584
CkIIalpha,0.103394868608393
CG33217,0.0197887573052304
CG32350,0.112567545015174
nAChRalpha4,0.0830204875486784
alpha-Cat,0.0506841754372399
CG32230,0.223115527049782
CG17698,0.02060745340802
CG40470,0.0376829104451051
CG40045,0.0750172610430723
Snap25,0.0682584107845161
CG40002,0.0415929845803596
CR45180,0.030504596554253
CG40160,0.0144732853963188
vtd,0.0660041053048063
CG45781,0.0405001382094798
CG40498,0.0363208487232472
CG40191,0.11750878263899
Yeti,0.0844322022883294
l(2)41Ab,0.16770884609858
CG17691,0.0969881029098239
CG17684,0.0824467397679475
CG42596,0.0305266235939252
uex,0.0934342486371405
CR45139,0.013696720141758
Haspin,0.103139102515214
CG17683,0.0746600670833543
CG40127,0.135682117511741
IntS3,0.019036858896799
Gprk1,0.202033620209942
p120ctn,0.059759093155768
CG17486,0.0536470926135946
Nipped-B,0.0264494020151775
CR43281,0.0408850483647976
CR46064,0.00622469082998523
CG12547,0.174446606408193
CG17528,0.158875205618211
CG14464,0.160750484845563
Atf6,0.167374441833954
Nipped-A,0.04926511099751
CG10395,0.0733309173554671
CG17508,0.0940810794132696
kune,0.0303140939488956
CG34200,0.0970523249238829
dpr12,0.265571273828443
Src42A,0.0554441230144119
Act42A,0.0654900320101982
CG7845,0.0794382730779627
CG7849,0.00806815372690158
EcR,0.158783622895001
CG14589,0.030504596554253
Ptr,0.030504596554253
l(2)k14710,0.162183125524869
jing,0.0818176492087315
Fmo-2,0.030504596554253
sced,0.0545942486194577
Dpit47,0.0619220212124477
Adf1,0.035653470561004
CR45128,0.030504596554253
CG15908,0.201291521142755
CG9410,0.0718804219516961
CG17266,0.0353496559270567
CG9422,0.0909183648774929
Rab2,0.0726978774374176
phtf,0.105558495895621
Eb1,0.1595285167137
CG3420,0.0441850135966316
Epac,0.0636736380465359
SdhB,0.158203723292343
CG15237,0.0921800201246683
koi,0.131145748123246
CG15236,1.4292311004094
Spn42Da,0.000903029262366932
CG30158,0.549408037079545
CG3358,0.0337305299833704
CheB42c,0.010384886572758
CG30156,0.0328726725530427
CG17002,0.0871552664385071
CG30159,0.0177726206346795
CG43647,0.030504596554253
Tsp42Ef,0.0308882371407208
CR12842,0.0728743571093973
Tsp42Ek,0.0341682488835608
Tsp42En,0.030504596554253
Spn43Ab,0.192124195120737
nec,0.0777899746585484
Ady43A,0.103989838755673
CR44201,0.030504596554253
CG11123,0.00710123435231375
Inos,0.165023025512772
p47,0.00874047135780551
Aldh-III,0.048638001093349
wech,0.0229095069787321
CG1620,0.101487564383612
dpa,0.0397689188309133
didum,0.0543421615321716
CG12736,0.0736842748126247
Orc1,0.030504596554253
Drat,0.00837835839042042
Cyt-b5,0.0284776207030296
CG1598,0.0173686185850018
Corin,0.266374738400779
boca,0.16644413184628
Vps13,0.0301475594723458
Rpt1,0.101803929343163
CG30491,0.116541869686301
CG2064,0.0510251344864661
CG30493,0.0441355564007151
CG30496,0.0104227365726666
CG18812,0.0229274676369824
CanB2,0.0308374013040244
Nop17l,0.19504972443476
sax,0.0906055448656433
CG1550,0.184211061605842
phr,0.030504596554253
CG12822,0.0703329876552902
Dgk,0.0956729371853343
CG12159,0.00241438383988932
Or43b,0.0320074655000348
CG8791,0.030504596554253
rnh1,0.0556513779903874
drosha,0.0363915758233812
CG8728,0.0605600787114072
CG2906,0.0172156934317279
CG2915,0.145931106468174
Sep5,0.030504596554253
nito,0.0129597017271007
CG8726,0.205550536791846
CR43724,0.030504596554253
Optix,0.0534211699500881
CG17977,0.168869116608816
Vps28,0.0545253831954017
slv,0.00679741323516586
Cul4,0.116448039950108
Asap,0.0378724493938561
Nup50,0.0227040859671912
Socs44A,0.0343995914165584
Obp44a,0.0114817899670727
Lpin,0.0511883098735244
RagC-D,0.134068633288104
CG30373,0.0409963717508079
Gasz,0.23746896951847
Mlh1,0.0117823486700564
CG14757,0.0291794612893314
pnut,0.0855555066485898
CSN7,0.0882022823447237
Mal-A5,0.0986733947301151
Cyp6a13,0.0294057315886137
CG8736,0.030504596554253
CG8735,0.121063287221908
Cirl,0.0699230037062519
Vps25,0.0125477191844249
CG8635,0.182125107484677
Acsl,0.0319916371724179
CG14767,0.342663665656613
CG30357,0.030504596554253
gcl,0.0618152237120178
CG30356,0.100673900577011
stmA,0.112379725727538
RyR,0.0695496510900982
ana2,0.0164970919515042
CG13751,0.0435466256024567
Ggamma1,0.201649203344948
Pgi,0.135960104304421
lin,0.0316592352258164
CG8248,0.0902543068962705
CG8235,0.0236543941489079
PAN2,0.0646677367025134
CG8230,0.148188155540356
babo,0.0479693876827361
ana,0.0512714717742573
CG8080,0.0514391185496692
CG13741,0.030504596554253
Vang,0.0788717435967511
Pmm45A,0.0630151617214439
tsu,0.0930837384511061
Mys45A,0.0946843875456172
Su(var)2-10,0.034965043807677
GstE13,0.0991493578165132
alc,0.190636728275831
Prp38,0.078092660744786
CG30344,0.0396935689525667
Rme-8,0.0350114686674511
VhaAC45,0.413225606863108
hig,0.585013483352103
CG30343,0.0447358230504094
CG1968,0.0671198980251237
Mad1,0.0135235662106494
Drep-2,0.0265093235138308
Non1,0.0179026564151771
l(2)k10201,0.0399496495010611
wun,0.291260190469887
wun2,0.0527171682090933
prel,0.0649844557739218
Pdk,0.437659865709611
ced-6,0.0174194437161584
CR45321,0.030504596554253
CR43651,0.0279693386706033
CG1814,0.0706012954864122
Updo,0.0129558839191621
CG1827,0.0233675528020008
Map60,0.0894762425177345
CG1902,0.0701604472092132
CG30340,0.030504596554253
Uba1,0.00204520915126045
dap,0.030504596554253
Lsm11,0.030504596554253
Orc6,0.0450171564074311
CG30010,0.0362180405205551
cbx,0.137201247890274
CG12744,0.030504596554253
CG15863,0.0173489324001572
TER94,0.0329856809359925
CR44294,0.0188075835159108
CG12129,0.00903748547592139
CG34220,0.030504596554253
CG44296,0.030504596554253
sel,0.00463201432411426
CG2292,0.0154795901441985
mRpL42,0.0715497131777
cdc2rk,0.0267717634960586
CG1371,0.0159017159034898
egr,0.0183972548457012
CG2269,0.638647971529865
Jra,0.0341358827165787
14-3-3zeta,0.360853237216066
Ccs,0.0287829764844268
gem,0.124911206669859
KCNQ,0.0894949048292844
mlt,0.00484384521808983
Hr46,0.0403163148136427
CG12913,0.0709463285280606
Syb,0.0145383258911231
Prx2540-2,0.183453624812787
Prx2540-1,0.146311663978762
CG12896,0.0190366430432118
Galphao,0.424568271986374
whd,0.10187122492012
trsn,0.0482775004919768
CG11883,0.136975052998577
Git,0.0357526459308734
stan,0.181658547560081
CG7220,0.031756537037767
CG33144,0.341348776907996
CG12341,0.0845751389454207
Lsm10,0.0583391785609559
RpS15Ab,0.0102219868410024
nclb,0.114638455371524
Taf5,0.194554645840775
CG18004,0.144757209859365
cag,0.194202041904992
CG12942,0.117264344477214
Rpb5,0.165108764588327
luna,1.30734851501443
CG13229,0.00484011370925565
CG12391,0.0885262884391483
metro,0.357201403299809
Vhl,0.116873925482325
CG13220,0.0036515494817959
Fbl6,0.0688643947853519
CG42336,0.110966736539487
Fpps,0.019834854317704
CG7745,0.0482252085907672
CG13202,0.030504596554253
Tapdelta,0.19355660874524
Sod3,0.418732612710905
CG30022,0.0213861718079768
E(Pc),0.0375038641612719
Egm,0.0221744146255346
CG9005,0.0119066601284825
CG34228,0.124138595473685
Roc2,0.0516068657587614
Tret1-1,0.0239558129060437
CG13197,0.00949779041116977
S2P,0.0828840531590649
TwdlBeta,0.030504596554253
Ef1alpha48D,0.274258859065893
PI31,0.185129182285879
ADD1,0.0189634425575569
CG33145,0.0529776813790257
CG34231,0.000789750116905698
CG8298,0.0412952693111542
CG8321,0.0459234624478058
CG43191,0.030504596554253
128up,0.120502155376795
RpIII128,0.0872202007013829
Drep-1,0.0746207432914645
CG44314,0.100323829105661
Drep-3,0.973268172859926
jeb,0.272482297168681
Prp8,0.0233209154845539
Oda,0.129947294416914
SmD3,0.140571853032114
Cct5,0.0318058751866832
CG13168,0.030504596554253
CG42700,0.0480114946602575
Den1,0.0534979302638061
CG8839,0.0431523575155819
DUBAI,0.0542220114284377
CG8545,0.0451261294582297
Dh44-R2,0.0084171278280535
fdl,0.0296484319481915
s-cup,0.00890455987550092
CG8569,0.116243177329054
ClC-b,0.0633734309249029
CR30055,0.104670790505431
Amph,1.54971326778202
Galphaq,0.0996051430176338
CG30054,0.030504596554253
CG17760,0.030504596554253
muskelin,0.026417634881231
spt4,0.0523284418454656
CG8778,0.011934753884582
nemy,0.0268628500547362
CG42708,0.175354440491708
CG8771,0.030504596554253
mRpL18,0.164567479347794
ox,0.0495872104556748
Dgkepsilon,0.0397455951278376
sca,0.0283929263707098
CG17574,0.057226111197969
bic,0.111486748342921
CG3790,0.121591639120264
CR43468,0.0763714824569456
CR45141,0.030504596554253
vg,0.119100252880619
CG13322,0.0562621256205808
Psc,0.0162721358663822
Drl-2,0.315251346420199
CG13325,0.030504596554253
Cap-G,0.0510190732507858
TppII,0.109328628337501
CG34439,0.217797070029248
Nrk,0.0530789938854235
GLaz,0.103597550202093
Spt-I,0.0007861942043693
AGBE,0.064564786407393
CG17724,0.0846172437155119
Aats-val,0.047721270965658
CG4670,0.0266957970549256
CG4679,0.106146223433338
CG42319,0.030504596554253
Dh31-R,0.0357338945443913
CR45312,1.00543479565951
CR45470,0.0475620096533342
CG42321,0.106941933024089
CG30060,0.0360799999664141
cnn,0.0133723007310714
arr,0.0122820746094986
cbc,0.0808508548444251
drk,0.0282077574071651
mars,0.0605108995238925
EfTuM,0.0518745007355284
CG6145,0.05769851608997
CG33156,0.00466268819304594
Roe1,0.182866099815799
link,0.00804286157599577
fand,0.0220138037842686
stj,0.341614424207483
CG13339,0.390312582118879
CG6329,0.275313478641907
CG6357,0.150494015594101
Syngr,0.284085138308352
Uba3,0.00100172287970167
CG16935,0.107293874795313
CG13344,0.203143278392713
CG33155,0.030504596554253
CG42806,0.0556700960577723
Aats-phe,0.0237149346893563
CG6701,0.0149280270680779
CG8067,0.0160729368152474
RN-tre,0.0333655976843866
Rcd1,0.109255179540277
pea,0.0541927786787913
CG13018,0.0319146692778098
O-fut1,0.0551349187858355
Tango7,0.00518745723918286
VGAT,1.80484974706469
Opa1,0.225870096714314
CG8494,0.0509178179835141
Hsc70-5,0.159756692877959
CG8531,0.171833459046562
CG8617,0.0207601958217938
CG17385,0.025115154789952
Sin1,0.0334243509566947
CG30197,0.17167127623666
RpI1,0.0074008784340938
Blos1,0.0248473252928921
tra2,0.149948587624121
CG33468,0.030504596554253
Sec61beta,0.0605496847591777
Uhg5,0.033905686778791
CG10139,0.320982308234175
mspo,0.752267224348679
CG12858,0.0186302326379897
AttB,0.030504596554253
ave,0.0575984965595491
CG12859,0.112859162657592
Spred,0.524295029865749
CR42254,0.106941933024089
CG10209,0.0590514301729189
SMC2,0.00619672177377582
Ercc1,0.0176724191703157
Ciao1,0.161974884332628
HPS1,0.0530413443922675
Lap1,0.00156107773004825
CG7639,0.208353516776953
CG10265,0.0474639411655365
hbs,0.128493591685486
Rpb12,0.166940734073088
CG7544,0.0482447734328087
GPHR,0.0360091124597988
row,0.114754396141785
mRpL41,0.000315321385651451
CG8079,0.073581411770878
Fs,0.00409737368049828
mus210,0.037540289221849
CG8155,0.00862732836216412
Arf51F,0.125881070878535
Hr51,0.030504596554253
unc-5,0.0281637790977119
Pms2,0.0442134211376758
dup,0.0125451137441349
GalNAc-T1,0.105170671964931
CG30467,0.00775738656519757
Vha36-1,0.205085129835968
CG8195,0.0511447440971766
Cdk5,0.219476338556056
CG8204,0.154292545635204
CG8207,0.00149539063221514
Vha14-1,0.0137950162697607
tun,0.031058941011316
Gpo-1,0.0211463900765816
Strn-Mlck,0.0141313722656537
CG8366,0.0203000641426143
CG8314,0.0476026026401199
CG8320,0.0542718049424167
CG8388,0.0277128089155593
Prosbeta1,0.0484556464638978
casp,0.0481020143620601
CG8401,0.030504596554253
mRpL34,0.233196119026517
CG8414,0.00947498622541227
Rho1,0.0154414073609652
Ric,0.29359267091554
Asph,0.00928279486419724
Got1,0.0550565785208977
Ext2,0.0889735074454621
CR45994,0.0132388432073333
CG8441,0.0674350957036024
clu,0.0909589468657907
calypso,0.0844577439120819
CG44242,0.205293342233567
CG44243,0.234181703023613
mrj,0.163208311531399
CG15706,0.00572068153215644
CngA,0.0748384459183573
Khc,0.144621029667371
CG15704,0.322925104133983
JhI-26,0.00721102921864636
Atg9,0.00913164152244243
CG8060,0.0387996444112549
CG4282,0.0321993233581128
Vha44,0.252552138402072
CG7997,0.00977480754594757
Nup62,0.163263338648406
CG4409,0.143166624842916
Syn2,0.0534836937386516
Cdk4,0.030504596554253
CG5065,0.0668038241025768
Alk,0.0719879374970296
gprs,0.00767675433318067
CG30463,0.107464508746759
CG5210,0.0117570049838238
unc-104,0.105397274693997
CG5522,0.0426551877014228
Fen1,0.00767660747546549
Dek,0.146518774380829
snoRNA:Dek-a,0.030504596554253
CG8910,0.591720717630063
CG6665,0.206938985459154
Cbp53E,0.474712511507859
CG6796,0.00189442934413019
Dark,0.00926388043703568
CG9646,0.0232326564767094
CG8950,0.116740557452918
CG30460,0.030504596554253
Sply,0.0247800369961965
mbl,1.17033864749793
Prosalpha5,0.00657347615985302
cnk,0.0143396076090358
l(2)k01209,0.0587998498959611
Mtap,0.107112977678428
Bap55,0.016213923466818
CG18467,0.320815809032918
robl,0.0870860310013245
CG14478,0.189642998000411
qkr54B,0.0513140555910869
CG4853,0.348210028589921
APC10,0.0469418527744036
CG4866,0.163864399293708
Patronin,0.0122142939851863
cyp33,0.105989439338402
MESR4,0.0805206253368112
POSH,0.00767660747546549
CG42239,0.0313417898565842
Dcr-2,0.0395986899767228
CR45275,0.030504596554253
CG30105,0.0367225270705557
Smurf,0.0415653025679136
CCHa1-R,0.030504596554253
eIF3-S8,0.032984341140574
CR44404,0.030504596554253
rdgBbeta,0.0731988540208023
Uhg1,0.000279294127720903
CG6424,0.0787847853753888
Snx16,0.156937460837802
CG6406,0.135765259913943
CG6401,0.0369381556167831
OstDelta,0.0475875724254595
aft,0.00593425606030632
Ubc10,0.0221963856096835
olf186-F,0.0751161230496349
CG14490,0.030504596554253
CG5773,0.030504596554253
CG5757,0.0323496297275082
Pcl,0.0850361083975268
adp,0.00828993919225902
lolal,0.218235179633693
CG10914,0.11622340395664
Nup75,0.0178031102026988
CG5726,0.0180913695562094
CG5721,0.00860371148494161
CG33958,0.030504596554253
pen-2,0.0176548745937998
CG18107,0.030504596554253
CG15068,0.030504596554253
GstE2,0.165234822618933
GstE8,0.030504596554253
GstE9,0.0588501745968105
imd,0.00668332058507019
slim,0.00233936793753796
Prp19,0.0715363311108037
CG5190,0.154989609130516
GEFmeso,0.213218179422602
CG42697,0.030504596554253
CG5323,0.0499983091405061
Atg7,0.118506320280819
Sec6,0.0337017855972415
Eip55E,0.0951317552290789
CG5482,0.0638096319918198
Sik3,0.202673101551387
CG15073,0.0136853666965751
CG15087,0.0651601084284738
CG33998,0.0525309231673911
Cyp12b2,0.03276204986936
Mctp,0.0344366349502486
MFS15,0.0431523736762476
l(2)08717,0.0619724086978879
CG15097,0.163299010642824
CG15098,0.0414701437962522
CG15099,0.0086722395339436
CG15084,0.0548312952476306
Jheh1,0.0334929344760539
sano,0.187190410521414
Topors,0.0227605614526753
5-HT1A,0.740275259519837
CG15111,0.0386543262453034
ena,0.0995234767189736
CG10737,0.0693283980688739
hppy,0.0682875209718333
cora,0.109304192536548
CG11906,0.0935575756843609
mip40,0.0147843301540386
EndoB,0.141930712048392
CG10062,0.0379393395232
CG11257,0.0235528351410283
hts,0.143817223697694
Fak,0.00410000368022452
Spt5,0.0697404991108954
Arl6,0.030504596554253
CG7744,0.0940050062070082
mei-W68,0.030504596554253
CG11007,0.0451947688371989
sm,0.726305482635641
CR44474,0.030504596554253
hrg,0.029122432184735
CR44506,0.0365201959756467
Ate1,0.0442976950769705
CG8908,0.030504596554253
CG10444,0.117436746801403
CG11788,0.0510862321275826
CG16868,0.00508754386989211
CG11200,0.014553299603571
CG8929,0.120461249673171
CG12484,0.18964452784499
CG18067,0.0683663087118533
CG9945,0.0991060621107474
CG11180,0.0453132769473127
CG16742,0.01918192640591
CG16799,0.030504596554253
CG11159,0.0351439706807899
Fem-1,0.0973551405173029
CG30152,0.122491904533792
dpr,0.209603018328224
sktl,0.0176448757990539
CG9344,0.0367560972674684
CG15651,0.0104791120308307
Prosalpha3,0.164742244771556
CG30291,0.102099193756839
grau,0.0501374259141336
CG9346,0.067151065368758
RIC-3,0.0710622260884449
Treh,0.244616363026418
ktub,0.0531590551022165
CG9394,0.258062357882998
CG4050,0.128742634272318
Magi,0.0366947838724465
Hmg-2,0.0968427818038033
LSm1,0.0608466702619541
Pu,0.0353710306736794
tud,0.115940551495157
Lapsyn,0.0661475521345045
CG15661,0.030504596554253
ASPP,0.160944686957031
Sgf29,0.069383954442784
CG9752,0.030504596554253
cv-2,0.700420364492338
CG10795,0.11102595334403
Sdc,0.600864611949069
Fkbp14,0.0830622361599385
CG10440,3.34688775124897
CG10433,0.0366456986705339
CG18870,0.0259559815743658
clt,0.156613556287422
PTP-ER,0.114660453058485
mahj,0.0309093322320068
CG10321,0.0770691769923376
CG10320,0.190617541831176
pirk,0.00845140601475205
CG42365,0.000495167096947801
NC2alpha,0.113265869634597
CG10306,0.0427410017511558
Tbp,0.0744885730673091
CG30285,0.00882207234942907
CR44749,0.030504596554253
CG30403,0.00593425606030632
Tango11,0.0975232751746747
LBR,0.030504596554253
lox2,0.030504596554253
Fili,0.019203153314897
CG9304,0.0669043474932688
CG34370,0.0738492766606279
CG44249,0.030504596554253
CG11474,0.00104463584856142
Synj,0.0216816132119324
GM130,0.0763471937197459
a,0.030504596554253
gom,0.030504596554253
Swim,0.00570180708136856
Oatp58Dc,0.03979879095935
wdp,0.0198851107032316
Gp150,0.0120782442506446
Liprin-gamma,0.212427932317225
Rtf1,0.0384135185470663
babos,0.0489200720618174
CG6044,0.309638197692487
ventrally-expressed-protein-D,0.42957192344779
qkr58E-3,0.219592314197825
qkr58E-2,0.176886541280214
rad50,0.0595971646953602
CG10384,1.39873966947026
CG4610,0.000343023579557753
CG6018,0.030504596554253
Vps20,0.00841297047422404
CG33143,0.472514120082294
bonsai,0.0497580691617314
Ugt58Fa,0.0605108995238925
CG2852,0.126705300391265
RYBP,0.0434681892346703
inaD,0.0116346223731829
fd59A,0.0642532491324137
CG13532,0.00192913465695815
PIP5K59B,0.0902670336604574
CG3499,0.0780066237142756
Gmer,0.0196321754337371
CG3700,0.0169166868563585
CG9849,0.0835031597683969
CG3831,0.0161416674081414
CR32835,0.030504596554253
CG9896,0.0154522281831059
CG9890,0.0187881743956266
Fib,0.074551508767902
Art7,0.00684335266347184
CR44782,0.030504596554253
Rpi,0.00360959397996152
CG3500,0.0182622546090887
CG30414,0.030504596554253
CG30415,0.0789420004461102
eIF2B-delta,0.0102395341462883
CG3530,0.0898242255875436
CG3520,0.0218959464482234
CG43795,0.109713887811247
RabX1,0.042053226744278
mi,0.0405594858089977
wmd,0.06939976351472
levy,0.117107538663473
Dcp-1,0.0665961274674853
Pi3K59F,0.0545409456198915
CG4019,0.0847981138980453
Pde8,0.0328983762008573
Pal2,0.267800679910621
CG30183,0.0353551418078445
angel,0.0928517141910675
CG4091,0.00860594072785022
l(2)not,0.0632294633152193
l(2)tid,0.147502916132705
egl,0.00266762483589899
CG5549,0.0851456768296495
Snap29,0.11455085916074
eIF6,0.00287402069892701
CG4585,0.228382507676718
CG5569,0.141764824634468
Thiolase,0.020152413779343
ken,0.0605108995238925
TM4SF,0.671262674147245
CG4882,0.0365359038456608
PHDP,0.030504596554253
Upf3,0.0420276008960998
CG5339,0.152744238966224
Lpt,0.0137061339637008
Nap1,0.0850002982340768
kcc,0.269572075967883
CG3735,0.0515007500053089
Tal,0.00795025153546206
Galphas,0.0240442982978096
CG2970,0.00523021994488097
CG16787,0.281818904988987
or,0.0603301511763016
CG10904,0.0256246454586589
CG3065,0.156529052073256
mr,0.0495694461026989
Pask,0.123243203108583
CG3860,0.329736834582206
CG3907,0.0273508358712759
Adk2,0.159911278337231
HSPC300,0.098543076101983
Chi,0.0646822027707846
gammaSnap1,0.0208581079562948
Rap2l,0.00317763810058288
gek,0.0245979942953692
CG4049,0.0534938382879265
CG3253,0.0210340312046552
CG3257,0.00318188846274792
Zfrp8,0.0653416172683771
CG4065,0.00914546175335947
mRpS17,0.130238623345455
cN-IIIB,0.0317082520564095
CG3356,0.102135220960384
nord,0.0403197937409817
CG3376,0.0138847074487523
nvy,0.273869141474615
slik,0.000771664926424599
Rpn8,0.0511770235759196
CG13579,0.66753159556446
CG3494,0.119100252880619
Letm1,0.123180997879477
CG4612,0.282017765359607
CG4622,0.00604866734084846
CG11413,0.0739354512446792
CG11414,0.035492077555045
uri,0.0528278418037482
Fcp1,0.276591369331798
CG3511,0.0466934956441739
Start1,0.040886580456583
CG4692,0.120237512925051
CG42360,0.192108660218059
CG42361,0.119851232389412
CG4741,0.0102214820775796
Cyp9c1,0.00824845180737789
CG3663,0.030504596554253
CG33228,0.0467321154582397
CG30421,0.0258673146014319
CG12848,0.0369522251519022
CG3894,0.0269691525992336
GstE12,0.0290877917822403
Eps-15,0.0437503770519899
egg,0.00638066953841062
CR44067,0.030504596554253
Aats-tyr-m,0.0457438581072503
Orc4,0.00582349718266163
CG16896,0.0488778498860179
CG30423,0.0788395344392529
CG44247,0.0744898726979352
CR43466,0.030504596554253
NaCP60E,0.0636844296529071
CG3760,0.103840806555138
CG12851,0.0640691977223432
CG2765,0.0353038157055596
Nplp1,0.285121569668147
gol,0.0278640502070934
lov,0.0184604960108215
CG30428,0.0137694684075871
RhoGAP1A,0.0166169865790004
CR45473,0.030504596554253
CG42376,0.018601143979366
cin,0.029415901273007
CR18275,0.0180875286246144
CG32817,0.0576762509094013
CR18166,0.118384755887836
CG3176,0.0650616184679585
CG18273,0.00721102921864636
CG17896,0.0503214883683401
CG17778,0.0908090052234293
svr,0.263797663412336
CR44892,0.030504596554253
arg,0.0463904238282764
Appl,0.383892516202424
vnd,0.030504596554253
CG13369,0.0233987615376217
CG13364,0.158379044329554
l(1)1Bi,0.0770559860273542
su(s),0.0483027674201251
SkpA,0.19745270549205
sdk,0.0182252907719638
CG5254,0.0172975494499512
fz3,0.030504596554253
CG16989,0.00644083148769002
Rbf,0.133648560233004
Sec22,0.0680198067906123
TRAM,0.0217583670054269
CG3704,0.0375619824639626
CG3703,0.0504882562765775
CDC45L,0.0111573233360632
CG42259,0.0370440312991951
CG11403,0.030504596554253
CG11412,0.0185152271563839
CG11418,0.0348796995988327
CG12773,0.028634219408347
ssx,0.269063224550116
CG3719,0.112190529351573
CG11448,0.0402582922371801
CG14786,0.0623903687606419
CG14787,0.0172351025475122
Ns3,0.0107620616489354
O-fut2,0.011500953176948
CG14777,0.107847798193052
CG14778,0.00451227916602036
CG32808,0.00423852280627792
rush,0.104415752436215
inc,0.0396688266541689
CG14795,0.0372173321882862
br,0.0375126319819883
CG3740,0.0343081319678466
CG32809,0.1373201818196
a6,0.175324610245797
CG42666,0.0263747033213625
deltaCOP,0.0574797354103943
MED18,0.11005216169935
Pex5,0.0959478849084896
Vps26,0.175206924845973
CG14817,0.0918746751765755
CG14806,0.106819191930126
trr,0.021691786507087
mRpL16,0.0294640080575534
arm,0.121003003937991
CG32803,0.0844400315380157
CG32801,0.0149280270680779
Rbcn-3B,0.00089892077915701
eIF2B-epsilon,0.0428845452122838
Ocrl,0.161229468194887
CG11596,0.0739918779961013
CG3857,0.0420049862244105
CG4406,0.108957302377144
usp,0.075007492349579
CG4281,0.0509776321774421
CG4199,0.00846707471021348
CG4061,0.0539280964715444
CG16903,0.176490037219975
bcn92,0.00305376591613567
wapl,0.029611745116711
Mct1,0.030504596554253
pcx,0.0829975958874617
fs(1)K10,0.00480573491890007
temp,0.0826138867274472
Ilp6,0.00201318062552515
mRpL14,0.0363646770816657
tko,0.0589040277280601
z,0.0907183103766219
trol,0.0372479332073285
CG13759,0.030504596554253
CG13760,0.061968746316949
egh,0.134062961501549
Zw10,0.079303352964687
Bzd,0.139874744529861
CG2650,0.030504596554253
Csat,0.0637248312785744
eIF2B-beta,0.0660131263029571
CG2680,0.372215759733612
CG2685,0.0558269375186057
CG2694,0.0163885223305371
crm,0.0447899834368132
kirre,1.2871956491547
w,0.030504596554253
CG18508,0.0825817693480678
dnc,0.164142627545161
dm,0.04337142346794
CG10804,1.33830642769707
CG10802,0.0675890133246642
CG14270,0.0103824730921598
CG32791,0.0356958681661091
CG2875,0.0409701275990292
AstA-R1,0.581816857146909
Parg,0.0750923408751811
CR45102,0.00876896708446227
Rala,0.0754282470173666
VhaAC39-1,0.0825865807943469
Vap-33A,0.115675487866389
CG43689,0.0202530681045492
CG6379,0.083574792739062
brn,0.0116667047269719
cib,0.0418178696030002
tyf,0.115143791289954
GlcAT-I,0.0933508649465634
mei-9,0.0716043444749549
CG2982,0.00612613952877489
mRpL33,0.0712700895358874
norpA,0.645638571871734
CG3626,0.0361134128019543
bi,3.50804671729316
CG3568,0.0389940257680873
Usf,0.305323234735791
CG15912,0.089245851934379
mRpL30,0.0295943668992046
Torsin,0.0498759136280206
CG15473,0.0605108995238925
rap,0.0295524194734477
ctp,0.791187907082339
l(1)G0334,0.171234218656671
Proc-R,0.050783627411711
CG12681,0.030504596554253
CG4041,0.0740031955139314
snf,0.0987270881041422
Rnp4F,0.0330760204045775
XRCC1,0.0393987740208156
CanB,0.142611044931934
SPR,0.815298909958251
CG12730,0.174973799761564
Vsx2,0.0403459072885077
Vsx1,0.0120413079629247
CG42492,0.356335525617662
CG42265,0.147855220295686
CR45520,0.104497556765022
Tre1,0.0672090691895006
CG3160,0.0165773218929903
CG3149,0.19541456727799
CG4096,0.030504596554253
CG4078,0.00362180322356467
CG15772,0.293831877863049
lin-52,0.270027489907887
CG15771,0.130481558016004
MAPk-Ak2,0.0293527633218735
CG42699,0.0747022924445065
CG3097,0.030504596554253
CG15767,0.030504596554253
CR44832,0.030504596554253
CR43264,0.00690451897479342
GAA1,0.195169617395626
mof,0.116305802536551
CG3016,0.271447252838764
CR45668,0.0154422933569503
Act5C,0.28531750589211
CG12236,0.0397125081106948
CG3011,0.00551604856272402
CG3726,0.705175001413764
CG32756,0.0320545052481379
CG6041,0.0604420744650998
CG4766,1.56449022565411
CR44498,0.336729611244815
mab-21,1.56070671551385
rux,0.103377341693052
Tsp5D,0.615607847060772
raptor,0.0304999110432175
Ca-alpha1T,0.439290073784536
Efr,0.0305921831925459
CG14445,0.030504596554253
Spx,0.0140139245979748
schlank,0.247082416733357
Spt6,0.0214662718063026
CG15896,0.0484200065434429
CG15891,0.194687685877873
CG15894,0.0409206252029113
CG42240,0.175890069334922
CG3842,0.0605108995238925
kdn,0.0194530193675548
Marf,0.0535004521061694
CR44816,0.0331211644784206
PpV,0.0250086143691309
CG3918,0.242618610812768
CG3342,0.0315195973947934
CG34417,0.00311486150878083
CG3226,0.159554548228441
CG3198,0.0662084221380495
Mcm6,0.030504596554253
CG3192,0.0904336962304051
l(1)G0255,0.0977398022365111
CG14442,0.0245115482655103
CG3168,0.0194522249766183
snoRNA:Psi28S-3436b,0.030504596554253
CG14438,0.0206071285412997
Nf-YC,0.0613824164520308
nonC,0.00652163440371966
CG14435,0.138843845730424
Cht11,0.072418574748105
CG4558,0.0116158751856589
CG43736,0.0797231291716601
CG32732,0.08658067359566
CG3040,0.0558835330482879
ogre,0.329813501487579
bou,0.00344740323862143
Inx2,0.196735264688255
CG4593,0.0115774597609644
CG12541,0.1588955731225
CG4617,0.0929153668615654
fz4,0.0825451662627704
CG9650,0.991061396246317
CG2059,0.187578886171005
CBP,0.030504596554253
CheA7a,0.030504596554253
CG9657,0.0881102300686759
CHES-1-like,0.0293481048514962
CG15478,0.00404560653291779
Hira,0.00534883883820464
Pdp,0.115421628662554
Rab39,0.16095828552702
Tom40,0.044985018890614
CG1402,0.0967478409870974
p115,0.010896242715685
RpS6,0.170735518698876
bys,0.00299434858952523
dpr14,0.330721738204513
Ykt6,0.237416204991568
CG10778,0.000540865797956207
RpS14b,0.104856624307225
CG42593,0.122303491022317
sws,0.108027176755215
mys,0.0422458327408173
UbcE2H,0.0214433233743957
Gclc,0.0965357108588348
cyr,0.030504596554253
CG2116,0.0211912043166181
CG10958,0.0304908008414951
CG10959,0.0403614511349581
Gbeta5,0.645427284020713
Traf6,0.137872887769117
GIIIspla2,0.082165325931406
CG2147,0.0969517382687678
Trxr-1,0.114782958197609
ND75,0.193382626192607
CG15343,0.0605108995238925
nAChRalpha3,0.835781314867707
lawc,0.0126043036338318
Trf2,0.0103384521840718
CG12125,0.0656427640381444
CG12123,0.170885248380578
Es2,0.0266056281664193
Nrg,0.0124247574499113
CG12112,0.00695086312097936
Crag,0.0628433002038679
oc,0.030504596554253
Ogg1,0.0960647079275162
CG11294,0.200700455251139
Hexo2,0.112157288216344
CG2004,0.0562208372379572
CG1785,0.0266907934074235
l(1)G0020,0.0605108995238925
e(r),0.0754814572658519
CG10970,0.119100252880619
CG44325,0.449653424541232
HP1b,0.168685179559624
APC4,0.0678176865399332
CG32708,0.0787480870266849
CG32706,0.0458798232618796
CG6999,0.00266762483589899
CG7766,0.0145184432240072
Bx42,0.00907956311411494
dalao,0.0137548578587047
His3.3B,0.174594970733855
Dip1,0.00638992680054381
CG12056,0.0349076621170761
CG12121,0.0948237202884938
mxc,0.0638294888583383
Larp7,0.0663399916843404
Cfp1,0.0642598569381834
c11.1,0.0249653026614779
c12.1,0.0277567732550868
mgl,1.29509902413352
CG32699,0.00932315921678206
CR45540,0.030504596554253
Hex-A,0.173281840017652
Lst8,0.0760043153735611
Aats-lys,0.00431412372586093
CG1354,0.0177272183648989
CG32698,0.0233990293560382
CG1468,0.00555775578872952
CG9686,0.0472180374019489
CG9689,0.0605409361541509
Idgf4,0.0105395911975982
ZAP3,0.0583391110808652
CG2972,0.0109499177001709
l(1)G0230,0.059716495421718
CG34408,0.068062386319501
CG2909,0.0167826821432121
CG17841,0.0879464996132825
flw,0.278757358764694
PPP4R2r,0.0808155429783343
Hmr,0.00855464542519884
ras,0.143482571986004
Rph,0.0432784060250194
Ant2,0.000909612751064927
sesB,0.204905863916366
CG15209,0.386105966544865
CG2202,0.0505558198362333
CG1637,0.0161259036433093
CG1582,0.0346457615976515
v,0.030504596554253
CG1552,0.23352133115671
CG1545,0.270968502466392
CG1537,0.126142578495052
CG2076,0.103578805518707
CG2061,0.179975888037278
Hsp60,0.470798779772776
Gtp-bp,0.0424174369881966
CG18292,0.135503852808567
CR44054,0.0605108995238925
Ran,0.453663315342971
CG34348,0.0104736867259511
CG1597,0.308539663741246
CG1738,0.0819655996157114
Pa1,0.146129293746198
Tim8,0.0122601167562903
Gs2,0.536305084577636
Evi5,0.153683840730631
HP5,0.0575993766392759
CG43155,0.030504596554253
Cyp4g15,0.00321364968753024
CG1749,0.115656742078156
Drak,0.185035674883064
CG11699,0.0966948172782259
CR43212,0.00988913253090906
rho-4,0.00628478952304983
CG1703,0.222333633062209
CG2371,0.0734345744038
bif,0.101614780552882
PhKgamma,0.240671006810184
FucT6,0.13524771184415
Amun,0.000605749565441216
prtp,0.0551701106434927
CkIIbeta,0.204751726957801
Hsc70-3,0.124947145491893
CG1578,0.0210190687442946
CG10347,0.0574322605881589
CG2025,0.0433179557085216
CG1847,0.0594919650550621
CG11802,0.17292380400863
Upf1,0.022304356402509
CG10362,0.029782473848695
CG1492,0.0573530532639943
regucalcin,0.00452963785804176
CG15735,0.0431986167133997
CR32658,0.030504596554253
Rab40,0.162237148882061
CG11138,0.168444646786631
LIMK1,0.0786820866942299
Sec16,0.141570713084113
CG1463,0.0622787332553032
CG11085,0.0141245739880417
CG2540,0.0254603399175507
Tomosyn,0.0781199027153135
Tis11,0.0065468399933026
CG32650,0.0249822838840231
CG4404,0.03302884435783
CG4645,0.218534222304201
fne,0.230663154331716
hep,0.135684335438771
lic,0.016725653339358
Bap60,0.0842410896783876
sno,0.000137438876500824
REG,0.0205570733511529
mew,0.0112147159067595
comt,0.211333946667408
CG1764,0.107912834390753
IP3K2,0.0102214820775796
Jafrac1,0.146259479504571
Syt12,0.019324999725514
CG1640,0.848524183414943
GstT4,0.0188644434938704
CG1998,0.0940081888286249
Set2,0.130049986232873
Neto,0.305554370581833
Tango13,0.150300371298288
Tango2,0.030504596554253
CG2691,0.0544986258486223
NFAT,0.136608223423372
Lig4,0.0491746677293876
CG15760,0.0801807235948098
CG12177,0.0227144194162615
CG11158,0.0605914816040867
NnaD,0.0793809226198352
CG9941,0.148571636057037
g,0.161376292784624
Grip91,0.0590496167701418
CR42861,0.158325021955391
Rtc1,0.112282601402164
rdgB,0.0379214132632439
CG11095,0.0346551207982184
Clic,0.0407466242185135
Nup93-1,0.0931546120653797
jub,0.0413274280451537
AMPdeam,0.183654335916179
ben,0.0516752727580095
l(1)G0007,0.00663091457177103
l(1)G0469,1.3116302333478
mRpL38,0.0646582808411586
CG42271,0.0904443708204396
Fbxl4,0.026828311560484
mRNA-cap,0.177076110393012
CG13404,0.0085980912788759
dpr8,0.0591864801091084
mRpS25,0.0313529583057375
nmdyn-D6,0.0593254180438286
NetB,0.268014397451762
CG15890,0.0282811720121328
Ag5r,0.030504596554253
rut,0.121703035620733
CG14408,0.340105707584539
CG14411,0.164853099943565
CG32590,0.122411760413536
Flo2,0.053889269045829
pdgy,0.0177974729517703
eag,0.201111880783485
hiw,0.0462684668418717
be,0.030504596554253
CG5548,0.116727404686692
opm,0.0586554920090106
Lsd-2,0.0628076881554163
CR44960,0.0232043537574378
CG9065,0.196857459349626
CG15027,0.110064625146451
Cyp4s3,0.0183852371500398
CR44998,0.0138847074487523
CG9123,0.06933839955099
CG6227,0.040050254031817
acj6,0.123965391314809
Ahcy13,0.0349018199238256
CG9203,0.0135529245850181
CG6340,0.0483558764004012
Ac13E,0.246955671718369
cerv,0.201911292580424
CG9220,0.030504596554253
sog,0.0301438658910677
CG8134,0.0281112250723
CG15601,0.155958140623203
Arp6,0.00485918352955397
CG11679,0.00656265265666249
CG8944,0.0117174572498388
Tcp-1zeta,0.0527614189153713
Graf,0.0153374802590769
mRpL3,0.19638882414149
Rhp,0.0601038854830852
CG8974,0.16211993907423
Chc,0.00755390012101091
CR32582,0.016022596127403
Aats-arg,0.0365500945186825
sun,0.0108409240890519
Gbeta13F,0.0202402068234471
Gapdh2,0.112430438077354
tay,0.0291766019972771
CG15916,0.0469859710408581
shi,0.349902169362431
Ranbp16,0.0831637343183627
Stim,0.112516976579595
CG8924,0.137321545740814
CR45527,0.0263307734526338
CG42766,0.0605108995238925
CG8931,0.14141653551461
CG9172,0.0198549162519689
eIF5,0.0946322261064497
exd,0.0951972224629734
vap,0.0381890887819384
Tob,0.240019678221054
disco-r,0.0086633702700554
disco,0.042485860471496
Mfe2,0.00289374318757245
Prosalpha4,0.0913521845344736
CG32576,0.0445373290021563
CG3560,0.100890010710858
CG9914,0.0114694490117639
CG9915,0.0208276522683468
Cyp1,0.188463196334861
U2af50,0.174761006944637
nonA,0.220367994284418
CG9992,0.118351984683661
TH1,0.130407892063232
CG4301,0.030504596554253
AnxB11,0.137438851877275
CG9947,0.013323727929628
rngo,0.0234237142461521
eIF-2alpha,0.0857694950283458
Rbp2,0.0802189821542822
CG9902,0.0397427702122055
Arp2,0.113240676877442
Pp2B-14D,0.262045712108745
CG13014,0.0424871350610352
SmG,0.0245742754344719
Sep4,0.0176127238448757
CG9634,0.0226906527708859
CG9609,0.0255366859151242
CG4768,0.0120454044839984
CG9132,0.346741246234711
CG13005,0.00712245008733087
CG4829,0.0905038051877131
RSG7,0.353128327038624
CG4872,0.030504596554253
CG9104,0.0689464128253657
CG4880,0.030504596554253
CG9086,0.0314421612740537
CG4949,0.0474488914463754
CG4991,0.0605108995238925
mei-218,0.030504596554253
RpS5a,0.00897133317764989
CG5010,0.297864699224759
CG8915,0.0395986899767228
CG8675,0.035132011024823
CG5445,0.201650949299716
CG8611,0.0158767974587616
CG12992,0.028749646423554
stas,0.0576844551427057
CG5703,0.217500766820736
CG5800,0.00870637198376632
beta-Spec,0.0371206306433954
CG8188,0.221339145298726
par-6,0.112451413848542
CG8173,0.040339329503721
CG42684,0.0898612038570949
CG15814,0.0386156466595844
CG32554,0.00095537220765737
Arp8,0.078866550222951
mnb,0.0949241795284939
CG7772,0.0189182473863359
CG7536,0.0196604316549796
RhoGAP16F,0.030504596554253
CG7192,0.113436936142461
Taf8,0.00579614789848395
wupA,0.0750888886061275
CG32553,0.030504596554253
ari-1,0.126706878138143
CG6023,0.030504596554253
CG6123,0.0387053113537182
CrebB,0.029406793769865
por,0.0396034361344691
CG32549,0.0969004940317376
CG32547,0.0274253077181632
GalNAc-T2,0.0230189612182473
Bx,2.34456415274792
CR43492,0.030504596554253
wgn,0.0501851505940802
Rip11,0.0223443192620854
CG6540,0.0164654888768735
Ing3,0.139713637593459
CG6659,0.0166257556488985
fu,0.00375072721780241
Cyp18a1,0.030504596554253
CCKLR-17D1,0.127572110886839
CG42302,0.030504596554253
CCKLR-17D3,1.11570945513098
CG18259,0.0312378348483587
CG6961,0.0272364378666851
Pk17E,0.0388484723940681
Atg101,0.179552982904568
CG42450,0.0409104162503291
CG7101,0.0891951562295272
CG7280,0.0355963303883295
CG32544,0.313866683680871
CG7326,0.0880607371400054
CG34401,0.00583729024793322
CG7332,0.0370320475164235
CG7358,0.290422903566457
CG43759,0.0354112040768356
CG7914,0.116789420142762
CG14194,0.0233215571309528
CG7990,0.0312665006124922
CG14196,0.030504596554253
Hs3st-B,0.0678743730716221
CG32537,0.0247413125496648
nAChRalpha7,0.311480116543945
kek5,0.463795422992782
Nat1,0.0615844028062736
CG12204,0.109205422549538
CR44340,0.030504596554253
l(1)G0156,0.226458993232402
car,0.198526286980042
Tao,0.00843238468730445
CG14220,0.0592553260932176
NAA20,0.00208035726043275
MKP-4,0.154329796979041
e(y)3,0.042641160418728
Rcd-1,0.00663546095313746
CG12237,0.463011590158005
Arp10,0.111812481341357
Ranbp21,0.0268289914244182
CG14215,0.00480573491890007
Ssu72,0.0525504850086347
dome,0.108662682656074
Ubqn,0.0852367534694059
CG14230,0.0934338527755269
AP-1-2beta,0.0124364414475983
CoVIb,0.0961706469385896
Alr,0.0538539658196313
CG15618,0.0340651600169348
Dop2R,0.139920043008661
Rab35,0.106273487823745
CG9577,0.0743943623836542
AnxB10,0.190976729896174
sw,0.0299329730148781
Rab10,0.0484565940264961
CG1504,0.778529480309636
l(1)G0004,0.00186582176118736
Syx16,0.0964123861602553
cactin,0.0427571866287469
CG15456,0.0524079983994787
CG1695,0.158311261338621
RhoGAP19D,0.112588389183757
CG1812,0.0632485361520863
Tak1,0.0154260972831292
CR43838,0.030504596554253
shakB,0.887222348716971
CG1532,0.0211459094611276
bves,0.122460703169585
CG32512,0.0149280270680779
CG32521,0.0334191231651582
CG1718,0.000234359922769252
Rpt6,0.00227346626568678
tty,0.117186124252075
fliI,0.0522168115152813
sol,0.0655189815487289
slgA,0.672713464118234
CG42343,1.54866607815716
CG14476,0.00642296371358075
DIP1,0.0546503207654224
wap,0.0487326913653644
CG14618,0.0848187294578816
l(1)G0196,0.306738140478568
CG17600,0.114280370524391
CG17598,0.10210622077409
CR44997,0.112149015961761
CG42346,0.114456882023731
zyd,0.0747529554894075
CG17163,0.15343848529866
CG17169,0.030504596554253
su(f),0.0230368787156889
ATbp,0.0376829104451051
28SrRNA-Psi:CR41609,0.030504596554253
Cda5,0.0413393182067351
CR44987,0.0305593812191591
Zir,0.00158713099217431
CG11377,0.0581260875810637
Nhe1,0.0478189760910452
CG3164,0.0177422368417109
CG42399,0.0381303336957741
CG3709,0.0144525348803147
CG3436,0.0559572112511143
CG33635,0.094660492855455
Tbc1d15-17,0.00516093623261712
CR44218,0.030504596554253
CG17075,0.012651413199702
CG3345,0.0123888495703147
CG11555,0.0806788387992496
CG17078,0.0747222668270294
smo,0.0563551501688133
CG3625,0.000528516897280172
U2af38,0.0300080602373636
Hop,0.0697039093181558
AP-2alpha,0.0427572413750325
CG4133,0.075596048309164
CG4297,0.111432772760305
MED15,0.0181954368256562
cbt,0.265627933957692
CG2807,0.151731770434867
Ipk2,0.0295842962317278
cold,0.0735990474374162
CG13689,0.00768269388339162
Eaat2,0.114248259584696
GABA-B-R3,0.210246768964711
Saf6,0.0187056791745279
Pex12,0.036230806183215
Clp,0.0130361126148095
CG3662,0.0781578432030606
CG3862,0.100107673073979
dock,0.103203640070536
drongo,0.0217037467013834
CG4291,0.00108794517505345
kraken,0.234368716546391
dbe,0.0922422555263303
CG4341,0.905309711901151
IA-2,1.35828776770007
CG4375,0.030504596554253
CG4629,1.59419651598141
mtRNApol,0.0281637790977119
CG4577,0.488560485523507
CG4749,0.0120410101198643
Tfb4,0.0130782685710095
Vps29,0.135746652355169
capt,0.0410260320771188
Tango14,0.073005079377242
IntS14,0.0210287728683289
CG31922,0.000424120675313453
CG4887,0.116034573378845
CG4896,0.0361617450080484
Tgt,0.0580643666051203
CG5001,0.0393362853205541
CG42329,0.00801416003811902
CG5397,0.030504596554253
robo3,1.15773991937553
CG31659,0.258013293869748
NLaz,2.17885286951738
lea,0.0630814251934094
RFeSP,0.104342669383881
chinmo,0.31356127345445
cpb,0.109421150220974
CG17660,0.0521553492974654
Rim2,0.026948120897483
Rrp40,0.0377312361838122
CG17646,0.0223077728214954
CG17712,0.119885218436063
CG7337,0.187488009789351
erm,0.0872924171818113
Der-1,0.186940855855142
CG33543,0.232700825593605
CG4238,1.10557739494172
dpr3,1.15183395325752
GlyP,0.124739133413397
CG11723,0.0350223761113085
CG7261,0.0016327208935927
CG10874,0.0954311306609853
CG34174,0.0682302848505351
CG10880,0.0259538940254543
CG15387,0.00440575230379143
Sec24CD,0.0924673843491567
eys,0.147747121457938
Axud1,0.0597476721798824
CG3609,0.0934261944902897
CG15390,0.0102435888627728
CR44982,0.030504596554253
oaf,0.656949727709841
CG3214,0.00274539155154508
Drp1,0.263507834962077
CG15394,0.189186347153029
CG31690,0.494795244416029
Pgk,0.0401024307273853
Bacc,0.0857944089068074
CR44772,0.030504596554253
Trn-SR,0.0101566322387933
aph-1,0.0297166646308478
Taf10b,0.0538377831608165
Taf10,0.206946963842203
daw,0.0481164600277567
G6P,0.0414813846166757
CG3104,0.0717047034451929
CG2991,0.0712583276343189
CG31694,0.00879456369012591
CG8814,0.0118337481901079
CG31950,0.0326683508513141
Rrp1,0.0664254415734391
gammaTub23C,0.191779199452272
CG9641,0.0980808200564148
CG3165,0.0159012107159337
Bem46,0.0298090618511045
okr,0.00147122066935928
alpha4GT1,0.0468225179374333
CG3542,0.00549729312091631
CG3605,0.0736594247211005
GABPI,0.135395359692144
CG17259,0.0287083570805531
CG17261,0.030504596554253
CG3523,0.0816835041232804
CG12400,0.0484993956569436
Mad,0.0616572909588141
CG8837,0.00105901989005158
E23,0.0047073436875134
CG34394,0.0129645751667598
Ptpa,0.0277227117915697
pgant2,0.322974609948415
CG12795,0.00918380444582874
Cog3,0.0702296187217368
CG33123,0.0738378152652991
CG17593,0.135276546823104
Spindly,0.016022596127403
for,0.030504596554253
cutlet,0.030504596554253
CG2818,0.0899505420649871
Shaw,0.19604772420607
CG43707,0.0563701888448468
CG3407,0.0531674286313205
slp1,0.0309049038129367
Cep97,0.128810861247337
CG31957,0.0576631618741402
capu,0.0998649230168798
ed,0.238414382858815
CG31961,0.186282699253895
CR44608,0.133316698798232
CG16857,0.238855815177234
CG3338,0.0235177793188395
morgue,0.0185318256902872
CG15439,0.00916486388275685
CG15440,0.0146862733229577
mRpL27,0.0667905247860011
CG15435,0.0653915033184125
CG17840,0.0389773866488697
ine,0.0496880709866163
CG15630,0.47428356959971
CG3294,0.112226646099318
CG3225,0.0117281727792951
Fnta,0.0059965037353342
tank,0.0137100573025503
CG11927,0.0278608618790641
pog,0.572480464851956
CG3008,0.150382493949151
CG3036,0.0247303659601618
hoe1,0.0397385350134939
Marcal1,0.030504596554253
CG34125,0.115215597767375
Scox,0.0834859055937255
mRpL28,0.1428883525446
Gmd,0.0485303327841278
CG3792,0.100322650442505
CG8891,0.0993752778032103
Cg25C,0.0190096149293296
CG9121,0.0138159954819263
His3.3A,0.112794784713492
Rpn11,0.0426251305813066
pgant5,0.141380657023792
CG8680,0.00244347933271448
Cyp28d1,0.383017800069806
tkv,0.0235432022061964
CG14024,0.011325610641289
CR44985,0.030504596554253
cype,0.122940589285978
fusl,0.0766243817409182
CG7371,0.0317363182947759
CG6907,0.0615929619916171
Cap-D3,0.0162950226259145
CG7277,0.0782925151470219
Oscillin,0.0388520049630633
CG14010,0.123064881396268
CG31646,0.0532081524731432
sip1,0.0254791512319017
CG9171,0.140703591872418
TrissinR,0.0394398548135421
Gpdh,0.0722382479626828
CG13999,0.202623810283158
ifc,0.0508385826309049
lid,0.112156679909663
Gal,0.030504596554253
CG9109,0.0468249739975682
mtm,0.123780773041501
CG31643,0.0179144210285368
slmo,0.184909900744726
CG13995,0.074939925768247
CG9140,3.35875395189506e-05
CG13994,0.0542201362259853
stai,0.183201855973342
CG34380,0.0545947043291177
Ddr,0.0829565529064307
AANATL2,0.0736756470348562
PDZ-GEF,0.0480711801970524
Cpr,0.134106738987578
CG9507,0.11599084668193
CG13982,0.00454709296737796
Fic,0.00172681777118321
CG9531,0.110836539335422
mmy,0.15209692491745
Sec61alpha,0.00170569174431014
CG9548,0.0733112806554601
CG31638,0.00750466085384898
CG31637,0.197835311328587
CG9596,0.0119055417723449
CG13766,0.0917666054531197
CG31635,0.00876593174488003
Tango1,0.0464728161243771
CG34310,0.0177758081024767
Galt,0.132829862906647
Spn27A,0.00505199805021327
Aatf,0.0271392451304751
homer,0.05909283198014
CG11221,0.013906588670408
CG17378,0.00299997229974174
nrv1,0.030504596554253
nrv2,0.303619568660598
Rca1,0.0623055557798517
Rat1,0.200069415188102
Wee1,0.00653757743301482
x16,0.000181571831428655
nop5,0.133973143509307
CG43232,0.030504596554253
Fgop2,0.102136048992966
SA,0.0414598713553253
Atac1,0.0315154524988017
smt3,0.128042605752674
snRNP-U1-70K,0.126353901618144
Rab30,0.0516174650045004
Caper,0.0276431248634012
Mnn1,0.145421033430189
Pvf3,0.232743146093332
CG4495,0.0384995952465195
CG4497,0.069780765551443
CG13784,0.0378902447287407
ico,0.115809116743293
Ndae1,0.251580894767421
CG43800,0.0220225812660481
ninaC,0.0900370582682879
CG5149,0.0786351335419022
CG5181,0.0658506342956222
chm,0.0441972595172475
CG5261,0.0619576988677469
CG5973,0.0115596770896621
CG6055,0.030504596554253
Slob,0.0609916680034283
CG13795,0.0605108995238925
CG7149,0.217211404060896
LKR,0.030504596554253
Herp,0.0683194223599133
cdc14,0.023858994240709
mts,0.27575742016925
CG14535,0.0267347962371492
Proc,0.133468783680508
Sirup,0.026623079978677
Wwox,0.0688637899811495
CG12560,0.00980331317000638
Tg,0.030504596554253
baf,0.0766690235078708
Cka,0.126912739094652
CG7429,0.0644321252568691
snoRNA:Psi28S-2648,0.030504596554253
CG7466,0.0284220403996498
MED20,0.0211177577932939
Trf,0.0534277054457356
Mcr,0.034394767004218
Rbsn-5,0.0795495885411001
CG34134,0.0703463583405506
CG8460,0.0214544982863551
SLC5A11,0.00338177898261875
Ssb-c31a,0.156021856474587
CG8372,0.0459656790358172
CG8360,0.128989352531582
CG8353,0.0669353923631748
CG8292,0.030504596554253
Snx6,0.134886589215655
Btk29A,0.0160729368152474
CG7840,0.0277099031071974
Ostgamma,0.0207098654461236
CG7806,0.125430324662447
CG7787,0.0902284210143927
CG7781,0.0468907124399153
CG14275,0.0605108995238925
Pp2A-29B,0.0674874489972939
Wdr82,0.0625632781291396
Aats-ala,0.0738899140470892
Rcd4,0.0758369546473808
CG13384,0.539422369143138
emb,0.0524701747280297
CG13397,0.00750958209247892
CG13398,0.258680920861411
D12,0.0377926461088714
CG31897,0.0510251344864661
fu12,0.0172916942899017
CR43604,0.030504596554253
Dh31,1.05493362843147
CG13096,0.0407980887587723
PIG-U,0.0430070271443344
mRpL51,0.0460959292496834
Hnf4,0.00183026559833203
SoxN,0.456939145226461
CG9510,0.0917551039153992
CG9515,0.048951919982042
C1GalTA,0.179294367811509
Try29F,0.188677950551008
CG31708,2.07397928294611
CG32982,0.525927167218981
CG13108,0.135001775960655
tai,0.0434091880720423
Ggamma30A,0.292852795706022
Eaat1,0.483247246578506
numb,0.207821180666971
Gdi,0.0698048899044108
Trx-2,0.119537637215589
GlcAT-S,0.0461734303769885
Pka-C1,0.194816458492784
hoip,0.0033013904023266
pelo,0.0471853069048113
CG4364,0.195579295793075
Nckx30C,0.237476247885694
zf30C,0.0376104785029171
Taf11,0.129187119053933
und,0.106815305184661
CR18854,0.218651171209482
CG4036,0.0350502860288326
CG13123,0.0193875159878032
CG4537,0.0973017019481332
mtDNA-helicase,0.030504596554253
Etl1,0.108357510635325
yip2,0.0110219659843654
Apf,0.0120465132232961
CG4619,0.0550849235124576
CG4709,0.127401611168752
CG5850,0.00755819877777803
bib,0.030504596554253
CG4747,0.034338713335725
Pen,0.030504596554253
Spn31A,0.030504596554253
CG44153,0.459273570110412
CG5734,0.259979878406734
CG5731,0.030504596554253
Prosalpha6,0.151544075740842
CG4908,0.0584246928106763
eEF1delta,0.156814661614183
me31B,0.0576889207060749
chico,0.00953305504901494
CG31717,0.094291601627353
Ror,0.237921122239562
CG5676,0.026822933367067
CG18619,0.301605072439393
Mob3,0.270892450536884
CG4953,0.0699520420646036
CG4957,0.138043205562745
Mulk,0.1934775177508
Utx,0.0726003984325469
CG5604,0.0532125617120704
CG5390,0.0306954948343412
CG4968,0.0934249895713139
l(2)SH0834,0.0346593086424311
CG5384,0.108982890723658
CG4972,0.0401530348234667
CG5381,0.030504596554253
CG5037,0.196175706141402
CG5022,0.0174198301615014
CG5045,0.0135372226622096
dpr19,0.36114221754539
gny,0.00638992680054381
mRpS7,0.00310021608348165
da,0.00425241750381813
CR45789,0.030504596554253
Mdh1,0.213766618280035
CG5355,0.120445450245971
RfC3,0.0074774118960856
pie,0.030504596554253
TfIIB,0.150528021027635
CHIP,0.1635073481573
loh,0.030504596554253
LM408,0.0170260674278544
RluA-2,0.0248111963273415
CG7456,0.00343633946412562
CG6144,0.00437459581771912
Myo31DF,0.0637934065899307
CG6094,0.0253902722308667
CG6138,0.030504596554253
CG17118,0.030504596554253
CG6750,0.111463181800095
Dpy-30L1,0.292058646430249
Nup107,0.0291060124762365
CG12299,0.00712021444897341
CG6729,0.0185435650898044
CG17124,0.333171843178657
Ubc2,0.292284074975597
CG6724,0.113322963652037
CG31869,0.0571478508895072
Nos,0.314611674095442
porin,0.341215012055706
CG43129,0.030504596554253
Dnz1,0.00870333233918904
Stam,0.13705320831492
dpr2,0.996811203619397
CG16743,0.00249132350631309
SCAR,0.307766318996236
Nup154,0.00638992680054381
CG16854,0.0111728218269092
CG4705,0.00611960214510159
Reps,0.0780816379351041
CG6201,0.0967393747375029
CG6230,0.0372944472564245
CG6287,0.0970053111402817
CG4788,0.0166169865790004
CG33695,0.154368433421862
salr,0.030504596554253
CG31705,0.214787530405561
CG31706,0.152153040102851
crol,0.0308810280412567
CycY,0.231851714859049
Pde1c,0.11235096172668
CR45014,0.030504596554253
Mal-B2,0.030504596554253
CG16965,0.030504596554253
CG6686,0.0455652623541492
escl,0.00110358620883486
Ada1-2,0.024219088745978
CG12264,0.00733637915333541
CG6746,0.0118764845136774
Tom70,0.104744023201345
CG14945,0.246458096028933
Rab3-GAP,0.00581396887365571
Pex19,0.262153589530502
CG31760,0.57631646471636
CG6583,0.139798437735265
crok,0.00710216702472952
aret,0.1704482880333
atilla,0.030504596554253
CG43813,0.030504596554253
vir-1,0.283829275804528
CG5446,0.201541063676657
CG5418,0.0481164600277567
bun,0.234170771015999
CG5780,0.030504596554253
CG5787,0.025214350998858
Vha68-2,0.0306429603816059
Vha68-1,0.231694422983183
CG9932,1.0424301061417
CG5287,0.0390606187574522
CG16974,0.00961958440224799
Edem2,0.020313293487136
CG16972,0.0288969345460429
kek4,0.0393380477155179
CG5705,0.0807512817974524
Ski6,0.0362379412386473
CG16812,0.00112516716743909
Drep-4,0.107712043948985
CG31729,0.183169116053715
CG43778,0.227080900340032
CG9395,0.0593831107203586
CG9377,0.00421502020658166
Nnp-1,0.0598593672961027
CG6523,0.0685159686082939
CG31855,0.18996456048567
CG9306,0.0340199598859302
CG6565,0.0185199394270459
beta'COP,0.0100107072594804
CG43850,0.0312894090154465
Tehao,0.0210001447238607
CR45683,0.0236575602025943
B4,0.0413781885217613
kuz,0.0899870679274384
CG31814,0.0545755985706727
CG9008,0.000665618239337483
p38b,0.262031168752538
CG16890,0.118960603965085
CG31731,0.080373488491448
CG16863,0.0169541820913988
Sec71,0.0193525179122275
CAH1,0.158502812093631
CG16865,0.102594114133274
b,0.0850256360614278
tam,0.0605108995238925
Orc5,0.030504596554253
mRpS23,0.0424811629823069
CenG1A,0.71305089272978
NimB2,0.030504596554253
NimB4,0.00231015932476414
NimB5,0.030504596554253
Cyp28a5,0.26168165743018
NimC4,0.030504596554253
Send2,0.030504596554253
mTTF,0.092102474248601
l(2)34Fd,0.0498545850204694
Rab14,0.0614666564710049
Pgant35A,0.14998677262393
elB,0.78521230481689
noc,0.464509058886666
osp,0.221032661895237
CR43411,0.0123888495703147
CG42313,1.7968879301011
NC2beta,0.103103386056228
GABA-B-R1,0.147928650807344
CG33310,0.0777911768477817
CIAPIN1,0.0475349938890415
TfIIS,0.124842334368044
vig,0.185171309470734
CG4168,0.318431130795089
l(2)35Cc,0.0259737341522999
kek3,0.165880326413611
l(2)35Df,0.148715636935857
Gli,0.00959238700708322
CG3793,0.0224100829323572
wek,0.0488923612537206
PRL-1,0.136715675968997
EndoGI,0.140001036769942
twe,0.0605108995238925
crp,0.0273593605437755
pkaap,0.0342404734826669
heix,0.129510463800104
CG5869,0.185187051898211
CG5861,0.186601831575054
Syx5,0.00089892077915701
cact,0.072738389790092
CG4278,0.0180513278238918
mRpL4,0.215582501336763
CG42231,0.0294956183745855
chif,0.0600986064362843
CaBP1,0.129967384395721
CG5888,0.0331042365948124
Idgf2,0.0267617663733203
Idgf3,0.0416487390332075
CG5953,0.036047793148115
CG31815,0.0167075813262368
CG31808,0.013626820007284
Cyt-c-p,0.156724225852035
VhaSFD,0.0320451052060448
CR43671,0.0027424625939572
CG31812,0.0112749308886257
glu,0.113067608162232
LSm7,0.00631839512288705
CG17912,0.0890609251045941
Ugt36Bc,0.030504596554253
mdy,0.030504596554253
Cas,0.0396014930883451
CG6115,0.12179515351384
CG12288,0.0255082989461196
ApepP,0.0116315464618815
Lrch,0.00993794198439813
Dif,0.00650054498638731
CG18563,0.030504596554253
Aac11,0.0504459870885894
fws,0.0622063675843736
CR45358,0.131968447158319
CG6870,0.030504596554253
Sytalpha,0.0756693955060371
CadN,0.0889917858614263
CR45332,0.464968811300123
CR45333,0.133270936962908
CG5674,0.0939315187772875
rdo,0.14329902357296
kel,0.04397869362471
CG7200,0.00331526704926673
Ptp36E,0.0351438800131597
CR44901,0.030504596554253
Fas3,1.14170467177104
ncm,0.0840916093701311
bsf,0.119567124570866
CG15160,0.112011250496628
CG10413,0.0498616825006171
Atac2,0.00689202647668136
CG31751,0.191570780922555
CG10338,0.078814986419507
CG10341,0.00688133255159015
CG10343,0.00247957481749148
CG17323,0.00651389300600699
ScpX,0.00357912538453847
mRpL13,0.1362679361963
tup,0.681518615547847
CG10428,0.00625795351443992
CG10623,0.0404290395423062
Nak,0.174708659003582
Tango6,0.0743933177851147
Swip-1,0.0595715701564873
CG31793,0.0483906022382656
Acn,0.055783752746949
CG10470,0.0966820897260877
l(2)37Bb,0.047303343510988
CG10492,0.0181112481853413
CG10495,0.00929641005131768
Lim3,1.62702837608624
amd,0.119100252880619
CG10561,0.0851723083073713
l(2)37Cc,0.19085224121899
l(2)37Cb,0.0124845972149956
l(2)37Cd,0.0281637790977119
l(2)37Cg,0.0169439294895536
brat,0.157034057804183
pigeon,0.0360855742769549
drl,0.106819563658615
dnt,0.0427061961613526
CG17544,0.0518489133763553
Pax,0.057887903208877
Rab9,0.0725855798343895
CG10237,0.030504596554253
Top3alpha,0.0236575602025943
CG10186,1.23089707495335
CG10165,0.0605108995238925
CG10337,0.030504596554253
CG10268,0.0708714279662254
CG10366,0.0752609907236172
Lar,0.10963166264985
CR44978,0.196830008149779
Nf-YB,0.0189511397624325
CG10628,0.019583447690368
CG10463,0.060462572568612
bsh,0.00122430173774279
CdGAPr,0.00293507051425337
CG10466,0.0636740363671948
fs(2)ltoPP43,0.136753826304735
vls,0.0232538557594611
fok,0.142868663711866
CG10721,0.0481144757666026
spir,0.319878209335846
La,0.031528713400015
RtGEF,0.0463587459601053
CG10947,0.0934920540969352
Arpc2,0.0692537233928082
CG31687,0.0416102989522304
phr6-4,0.0102248182366087
bru,0.00258951433339884
ik2,0.0673704968515024
Hr38,0.158628127554906
CG9317,0.030504596554253
CG9318,0.012836146331648
CG9319,0.0136099054256237
CG9323,0.060462572568612
dia,0.00715984399521393
cad,0.030504596554253
Pomp,0.00400030087961282
CG9331,0.0112719300143773
CG31673,0.0272364378666851
CG31674,0.030504596554253
CG31676,0.242211544044428
CG9336,0.00521427483688083
CG9338,0.000708947956505503
RPA2,0.0311968487801743
CG9272,0.063144877921335
CG9265,0.0991219693136858
CG12050,0.0162875737879208
Nhe2,0.216504124183447
Dap160,0.325795210342313
CG9249,0.0302136901146767
CG9248,0.093057056069217
CG9246,0.0218610827812639
Acon,0.0539022647968255
bur,0.16751387653074
Ret,0.030504596554253
Atg18b,0.12352615824182
CG8677,0.209904083037866
CR45713,0.0605108995238925
CG8671,0.086719380918063
Mio,0.0110987935858513
His2B:CG17949,0.030504596554253
His2B:CG33868,0.0794333843086057
Lamp1,0.0479240550953143
CG2201,0.201434400720471
Df31,0.219336708623681
Ac3,0.244372615092093
CG31619,0.290565281285399
CG1416,0.112883845942224
CG31612,0.030504596554253
CG3651,0.0674323475986121
CycK,0.152917524327636
CR43241,0.0697498700953138
CG34137,0.030504596554253
Clamp,0.0529520315752649
CG3262,0.0589365498707711
Slmap,0.0927219220090144
cta,0.060524021977473
ci,0.030504596554253
CR43957,0.01706542037956
Ank,0.105662440399557
CG31997,0.0502605894233338
CG2316,0.119903393440694
CG31998,0.0671539197472059
Crk,0.272385525574159
CG31999,0.030504596554253
RhoGAP102A,0.117660396515385
NfI,0.0160255889926697
Syt7,0.409115196222464
Zip102B,0.10740802386068
Hcf,0.0855774215547592
Lin29,0.0605108995238925
lgs,0.121769442637932
CR45126,0.00243994698385299
zfh2,0.0255430734777244
Thd1,0.0119856671423465
CR43958,0.0399130308137107
Pur-alpha,0.0370939804883852
CG1909,0.0430614711648131
Eph,0.116188132200961
CG1732,0.454369105086398
CG11360,0.025570914604223
ey,1.39168489661779
bt,0.030504596554253
CG11148,0.154906661862439
CR43425,0.00348663150641415
mGluR,0.045387400967072
fuss,0.030504596554253
PlexA,0.0457039313103196
CR44031,0.00690451897479342
CG11077,0.158772411320453
CG11076,0.00545638773835154
ATPsyn-beta,0.169611069883153
Zyx,0.123272131046517
Rfabg,0.0858164097455276
Arf102F,0.052347786114882
CG32017,1.98985894010665
pho,0.148613747562214
Dyrk3,0.0420511300639264
mt:ND2,0.0013113453782107
mt:CoI,0.0967192792333932
mt:CoII,0.053662391871345
mt:ATPase6,0.0641170487120749
mt:ND5,0.0464476374740317
mt:ND6,0.103000536738329
mt:Cyt-b,0.0750220241962481
pre-rRNA:CR45845,0.0402690599107053
CR41535,0.0169713328404805
CR40668,0.0318286631864534

