RP11-206L10.9,0.0045750213812988
PUSL1,0.0110279407819758
INTS11,0.206347413108642
AURKAIP1,0.137162107313581
SSU72,0.000483331491276176
RP11-345P4.9,0.500970423539594
MIB2,0.0216271137208823
SLC35E2B,0.057774780515412
FAAP20,0.477183025037897
PANK4,0.0436516591489106
RP3-395M20.12,0.0910635665306249
FAM213B,0.047160848574667
TPRG1L,0.357159452367444
RP5-1092A11.2,1.05338944810141
KCNAB2,0.255128937076982
RPL22,0.828478065272891
RP1-120G22.11,0.304499608264922
ACOT7,0.236626336812084
HES2,0.0949013332861801
ZBTB48,0.0376164148836756
PHF13,0.158666871128155
DNAJC11,0.328485220359801
ERRFI1,0.158160445584962
CLSTN1,0.231112580875784
LZIC,0.0390450587517243
RBP7,0.181495550404406
PGD,0.123661392138869
RP4-736L20.3,0.120094105869651
CENPS,0.329990028312463
PEX14,0.145268893689296
EXOSC10,0.0796464040841831
DISP3,0.186793504572498
FBXO2,0.0833911734792319
MAD2L2,0.0147084106102494
MIIP,0.208022083977865
PDPN,0.231520917992341
CASP9,0.0687061033054918
DNAJC16,0.0993381687774744
SPEN,0.0365682969746305
SZRD1,0.000692160418414538
RP4-798A10.7,0.148396128618959
NBPF1,0.237340099407242
ATP13A2,0.0784554631250954
UBR4,0.153403404088195
EMC1,0.0849558873876346
PQLC2,0.0723795649742789
MINOS1,0.490724519494041
NBL1,0.0510620601965021
CAMK2N1,0.118895454121881
LINC00339,0.0544227115938008
ID3,0.097569698382027
RPL11,0.925434265417036
ELOA-AS1,0.492860869176328
GALE,0.166855520445359
HMGCL,0.20643600104262
RP11-293P20.2,0.256237217600343
NIPAL3,0.0325213754281162
RCAN3,0.318538883225848
RP4-594I10.3,0.0663171068105312
CLIC4,0.196443087343008
RP11-70P17.1,0.0930651325517768
MTFR1L,0.334219551664802
STMN1,0.341411635367399
SH3BGRL3,0.0113427120569048
UBXN11,0.193115862268332
HMGN2,0.449286703127503
NUDC,0.0428583495418893
TRNP1,0.0870764106156459
WDTC1,0.0734638006427208
TMEM222,0.0597392598545891
MAP3K6,0.120094105869651
EYA3,0.114677665017615
ATPIF1,0.427164858684022
SNHG12,0.462504539090739
MECR,0.149718354801877
PTPRU,0.174606476842575
SNRNP40,0.0614755058451915
ZCCHC17,0.331462789375901
CCDC28B,0.174015973845598
TMEM234,0.0325995320887813
MARCKSL1,0.0625107486992885
ZBTB8OS,0.131466283057421
HPCA,0.120094105869651
TMEM54,0.0274168617791443
AK2,0.280203090860155
AZIN2,0.113470852276768
ZNF362,0.165246449902782
KIAA0319L,0.00991539109210299
PSMB2,0.0190782048581074
AGO4,0.20323293750169
MAP7D1,0.0509074271946097
LSM10,0.0534594139433725
LINC01137,0.301212697672912
MEAF6,0.144011884999777
DNALI1,0.235480008352179
EPHA10,0.120094105869651
C1orf122,0.749579850796068
INPP5B,0.0724312019180388
RP5-864K19.4,0.0932284906423618
AKIRIN1,0.0159395543504666
NDUFS5,0.0377568194833799
PPIE,0.229897897417268
PPT1,0.08076055159994
ZNF684,0.164371468797037
PPCS,0.0175639926703601
PPIH,0.0426386535416938
YBX1,0.516801719756593
C1orf50,0.104172658297493
ZNF691,0.0124571276973623
SLC2A1-AS1,0.0483969469246162
RP1-92O14.3,0.120094105869651
ST3GAL3,0.205522933756388
RP5-1198O20.4,0.0760050799958977
RNF220,0.0464295845870649
RPS8,1.07199286078943
TESK2,0.0961026996921068
MMACHC,0.112336242797501
GPBP1L1,0.183881437256177
TMEM69,0.203563871778931
UQCRH,0.683105943339707
FAAH,0.00146785693369985
CMPK1,0.595923285562703
SPATA6,0.0363340643019135
AGBL4,0.0993381687774744
RNF11,0.723672256593216
EPS15,0.0340952480032073
KTI12,0.0338580139732031
ECHDC2,0.0212863372965408
CPT2,0.103722757315511
C1orf123,0.164039443493516
HSPB11,0.170972902217279
TMEM59,0.225145133940181
TCEANC2,0.0762039885425364
MRPL37,0.0225383449921739
TTC4,0.0664405902598761
PLPP3,0.120094105869651
FGGY,0.0592408476536035
HOOK1,0.119987223946351
TM2D1,0.0146495633451076
LEPR,0.120094105869651
SGIP1,0.251945389736347
GNG12,0.114339204813124
WLS,0.837178929475914
RPE65,0.0905224157568498
FPGT,0.00324446546358026
PIGK,0.41464690711077
USP33,0.00740141144862994
DNAJB4,0.086415849577394
PRKACB,0.233100602479497
SPATA1,0.120094105869651
C1orf52,0.0906441543172923
SH3GLB1,0.079950060234496
HS2ST1,0.430913679857203
LRRC8D,0.0524287027249207
HFM1,0.083422180611929
EVI5,0.0536732563673255
RPL5,0.11969402433468
FAM69A,0.231520917992341
ABCA4,1.13105812156405
CNN3,0.0485427281558549
ALG14,0.0433601230166258
TMEM56,0.120094105869651
SNX7,0.120094105869651
PALMD,0.120094105869651
LRRC39,0.798671162296581
RTCA-AS1,0.100682811781158
RP4-549L20.3,0.153339109876752
DPH5,0.111950296377013
AMY2B,0.0107870726622416
SLC25A24,0.000247228884762964
RP11-483I13.5,0.0489454164293931
TAF13,0.145306629614269
RP5-1065J22.8,0.0407767660873311
MYBPHL,0.175379106411765
SORT1,0.169384404227243
AMIGO1,0.0481442049130634
AMPD2,0.120094105869651
SLC6A17,0.120094105869651
KCNC4-AS1,0.120094105869651
RBM15,0.0466366754763092
LAMTOR5,0.186816340231497
PIFO,0.0390075972037331
RP4-671G15.2,0.120094105869651
CAPZA1,0.0690113229473473
FAM19A3,0.00479402137935358
RP3-522D1.1,0.361696330978066
SLC16A1,0.0156225168573876
NRAS,0.194848992734619
CSDE1,0.251776158443477
SIKE1,0.102045377440715
SLC22A15,0.0829805554418354
GDAP2,0.0156242623150147
RP11-418J17.1,0.0997494528835946
NOTCH2,0.0544227115938008
SEC22B,0.932698272123972
NBPF15,0.0724312019180388
LIX1L,0.0422211635999548
POLR3GL,0.194023302661637
NBPF12,0.0169812137631138
GPR89B,0.0560689910339397
NBPF14,0.08548327833868
CH17-189H20.1,0.387595328410874
LINC00869,0.0989803510389126
HIST2H2BE,0.463803634152538
HIST2H2AC,0.128408025885804
BOLA1,0.0211696048802979
PLEKHO1,0.0765708524859325
MRPS21,0.322788550945275
CTSS,0.120094105869651
MLLT11,0.363836056299765
LYSMD1,0.0595529696314791
VPS72,0.00634571442084455
ZNF687,0.162475193478937
CGN,0.120094105869651
MRPL9,0.0529973133791101
OAZ3,0.106104659952119
TDRKH-AS1,0.134299724889612
S100A10,0.275435977042965
S100A6,0.207421364970792
S100A13,0.0476059260414736
ILF2,0.137793367584105
RP11-422P24.11,0.0546776690887778
RPS27,1.08879843278739
UBAP2L,0.181780590306958
PMVK,0.123514204320965
PYGO2,0.022553462007577
FLAD1,0.0429052906995608
ADAM15,0.130056031214045
SLC50A1,0.0794636756477407
DPM3,0.246650287126384
KRTCAP2,0.0708550884153156
LAMTOR2,0.243352600839101
LMNA,0.0703142152025296
PMF1-BGLAP,0.120094105869651
PMF1,0.208004366343704
TMEM79,0.171002160807035
C1orf61,0.395091850411573
RRNAD1,0.0327281529550106
SH2D2A,0.120094105869651
PEA15,0.158874763897078
PEX19,0.206350028733922
NCSTN,0.0590641999520887
TSTD1,0.289193785762305
KLHDC9,0.418856941483146
PFDN2,0.0118801638053985
PPOX,0.0906600267857145
B4GALT3,0.170215858351445
TOMM40L,0.0693170703255196
PCP4L1,0.120094105869651
SDHC,0.110682065972627
DUSP12,0.0438540333452318
UAP1,0.0365682969746305
RGS5.1,0.204491944674467
PBX1,0.0352930211970353
MGST3,0.028919399104603
ALDH9A1,0.0338616809040407
FAM78B,0.0766911903532902
TADA1,0.0214399268901842
MPC2,0.388053086366471
ATP1B1,0.0543808237286214
CCDC181,0.128284863626014
METTL13,0.0523444018025302
PIGC,0.029344224072468
TOR3A,0.113470852276768
SOAT1,0.0974420439975808
ACBD6,0.120094105869651
XPR1,0.039393193121503
GLUL,0.227367533871872
RGS16,0.0997494528835946
SMG7,0.0550122812416013
C1orf21,0.0245542738635073
SWT1,0.0410443204080584
GLRX2,0.0227907977182875
C1orf53,0.00964264035946193
DDX59,0.0147084106102494
TMEM9,0.311450522981845
RNPEP,0.0195117414239596
PCAT6,0.0608921696287281
RABIF,0.250939298885433
ADIPOR1,0.457993399145253
CYB5R1,0.124832304677306
SNRPE,0.272361327489106
TMEM81,0.120094105869651
MFSD4A,0.0187061838389487
SLC41A1,0.110337759345378
DYRK3,0.0664405902598761
CD55,0.142087642725381
CD46,0.174381496311342
LINC00467,0.370979940193504
LPGAT1,0.0231886269495181
PPP2R5A,0.00438800012693462
NENF,0.168721776576537
NSL1,0.0702974280357462
FLVCR1-AS1,0.251490516893668
RPS6KC1,0.120716449170383
CENPF,0.0727200973504783
ESRRG,0.134258933382333
MARK1,0.0189788368093427
TAF1A-AS1,0.318880809367923
RP11-452F19.3,0.0982655670753113
DEGS1,0.0877517927528143
LBR,0.329260689554917
SRP9,0.120541133383741
EPHX1,0.245355075850155
TMEM63A,0.120094105869651
H3F3A,0.232774203108723
LINC01703,0.120094105869651
ACBD3,0.019727003540541
MRPL55,0.0894272240178368
GUK1,0.881243734443956
CAPN9,0.120094105869651
TTC13,0.0368529808133345
ARV1,0.459914581752003
EXOC8,0.0245542738635073
NTPCR,0.187818798345863
RP5-827C21.4,0.0694685198886057
RP4-781K5.4,0.0984408957822366
GGPS1,0.365269082592614
GPR137B,0.411993618088301
LGALS8,0.18762630712259
GREM2,0.0575023563021122
SDCCAG8,0.0161724547825548
ZBTB18,0.138438621212923
ADSS,0.00798321892561045
COX20,0.696191283570491
SCCPDH,0.0685623659935844
ZNF670,0.0620166987261514
ZNF124,0.0764385298141842
ZNF496,0.0870119049235104
SH3BP5L,0.0538196377800922
ACP1,0.339660074455957
TMEM18,0.00985989214063795
LINC01115,0.120094105869651
MYT1L,0.120094105869651
TRAPPC12,0.0278325693216669
RPS7,0.790528914125118
IAH1,0.228089746780369
ADAM17,0.127289997899541
ODC1,0.0639408671954823
NOL10,0.0529905619715925
ROCK2,0.0769721245996784
NBAS,0.113279133773777
TTC32,0.0199429602257775
LDAH,0.140633167808773
WDCP,0.0436374802231241
FKBP1B,0.0958897166468962
PTRHD1,0.124900326012213
DNAJC27-AS1,0.511344098732891
SELENOI,0.0419122977540616
AGBL5,0.213410454266156
OST4,0.908978444343647
KHK,0.0770970335514118
PREB,0.116089719840895
EIF2B4,0.177990203231835
SNX17,0.121556811704262
FNDC4,0.316021820896042
CCDC121,0.00760280991324257
MRPL33,0.716011885172619
BRE,0.0250970588737913
PPP1CB,0.086584652184349
AC016907.3,0.120094105869651
YPEL5,0.252448197865466
DPY30,0.0535802437595483
CRIM1,0.0888484775171736
STRN,0.00964264035946193
CEBPZOS,0.290881000007402
CDC42EP3,0.0415010874840181
MORN2,0.309684119371104
PKDCC,0.101158128299277
COX7A2L,0.628332613253438
CAMKMT,0.0390075972037331
SIX3-AS1,0.105499150118839
EPAS1,0.0140960089632958
RHOQ,0.0152917891439028
SOCS5,0.022553462007577
MSH2,0.0672828209092329
KCNK12,0.120094105869651
FBXO11,0.066592255471295
RP11-191L17.1,0.171167545462843
ASB3,0.0143523076593726
ERLEC1,0.428858612017242
ACYP2,0.0510699351618734
RP11-477N3.1,0.106794399429061
EML6,0.00479402137935358
RPS27A,0.871634005456082
MTIF2,0.136563321951461
AC012358.8,0.270490776337741
CCDC88A,0.0445358327310814
CFAP36,0.0695530118802701
VRK2,0.0603228633385748
PUS10,0.00479402137935358
PEX13,0.210802421894668
C2orf74,0.354857548918391
RP11-355B11.2,0.0721719301316446
FAM161A,0.175423331651751
CCT4,0.226796926016637
COMMD1,0.0974193813761547
MDH1,0.121454528632735
PELI1,0.0872044863598796
LGALSL,0.124850896358765
RP11-568N6.1,0.0795778149147008
SLC1A4,0.114150871069621
RP11-418H16.1,0.0938627673177427
MEIS1-AS2,0.0538196377800922
ETAA1,0.0143523076593726
PNO1,0.745272211313581
PPP3R1,0.00875404311796525
CNRIP1,0.525874912133121
FBXO48,0.0913202116641992
NFU1,0.271115297923629
ANXA4,0.148963178692525
SNRNP27,0.00406650030784517
MXD1,0.0211705050804291
C2orf42,0.0714831813235011
PCYOX1,0.11752320302878
SNRPG,0.591400255360469
FAM136A,0.160309241046183
LINC01143,0.151376987014871
VAX2,0.118100305272421
MCEE,0.382825237711111
PAIP2B,0.407585598569241
DYSF,0.120094105869651
PRADC1,0.528351328404588
TPRKB,0.103385417389975
DUSP11,0.141970927004614
BOLA3,0.901916670798748
BOLA3-AS1,0.0672617931598722
MOB1A,0.139863929909357
C2orf81.1,0.176564584804173
WBP1,0.0961026996921068
MOGS,0.0320010390749767
MRPL53,0.308288386262174
PCGF1,0.109773390289603
HTRA2,0.148814877438706
SEMA4F,0.0599788976153343
POLE4,0.733051757542127
GCFC2,0.0420695940048263
RP11-342K6.4,0.163174110149985
TMSB10,0.193687981651979
GGCX,0.068467688672945
VAMP8,0.083283109710144
C2orf68,0.0789774100233427
RP11-301O19.1,0.0770247301558689
REEP1,0.0227716699701044
THNSL2,0.0250911519114054
RPIA,0.00630806877778415
RP4-614C10.2,0.155204610813786
RP11-440D17.3,0.162551644002636
NCAPH,0.109681204490341
LMAN2L,0.195634392030939
CNNM3,0.0714831813235011
ANKRD39,0.2987939341957
FAHD2B,0.0245542738635073
COX5B,0.920399257988398
TMEM131,0.0193523247067643
INPP4A,0.0306761752122795
COA5,0.409699549246856
TXNDC9,0.0410091463179235
RPL31,0.712903171575782
LINC00116,0.436731592686451
BCL2L11,0.0273919824410664
CHCHD5,0.418728041891439
SLC20A1,0.00349469056411597
FAM138B,0.0281867695952084
RABL2A,0.353376488353574
INSIG2,0.0742049619253539
C2orf76,0.0587799769331902
DBI,0.0828362447481377
TMEM177,0.129396697722338
RALB,0.0367867778815644
NIFK-AS1,0.154082366002397
NIFK,0.0881100548662641
TSN,0.0226442132300123
HS6ST1,0.167389776171042
MZT2B,0.74615172122539
CCDC115,0.0963349713593388
PTPN18,0.108729114227559
ARHGEF4,0.158941004851452
FAM168B,0.087372904841953
MZT2A,0.00438776171344652
MGAT5,0.100821158415044
THSD7B,0.0291962510042882
SPOPL,0.206066192293142
AC092620.3,0.212897675142447
ACVR2A,0.00316086285125525
EPC2,0.00615682901605465
KIF5C,0.10160059923326
MMADHC,0.111409900115842
RIF1,0.0240818393940166
DAPL1,0.109486147301713
TANK,0.130839142651543
GCA,0.13868401412032
CSRNP3,0.0194834860844697
AC016723.4,0.24406594702672
KLHL23,0.104460863326601
AC007405.6,0.0686364828092136
TLK1,0.123365618384856
METTL8,0.0490702433658569
DCAF17,0.0263997392738911
AC093818.1,0.120094105869651
SP3,0.0570445428081098
OLA1,0.388345602599521
SCRN3,0.00509601557672687
GPR155,0.320562058260077
WIPF1,0.0765708524859325
ATF2,0.295122215809827
MTX2,0.135301385524406
PRKRA,0.305379473812421
PLEKHA3,0.127637766509838
UBE2E3,0.249958503428328
NEUROD1,0.114795683435018
NUP35,0.025380438055708
ITGAV,0.103132365684026
GULP1,0.120094105869651
SLC40A1,0.378089359731673
ASNSD1,0.0719342669374375
OSGEPL1,0.0106296311161206
OSGEPL1-AS1,0.0897049640861416
PGAP1,0.0325995320887813
FTCDNL1,0.0746822571439794
C2orf69,0.239384706559762
KCTD18,0.0433368290263763
BZW1,0.0299256365380604
NDUFB3,0.213652875204208
ALS2CR11,0.0581437813297561
SUMO1,0.0546911529618601
NBEAL1,0.714043865937837
INO80D,0.0397844143108468
EEF1B2,0.0763108411182488
ZDBF2,0.0394724548615481
METTL21A,0.218701335719732
PTH2R,0.173728308489758
RPE,0.00146785693369985
CPS1,0.120094105869651
IKZF2,0.0245542738635073
RP11-105N14.1,0.141326739735576
BARD1,0.0408910465454556
ATIC,0.103722757315511
TMEM169,0.0292063556860833
RPL37A,1.11925604784963
SLC11A1,0.0673687743875521
CTDSP1,0.174040020755727
BCS1L,0.0976542048493493
RNF25,0.0544227115938008
ZFAND2B,0.105013464356915
ATG9A,0.212834659409826
GLB1L,0.0889070512364832
STK16,0.345882313102076
PTPRN,0.571180201029433
CHPF,0.116220833502044
OBSL1,0.244780666909491
FARSB,0.525317057534011
SCG2,0.120094105869651
WDFY1,0.0273919824410664
CUL3,0.0288360200481871
COL4A4,0.0700687382817157
AGFG1,0.301724843051577
DNER,0.512099080885728
CAB39,0.536302650691599
NMUR1,0.138059037865888
PTMA,0.277578136289558
PDE6D,0.0186196191907407
DIS3L2,0.0156733157674486
UBE2F,0.0163822966396363
COPS9,0.774762271787313
DUSP28,0.337415231908294
PASK,0.0625228050485329
PPP1R7,0.182848907918573
HDLBP,0.0971580048339453
DTYMK,0.0829878602807728
CNTN4,0.120094105869651
TRNT1,0.0533157507202269
OGG1,0.0339949782790155
TADA3,0.273547605920727
ARPC4,0.0782214954646543
CRELD1,0.222978772576382
BRK1,0.0861916129779712
MKRN2,0.196415833164182
RPL32,1.05340197940428
HDAC11,0.170979781754169
LINC00620,0.120094105869651
LSM3,0.413816860120754
NR2C2,0.0179436422612709
OXNAD1,0.010872830492583
EFHB,0.0829805554418354
UBE2E1,0.450807830337858
RPL15,0.578140484995374
TOP2B,0.0840151223506472
SLC4A7,0.305411654497873
CMC1,0.247360487624057
CRTAP,0.211273363655082
RP11-10C24.3,0.10207865962018
ARPP21,0.120094105869651
DCLK3,0.120094105869651
RPSA,0.751478539964484
MYRIP,0.102486175253552
RPL14,0.861843888232375
TRAK1,0.0406928722013237
CCK,0.120094105869651
LYZL4,0.0897785194950394
HIGD1A,0.378876594100891
ACKR2,0.0795778149147008
KRBOX1,0.220766568061017
POMGNT2,0.00964264035946193
ABHD5,0.000546378839778751
ZKSCAN7,0.0625228050485329
TMEM42,0.0222983873185413
EXOSC7,0.178043326017181
LIMD1,0.120094105869651
KIF9,0.595839968874188
KLHL18,0.162213947982162
DHX30,0.439682049338868
CCDC51,0.0540678393479645
TMA7,1.09788129929601
CELSR3,0.0836870924642962
PRKAR2A-AS1,0.0897785194950394
NDUFAF3,0.0613797527234482
QRICH1,0.0943577283676203
USP19,0.0434865719074869
C3orf62,0.0315909255669417
TCTA,0.17796562098355
BSN-AS2,0.120094105869651
RNF123,0.0440196567386511
SEMA3F,0.183243457691041
SLC38A3,0.392122656652572
NAT6,0.0968968156973361
TUSC2,0.283893446471983
ZMYND10,0.138843673901834
NPRL2,0.0951227181082205
TMEM115,0.0586610643912908
CACNA2D2,0.0969268176554209
C3orf18,0.11015307262251
RBM15B,0.0968254934876166
DCAF1,0.0424584129842116
TEX264,0.55401675724051
PCBP4,0.097583152298406
ABHD14B,0.0622882716284359
ABHD14A,0.154279404836085
RPL29,1.19005379912604
BAP1,0.0240327104514706
SMIM4,0.213816583369559
GNL3,0.0558701539890089
SELENOK,0.789874078620678
ERC2,0.0368529808133345
FAM208A,0.0612433546754899
ARF4-AS1,0.163855514847611
ABHD6,0.0808114136187017
C3orf14,0.16146442103604
THOC7,0.103669350555511
RP11-245J9.6,0.120094105869651
FAM19A4,0.120094105869651
LINC00870,0.0985783382119851
ZNF717,0.0434865719074869
HTR1F,0.134551135940266
DHFR2,0.0485427281558549
RIOX2,0.0088681101483009
CMSS1,0.33308339167551
TBC1D23,0.164463759547155
NIT2,0.0974678381585245
LNP1,0.0307678424684986
IMPG2,0.941064359846582
PCNP,0.758996082981115
ZBTB11-AS1,0.0972456067534097
RPL24,0.856558688063611
LINC00882,0.335474281283616
DUBR,0.0239771518673702
LINC00636,0.120094105869651
CD47,0.0310116890301878
IFT57,0.0363406185845112
KIAA1524,0.0980045825608149
GUCA1C,0.0841659263614878
ABHD10,0.0150858630948937
TAGLN3,0.0855796683785293
SLC35A5,0.0535037809090935
GTPBP8,0.202954083831053
NEPRO,0.00769590871260723
NAA50,0.0809304199180371
B4GALT4,0.145306629614269
TMEM39A,0.174214454247733
TIMMDC1,0.129342202101509
ADPRH,0.0858315895802797
COX17,1.04095895936711
NDUFB4,0.374085961025775
CCDC58,0.206644717808424
WDR5B,0.0585214248037913
RP11-299J3.8,0.0523854468807272
PDIA5,0.0495051529633368
SEC22A,0.0982546777054416
MYLK,0.0784794551097436
UMPS,0.0214399268901842
HEG1,0.0706851207090166
SNX4,0.245602591264805
SLC41A3,0.108921656383937
CHCHD6,0.207154830333948
KBTBD12,0.120094105869651
RPN1,0.00809671445604034
RHO,0.63402477359268
ATP2C1,0.0105476884714009
RP11-39E3.3,1.63082184790238
ASTE1,0.148552055905579
TMEM108,0.186644690250947
SRPRB,0.0707980801231567
RAB6B,0.111950296377013
RYK,0.010872830492583
ANAPC13,0.380862028872691
RP11-731C17.2,0.0757542642176904
MRAS,0.0219151893114777
FAIM,0.247239492516179
RP11-442N1.2,0.114587674973946
RP11-442N1.1,1.02579860341926
RNF7,0.465860274274823
PLS1,0.183620169473166
TRPC1,0.19640840972541
PAQR9-AS1,0.0892667688249193
CHST2,0.185374339740348
PFN2,0.192386471349233
EIF2A,0.00875174129597214
SELENOT,0.0765898925926118
RP11-305K5.1,0.110365367893244
SSR3,0.410647554413021
TIPARP-AS1,0.103490207382552
LEKR1,0.0730722380985453
RP11-538P18.2,0.118625941748835
MFSD1,0.149574357290403
IFT80,0.31329953280338
PPM1L,0.0595529696314791
B3GALNT1,0.297647677005613
NMD3,0.118244531580379
PDCD10,0.102404975335956
SERPINI1,0.0373043471157498
SEC62,0.0607670093709526
GPR160,0.178260414075752
SKIL,0.0522549327376967
SLC7A14,0.120094105869651
RPL22L1,0.0512259595740067
RP11-185E8.1,0.231520917992341
NCEH1,0.0227290401285719
NAALADL2,0.0764385298141842
TBL1XR1,0.140337853224726
ZNF639,0.0776527652762724
NDUFB5,0.476648459903273
FXR1,0.123958762541333
DNAJC19,0.0592610354250092
DCUN1D1,0.0702007678834054
MCCC1,0.17796562098355
DVL3,0.102568091494606
FAM131A,0.0231243238175756
POLR2H,0.0881065525601533
C3orf70,0.059575348684345
DNAJB11,0.0170380172315987
FGF12,0.120094105869651
ATP13A4,0.205289579440433
ATP13A3,0.0182077549891121
TMEM44-AS1,0.0719070192266409
TFRC,0.162485214666472
TCTEX1D2,0.651370856956734
LINC01063,0.283179302405703
PIGX,0.342656133157661
NCBP2,0.110341090748717
PIGZ,0.068467688672945
RPL35A,0.84903363068235
ZNF721,0.122690724012474
ATP5I,1.16441831255439
PCGF3,0.0156905789825695
RNF212,0.0147084106102494
CTBP1,0.232141887660255
LETM1,0.00202202408342032
C4orf48,0.198503222738336
HAUS3,0.0107870726622416
ZFYVE28,0.117583641138745
RNF4,0.0802323293100795
TNIP2,0.151679587228582
SH3BP2,0.120094105869651
MSANTD1,0.120094105869651
LYAR,0.0562667993803309
STX18,0.301806799099096
MRFAP1,0.0960589116207775
AC093323.3,0.00316086285125525
MRFAP1L1,0.124232839178253
TBC1D14,0.0338798174915783
RP11-367J11.3,0.0855796683785293
RP11-774O3.3,0.0910635665306249
TRMT44,0.0747976675418398
RAB28,0.308510155547666
CC2D2A,0.117645773673441
FAM200B,0.0862906730755914
PROM1,0.435502650129455
MED28,0.0357313500293039
KCNIP4,0.0901504489011943
CCDC149,0.0503382688553562
SMIM20,0.345372372233904
RPL9,0.741303995971008
UGDH,0.0204236696029043
SMIM14,0.0208423643326074
RP11-539G18.3,0.0524287027249207
UCHL1,0.0762039885425364
GUF1,0.255630801644378
GNPDA2,0.403335225624346
CNGA1,0.236802179751952
OCIAD2,0.310103115314777
PAICS,0.0540678393479645
HOPX,0.0930651325517768
UBA6-AS1,0.039393193121503
RP11-46J23.1,0.120094105869651
MOB1B,0.056215624817396
DCK,0.168147473551065
BTC,0.0286361958883038
RCHY1,0.310664968614618
NAAA,0.105344772583553
SDAD1,0.0152684454038485
CCNG2,0.0608921696287281
MRPL1,0.347522229793626
FRAS1,0.231520917992341
PCAT4,1.56581467178885
RASGEF1B,0.219443936179155
RP11-127B20.3,0.269784033088466
THAP9-AS1,0.191255732907375
THAP9,0.18610906926667
FAM175A,0.215921566082399
CDS1,0.10578511367033
MAPK10,0.0974420439975808
SPP1,0.193687981651979
PYURF,0.0316639220114096
FAM13A,0.0447728080139689
TIGD2,0.0200327324898737
GPRIN3,0.227726625725197
SNCA,0.120094105869651
SMARCAD1,0.036692493386767
UNC5C,0.0596476469044551
RAP1GDS1,0.0304627418043624
RP11-1299A16.3,0.00270465605433707
EIF4E,0.198901545289315
METAP1,0.0420695940048263
LAMTOR3,0.318667600780314
H2AFZ,0.123219829369749
RP11-499E18.1,0.097569698382027
UBE2D3,0.408037641537109
RP11-10L12.4,0.188207402094738
CISD2,0.191644859595225
SLC9B1,0.0479982230780508
SLC9B2,0.0595529696314791
PPA2,0.0849452869476657
RPL34,1.15972315595595
OSTC,0.0951501152209618
MCUB,0.120094105869651
GAR1,0.0196528754073054
LRIT3,0.0286290426121548
TRAM1L1,0.0700762308930465
SNHG8,0.323681873524933
BBS7,0.146365818424153
TRPC3,0.230307298520925
BBS12,0.137949391996238
NUDT6,0.0927035842992855
PGRMC2,0.224280731323667
RP11-130C6.1,0.120094105869651
C4orf33,0.149676576007945
NDUFC1,0.50853533893695
SCOC,0.266550616965464
CLGN,0.111957776219719
TBC1D9,0.0587332722718712
ZNF330,0.000854777113521395
USP38,0.0231991645218516
ANAPC10,0.00246383752091816
MMAA,0.0777063750595673
LSM6,0.0938602423587313
DCLK2,0.0777063750595673
RPS3A,0.679056566008364
DKFZP434I0714,0.232133358338933
GLRB,0.120094105869651
C4orf46,0.286263678742469
FNIP2,0.123893650213417
FSTL5,0.941796006582037
NPY1R,0.11278518982613
CPE,1.20037935555067
NEK1,0.0829878602807728
RP11-6E9.5,1.70955775095905
HMGB2,0.0443741334405455
SPATA4,0.0546842953989163
WWC2-AS1,0.0542568339981983
PRIMPOL,0.265002342260107
ACSL1,0.101158128299277
C4orf47,0.262775019363237
CCDC110,0.0397383350916115
CCDC127,0.11257846554024
PDCD6,0.0850809770776299
MRPL36,0.154079729836106
NDUFS6,0.85627788601299
C5orf49,0.0248236059385205
MTRR,0.00438800012693462
FASTKD3,0.0466366754763092
MIR4458HG,0.138434427480057
CTD-2256P15.2,0.175379106411765
ROPN1L,0.0596787989616733
OTULIN,0.0552874684545187
BASP1,0.172337676758877
PDZD2,0.0331730408758333
GOLPH3,0.168309371038834
SUB1,0.205900423002539
CTD-2517O10.6,0.237742230997967
NUP155,0.0390075972037331
LIFR,0.165329527562756
TTC33,0.105878802099065
RPL37,1.65884257361766
FBXO4,0.0708635889711578
NIM1K,0.135981085986198
HMGCS1,0.125508416516967
TMEM267,0.116465264838192
PAIP1,0.162832863669728
NNT,0.405838033549037
MRPS30,0.00989820567445187
CTD-2314G24.2,0.120094105869651
NDUFS4,0.395306670858297
CCNO,0.120094105869651
SLC38A9,0.115814812249625
IL6ST,0.0813746015437614
SETD9,0.0992691476390102
RAB3C,0.038307292664472
PDE4D,0.0203999738314193
NDUFAF2,0.524731517997886
SREK1IP1,0.161904881299342
NLN,0.120094105869651
SLC30A5,0.103767632303242
CENPH,0.0551001743523706
MRPS36,0.362578842321291
AK6,0.111548911047399
GTF2H2C,0.0935323067646783
MAP1B,0.309973720901022
FCHO2,0.0368529808133345
RP11-79P5.9,0.013727859098817
GFM2,0.0134689959750423
NSA2,0.0215622460661193
HMGCR,0.0123337375480903
POC5,0.161386449465528
F2RL2,0.0932284906423618
F2RL1,0.106104659952119
WDR41,0.273770107661807
TBCA,0.213256672974144
SCAMP1-AS1,0.0395819925347472
SCAMP1,0.00207966425211601
ARSB,0.0897049640861416
MTX3,0.0643455811761541
FAM151B,0.103894232223332
DHFR,0.0787123129452519
MSH3,0.092009927102455
CTD-2249K22.1,0.120094105869651
ATG10,0.157565971463151
RPS23,0.722718908805855
TMEM167A,0.16550860934298
XRCC4,0.122299642615273
COX7C,0.387500402888978
TMEM161B,0.00507941350315729
TMEM161B-AS1,0.133803632009933
LYSMD3,0.0645173612024358
RFESD,0.0514913793999929
CAST,0.00479402137935358
ERAP1,0.059771410097753
LIX1,0.0988132301522741
GIN1,0.175342438562037
LINC02115,0.096943745080178
NUDT12,0.383071533048753
LINC01023,0.152403030499115
NREP,0.257442882923869
EPB41L4A-AS2,0.120094105869651
REEP5,0.0349963931744249
TRIM36,0.354500534282254
AP3S1,0.236909777640895
COMMD10,0.284311358881058
CEP120,0.00500701356281983
C5orf63,0.130475230009703
PRRC1,0.0966931577969694
LINC01184,0.0784106106167871
HINT1,0.393518654186267
CDC42SE2,0.0338798174915783
SEPT8,0.123883939820052
UQCRQ,1.3216532113673
CTB-113I20.2,0.117850758717833
CDKL3,0.209036955835338
CDKN2AIPNL,0.426284360752022
JADE2,0.0332697409768414
PCBD2,0.162643185091461
CATSPER3,0.0909912457690347
KLHL3,0.048587989504519
REEP2,0.419356199696167
PAIP2,0.040238834995631
SPATA24,0.207316528769586
IGIP,0.0245542738635073
CYSTM1,0.234215173399562
PFDN1,0.149035064691388
NDUFA2,0.440099528235983
WDR55,0.0353577009908137
HARS,0.121425546476642
ZMAT2,0.0612683966513277
PCDHA12,0.0985783382119851
RELL2,0.040207195834042
KIAA0141,0.003120605551607
RNF14,0.0631046291251814
AC005592.3,0.204669491027431
PRELID2,0.0628084455796173
FBXO38,0.0439462072413193
RP11-331K21.1,0.234891316999549
RPS14,0.710187535061822
ANXA6,0.0160172301476133
ATOX1,0.00261960711103621
MRPL22,0.037235357346496
MED7,0.119250564425137
CCNG1,0.0311901850754954
NUDCD2,0.0402084557121835
WWC1,0.0859587507990618
PANK3,0.0120995250047368
ERGIC1,0.00206808180252933
BNIP1,0.122421274030391
BOD1,0.289979130486596
HMP19,0.120094105869651
KIAA1191,0.0799398450856682
HIGD2A,0.12484117555183
CLTB,0.0700836189418491
GPRIN1,0.0988132301522741
SNCB,0.246394227346042
EIF4E1B,0.0238988211915105
ZNF346,0.0402527751058921
PRELID1,0.041729308202138
F12,0.120094105869651
GRK6,0.0721719301316446
PRR7,0.0432393318582026
B4GALT7,0.155025850059182
NHP2,0.31147395461432
GRM6,0.120094105869651
RUFY1,0.0088984099446446
CANX,0.767933784151977
SQSTM1,0.119658056008756
MRNIP,0.146935711923158
CTC-241N9.1,0.00812972495991167
RNF130,0.0145033108304794
MAPK9,0.0449704526103218
CTB-129O4.1,0.106794399429061
MGAT1,0.000935962036957849
LINC00847,0.0872588966138293
ZFP62,0.177649586081783
CTC-338M12.5,0.666069018690452
TRIM41,0.0993381687774744
RACK1,0.528073502848389
DUSP22,0.0505082840911361
SERPINB9,0.0806234119242055
NQO2,0.0650000702560535
RP1-40E16.12,0.0686364828092136
BPHL,0.0581437813297561
PSMG4,0.283120578577991
CDYL,0.0230788411267483
LYRM4,0.0106358708271528
F13A1,0.120094105869651
BLOC1S5,0.107309573792402
SLC35B3,0.0315909255669417
C6orf52,0.108017124056465
TMEM14B,0.430335534849814
SMIM13,0.0368529808133345
TMEM170B,0.0496250206290218
RP11-456H18.2,0.0479982230780508
SIRT5,0.114951504175335
NOL7,0.0971644076160469
RANBP9,0.00861152931081732
MCUR1,0.399997554269737
DTNBP1,0.0398600943339647
RP1-151F17.1,0.120094105869651
KIF13A,0.0892825973737243
KDM1B,0.129634567111802
RP4-625H18.2,0.120094105869651
E2F3,0.0664691667544554
PRL,0.0994845654771951
C6orf62,0.240473896156347
HIST1H1C,0.331473032640215
HMGN4,0.231520917992341
ZSCAN16-AS1,0.897090465889296
ZKSCAN8,0.0568531221701561
ZSCAN31,0.0350091364378447
ZBED9,0.0969268176554209
GABBR1,0.163855514847611
HLA-A,0.0770479504784252
HCG17,0.104837220133003
RPP21,0.0127550616026824
ATAT1,0.00185232165108723
TUBB,0.0443973542246536
XXbac-BPG252P9.10,0.171105611084364
ATP6V1G2,0.00936827597257237
NFKBIL1,0.0151651675584423
PRRC2A,0.135678533135342
DDAH2,0.464823857551068
VARS,0.0596787989616733
LSM2,0.180817236602064
C6orf48,0.876475106495399
DXO,0.0457127861452647
PPT2,0.0231243238175756
AGPAT1,0.213935620897608
PBX2,0.0540360454450321
HSD17B8,0.449543276350137
HCG25,0.120094105869651
RPS18,0.52889411520513
RGL2,0.0607282498676029
TAPBP,0.0114890355678584
DAXX,1.47187159051051
CUTA,0.155919020001828
BAK1,0.179215512543022
UQCC2,0.495980554696023
LEMD2,0.01832310124167
HMGA1,0.4523435864868
C6orf1,0.0775629312266746
RPS10,0.317915050339941
PACSIN1,0.12752484257034
RP11-140K17.3,0.0333863295849567
SNRPC,0.194325186132329
TAF11,0.0443101204732663
RPL10A,0.731872519896075
TULP1,0.302537398157416
MAPK14,0.0846555729926498
BRPF3,0.0764385298141842
PPIL1,0.130190516214065
CMTR1,0.040207195834042
CCDC167,0.210646378851624
ZFAND3,0.128486868694404
GLO1,0.0542049074718584
LRFN2,0.0808114136187017
OARD1,0.109338521978653
FOXP4,0.220855425048046
FRS3,0.0640343673900458
MED20,0.0746822571439794
TAF8,0.0751572626674654
GLTSCR1L,0.136517964034096
C6orf226,0.134499688084717
CNPY3,0.169453694247909
MEA1,0.0430951792943024
KLHDC3,0.21794201742455
CUL7,0.0972456067534097
MRPL2,0.0347966532836797
DNPH1,0.567323064942634
TJAP1,0.0156905789825695
POLH,0.0721463194296741
RSPH9,0.120094105869651
RP5-1120P11.1,0.293276578326627
MRPL14,0.457845107882956
TMEM63B,0.548548278461296
RP11-385F7.1,0.0419122977540616
TMEM14A,0.0249225767271012
GSTA4,0.078963969804096
ELOVL5,0.158909906594954
XXbac-BPGBPG55C20.2,0.00324446546358026
XXbac-BPGBPG55C20.4,0.0985031444006809
PTP4A1,0.222447275059733
SDHAF4,0.0079615033528186
OGFRL1,0.120094105869651
RP11-398K22.12,0.105949549425097
EEF1A1,0.62141348112076
COX7A2,0.837325061920489
TMEM30A,0.420180488569042
RP1-234P15.4,0.0980045825608149
IMPG1,2.23965260766704
HMGN3,0.250413656512667
TTK,0.21385351485115
RIPPLY2,0.146213560770655
SNX14,0.118877274342821
RP11-393I2.4,0.0466366754763092
SMIM8,0.025577856707533
RARS2,0.296967270678165
ORC3,0.0415292283020969
AKIRIN2,0.0201440898589239
PNRC1,0.525990057078668
MANEA,0.189514883111494
TSTD3,0.175064621646954
HACE1,0.0648576325797971
LIN28B,0.0938627673177427
ATG5,0.10289634437192
C6orf203,0.133337401206714
SEC63,0.0296039558222716
SNX3,0.251951631872227
CEP57L1,0.0554167651873416
CD164,0.102536202336487
PPIL6,0.00936827597257237
MICAL1,0.0524287027249207
FIG4,0.12711739110526
AMD1,0.0118801492809206
GTF3C6,0.164068494723211
RPF2,0.0364494418886862
TRAF3IP2-AS1,0.115814812249625
TUBE1,0.0844599997648935
MARCKS,0.0980045825608149
HDAC2,0.0245140032365587
RWDD1,0.0389683760640796
NUS1,0.281295730496214
SERINC1,0.417393182810514
PKIB,0.157676961989258
FABP7,0.00245134189643086
SMPDL3A,0.337371695773608
HDDC2,0.0583209469709067
HINT3,0.24684186458642
ECHDC1,0.113426959308778
TMEM244,0.0996473382556256
RPS12,1.04637080170472
LINC00271,0.0676936559988722
REPS1,0.113279133773777
HECA,0.104603885916091
VTA1,0.127279885109234
RP11-545I5.3,0.0423916869084053
TAB2,0.0466366754763092
LRP11,0.0449704526103218
RMND1,0.102568091494606
FBXO5,0.126562031019407
RP11-477D19.2,0.0870764106156459
GTF2H5,0.519030574294349
DYNLT1,0.0278095112385358
RSPH3,0.0300656871791513
RP1-111C20.4,0.120094105869651
MRPL18,0.390273269040489
QKI,0.0306608306026907
SFT2D1,0.337885430865749
RNASET2,0.110337759345378
ERMARD,0.0231991645218516
SUN1,0.107857656173382
COX19,0.0820332309013309
C7orf50,0.207027432903299
ZFAND2A,0.186112946481059
AC091729.9,0.210679048323367
INTS1,0.0286218766245236
PSMG3,0.160705316688365
MRM2,0.169854613716867
SNX8,0.0200593826030579
AP5Z1,0.070656838113046
PMS2,0.209913339287778
DAGLB,0.0840569095340213
ZDHHC4,0.212583800707774
RP5-1159O4.2,0.0241995676907447
MIOS,0.0233160952465536
RPA3,0.0139239770444611
AC009473.1,0.231520917992341
NDUFA4,0.627333540341792
RP5-855F16.1,0.120094105869651
AC005550.3,0.193517959722708
SP4,0.364478609939024
TOMM7,0.651823514906447
MALSU1,0.151884776285204
CCDC126,0.00304586776879653
CYCS,0.125488957117247
NPVF,0.205121918161957
HIBADH,0.0464473757577662
FKBP14,0.025380438055708
PDE1C,0.120094105869651
LSM5,0.455678078164324
RP9,0.221313213237668
BBS9,0.0214069182834048
DPY19L1,0.159412066326172
KIAA0895,0.00812972495991167
EPDR1,0.158063487599
STARD3NL,0.0154867150014908
PSMA2,0.129407164194335
MRPL32,0.0548743744565908
STK17A,0.108802130698242
BLVRA,0.00799214324416566
URGCP,0.0420947087385897
UBE2D4,0.158031629210645
LINC00957,0.0523854468807272
PGAM2,0.120094105869651
TMED4,0.081322049297526
H2AFV,0.0753004473204341
LINC01952,0.0997494528835946
PURB,0.0374744702509925
SNHG15,0.285855264175733
CCM2,0.10129780428127
NACAD,0.120094105869651
ZPBP,0.458665689492033
SEC61G,0.296245236639439
GBAS,0.0696655620337876
PSPH,0.0751473811484093
SUMF2,0.143036078850395
CHCHD2,0.0225641812514649
RP11-340I6.8,0.120094105869651
ZNF736,0.0751572626674654
ZNF138,0.00394601120524081
ERV3-1,0.0879039836809318
GUSB,0.068467688672945
CRCP,0.0200911198327554
GS1-124K5.4,0.493315112937826
RP11-792A8.4,0.254699557153556
TMEM248,0.0976015609337813
LINC01372,0.120094105869651
BCL7B,0.413346702736535
GTF2IRD2B,0.0361251229960999
CCL26,0.0949013332861801
POR,0.153468942826017
YWHAG,0.0769867428711233
DTX2,0.0676936559988722
POMZP3,0.148279792936025
APTR,0.191213096276259
SEMA3A,0.232086762088131
SEMA3D,0.0490702433658569
AC005076.5,0.140048688747214
TMEM243,0.0293900649241207
TP53TG1,0.0760020022690962
DBF4,0.003120605551607
ADAM22,0.0878023809926755
SRI,0.00559270236953165
AKAP9,0.400060436436414
CYP51A1,0.0975205996015052
VPS50,0.137826551396581
GNGT1,0.822401320807468
TFPI2,0.223632815541434
AC002076.10,0.0885600546607868
BET1,0.165193442529729
SGCE,0.0919963540767783
PEG10,0.0980462794156122
SEM1,0.454948997900815
SDHAF3,0.0608793948842328
ARPC1A,0.0705346271976921
PDAP1,0.0641321196548676
BUD31,0.106508070340423
ATP5J2,0.64675656375616
ZNF789,0.0893760061831733
ZNF3,0.00969705156184492
MBLAC1,0.0874783326783634
LAMTOR4,0.537634263045733
ZCWPW1,0.0523854468807272
TSC22D4,0.117940481801853
SAP25,0.0599788976153343
MOSPD3,0.0499803779156068
NAT16,0.120094105869651
ZNHIT1,0.0203278211375176
CLDN15,0.0143523076593726
IFT22,0.487916036626757
PRKRIP1,0.0898088272083101
ALKBH4,0.0413041052071749
POLR2J,0.216421984681269
UPK3BL,0.120094105869651
ARMC10,0.319698234642285
LHFPL3,0.0595529696314791
PRKAR2B,0.244081959714505
BCAP29,0.252094146794011
AC002467.7,0.0240327104514706
DLD,0.22574041992665
PNPLA8,0.0546031918108767
IMMP2L,0.0866892933570955
IFRD1,0.0753406871384383
BMT2,0.0274168617791443
LINC00998,0.408807970698672
TES,0.144864616318999
CAV2,0.109428612925356
NDUFA5,0.47045930518971
RP11-390E23.6,0.284277650601365
ARF5,0.418457173921429
SND1,0.157100745588509
HILPDA,0.131949077171852
RP11-212P7.2,0.106021155371506
ATP6V1F,0.491466092340152
TNPO3,0.0441539769377793
RP11-448A19.1,0.096290851870481
ZC3HC1,0.147432978043187
KLHDC10,0.0198667757329101
LINC-PINT,0.0605582148129308
RP11-38M8.1,0.0317040041531413
C7orf73,0.152205775494854
CREB3L2,0.0538196377800922
SVOPL,0.108870869547145
TTC26,0.0332697409768414
FMC1,0.504758794531253
MKRN1,0.288235596593115
ADCK2,0.059771410097753
NDUFB2,0.266925570801691
MRPS33,0.193698001652401
AGK,0.0433140904934839
GSTK1,0.0254018166541491
ARHGEF35,0.0968968156973361
RP4-545C24.1,0.120094105869651
TPK1,0.0490702433658569
CNTNAP2,0.120094105869651
RP5-1136G13.2,0.108870869547145
CUL1,0.00896664946515962
GHET1,0.120094105869651
ZNF786,0.0559351683307558
ZNF398,0.0596787989616733
ATP6V0E2-AS1,0.0187061838389487
ATP6V0E2,0.185679675040159
LRRC61,0.355252644953192
SLC4A2,0.0599788976153343
TMUB1,0.216266825890913
SMARCD3,0.187865341936874
PAXIP1,0.0559351683307558
PAXIP1-AS1,0.0331586122691903
LINC01006,0.00799214324416566
LMBR1,0.0992691476390102
DNAJB6,0.427686058007628
SLC25A6,0.0554960608886089
ASMTL,0.134680451675658
ASMT,0.120094105869651
NLGN4X,0.199229193115366
PUDP,0.0231243238175756
PNPLA4,0.675824909812746
TMSB4X,0.0605582148129308
TCEANC,0.0193523247067643
RAB9A,0.415353274576464
GEMIN8,0.225055934713573
MOSPD2,0.0490702433658569
PIR,0.0455538732589638
AP1S2,0.768474623180359
SCML2,0.0892148153814245
RS1,0.469070845183683
CXorf23,0.251561014541534
MAP7D2,0.136740639452768
EIF1AX,0.104473027974596
RPS6KA3,0.0433368290263763
SMS,0.739494110617227
PRDX4,0.184143952871288
APOO,0.0161510964900904
KLHL15,0.0794636756477407
DYNLT3,0.594435615906811
ATP6AP2,0.467940187658432
USP9X,0.118314538238284
PPP1R2P9,0.120094105869651
FUNDC1,0.18116580573514
KDM6A,0.022553462007577
NDUFB11,0.190555745567366
RBM10,0.00969705156184492
CDK16,0.0350160061894207
ELK1,0.0476059260414736
FTSJ1,0.0338798174915783
PORCN,0.136517964034096
EBP,0.0047653243648787
GLOD5,0.0476059260414736
PCSK1N,0.0197510685199356
TIMM17B,0.337049309991622
PIM2,0.0808923382290964
CCDC120,0.120094105869651
GPKOW,0.0278325693216669
CACNA1F,0.182655357339898
CCDC22,0.0427538867555933
RIBC1,0.433670123147798
HSD17B10,0.0708635889711578
HUWE1,0.011393803219904
FAM120C,0.0521338437710443
TSR2,0.272370734226151
GNL3L,0.0547978120993199
FAM104B,0.570441681859341
NBDY,0.500812258363401
ARR3,0.264460845351227
KIF4A,0.120094105869651
SNX12,0.0316858670104703
FOXO4,0.120094105869651
MED12,0.0870764106156459
LINC00891,0.0757894163864213
NHSL2,0.0930651325517768
PIN4,0.281588407685108
RPS4X,1.02239082430847
CHIC1,0.0684775836135797
UPRT,0.0187061838389487
ZDHHC15,0.0989803510389126
PBDC1,0.150689223822958
COX7B,0.724707670921553
TAF9B,0.22091945969499
HMGN5,0.10203957057127
RPL36A,1.13067663653544
ARMCX6,0.0599788976153343
ARMCX3,0.0258595157157156
TCEAL2,0.157565971463151
BEX5,0.210646378851624
BHLHB9,0.0397383350916115
BEX1,0.275070723326782
BEX2,0.246728815153232
BEX3,0.0327143181820808
MORF4L2,0.231028850356737
TMSB15B,0.120094105869651
PSMD10,0.135508958536988
GUCY2F,0.0182077549891121
ALG13,0.108921656383937
WDR44,0.0286218766245236
SOWAHD,0.0730722380985453
RPL39,1.59018741734358
NDUFA1,0.510748892866693
ZBTB33,0.0808114136187017
LAMP2,0.063066374352142
MCTS1,0.125972095142304
C1GALT1C1,0.249483632270001
RP1-315G1.3,0.293276578326627
AIFM1,0.0596794355612811
ZNF280C,0.10878200882639
SLC25A14,0.0369296906130605
ENOX2,0.0339487582262041
RAP2C,0.0306608306026907
HPRT1,0.468579158063188
FAM122B,0.0693123290256338
MOSPD1,0.130361022508795
FAM127C,0.127918660449932
FAM127B,0.420093840772749
SMIM10L2B,0.120094105869651
INTS6L,0.0858315895802797
SLC9A6,0.0361251229960999
MAP7D3,0.155446468861341
FGF13,0.0855796683785293
CDR1,0.0664405902598761
CDR1-AS,0.0826919419453141
CXorf40A,0.00809671445604034
CXorf40B,0.0996376602629433
CD99L2,0.264839154566978
NSDHL,0.00270899959559969
FAM58A,0.0571212878500505
RP11-66N11.8,0.174328201035989
PNCK,0.128408025885804
SLC6A8,0.114587674973946
BCAP31,0.111267867625898
HCFC1-AS1,0.120094105869651
RPL10,0.779909365735752
CH17-340M24.3,0.595579194231054
ATP6AP1,0.428628229287829
LAGE3,0.171163812210892
SLC10A3,0.094168072576649
F8,0.0446645049699733
CMC4,0.231520917992341
BRCC3,0.0506228114417392
VBP1,0.184833502991497
ZNF596,0.00591134110640214
TDRP,0.115814812249625
CTD-2336O2.1,0.208415054653538
RP11-115C21.2,0.0250970588737913
AGPAT5,0.0651377726814829
AF131216.5,0.707356541185808
NEIL2,0.00979918854867634
FAM86B1,0.0766911903532902
RP11-351I21.11,0.120094105869651
TUSC3,0.235840689259174
ZDHHC2,0.433214197999395
SLC7A2,0.0692543132983183
ASAH1,0.0866867697319787
LZTS1,0.0663703758148202
XPO7,0.0993381687774744
NPM2,0.0858315895802797
FAM160B2,0.0248236059385205
REEP4,0.192238225741392
POLR3D,0.100667123246896
SLC39A14,0.0568531221701561
PDLIM2,0.177867402382566
BIN3,0.0127244992616895
CHMP7,0.00185232165108723
NEFL,0.238589766507222
BNIP3L,0.245349961054511
STMN4,0.120094105869651
CLU,0.206532340174634
ELP3,0.0341142797787736
FBXO16,0.02909978631832
SARAF,0.579432317467081
LEPROTL1,0.105541696832928
RP11-51J9.5,0.0147084106102494
PURG,0.120094105869651
TTI2,0.138843673901834
ERLIN2,0.139986083890384
PROSC,0.372471238241842
RP11-350N15.5,0.0980045825608149
GOLGA7,0.420329416925321
RP11-360L9.4,0.120094105869651
POLB,0.0156905789825695
SPIDR,0.0973883607679134
MCM4,0.114587674973946
UBE2V2,0.217576721729008
LYPLA1,0.0666843092577779
MRPL15,0.0630922768219457
TMEM68,0.0256694424037571
RPS20,0.416685767055348
CHCHD7,0.244869155309845
UBXN2B,0.0854426874849028
YTHDF3-AS1,0.499524672680216
YTHDF3,0.0808577288855865
ARMC1,0.0108628764502752
MTFR1,0.0191671241774796
VCPIP1,0.0811236865422945
MCMDC2,0.0781186219960827
TRAM1,0.376862220717433
RPL7,0.703730865601839
PEX2,0.224891282243877
STMN2,0.0719936289910635
HEY1,0.0992691476390102
MRPS28,0.236788698414878
RP11-92K15.3,0.078963969804096
TPD52,0.156496000231969
ZBTB10,0.134551135940266
FABP12,0.0800620920127696
ZFAND1,0.0164029136876985
C8orf59,0.250431803986652
CA13,0.143017737689632
ATP6V0D2,0.173948697702935
OSGIN2,0.0819735154669578
OTUD6B-AS1,0.197125847313599
OTUD6B,0.010872830492583
PDP1,0.0338798174915783
RAD54B,0.0405445143957943
FSBP,0.00316889124492233
DPY19L4,0.252181944486142
TP53INP1,0.0594463147671386
PLEKHF2,0.0122802679621678
C8orf37,0.149385013067346
UQCRB,0.943500556773388
MTERF3,0.0628917305826784
CPQ,0.0794127394026712
MATN2,0.120831716272917
RPL30,0.937205589504056
RIDA,0.0844189328271371
POP1,0.0317040041531413
STK3,0.0699194201116257
RP11-410L14.2,0.100516223828212
VPS13B,0.0256828487039714
COX6C,0.052703515463437
POLR2K,0.779058816276425
ANKRD46,0.120790414273324
SNX31,0.120094105869651
PABPC1,0.350714137819406
YWHAZ,0.364480853818111
AZIN1-AS1,0.00812972495991167
SLC25A32,0.00399194512465746
RP11-1C8.7,0.0949013332861801
RP11-1C8.4,0.120094105869651
LRP12,0.0668081890849909
EIF3E,0.950510023964088
TMEM74,0.0486726137052979
TRPS1,0.0200578697143215
EIF3H,0.69194466752756
MED30,0.197582991452038
TAF2,0.0903752259993876
MRPL13,0.0998529222384548
TBC1D31,0.170979781754169
C8orf76,0.115814812249625
ZHX1,0.272768100741208
WDYHV1,0.188880869165785
NDUFB9,0.371539974489969
FAM84B,0.0841659263614878
KHDRBS3,0.0910635665306249
TRAPPC9,0.0279667167314281
CTD-3064M3.4,0.100043916506225
PTP4A3,0.164287358012098
THEM6,0.0240327104514706
RP11-273G15.2,0.120094105869651
MINCR,0.067204709097464
RHPN1-AS1,0.105498527012476
MROH6,0.120094105869651
EEF1D,0.0136861288329527
PYCRL,0.135981085986198
TSTA3,0.101561785139402
FAM83H,0.120094105869651
PARP10,0.00316086285125525
GPAA1,0.0690384297990288
MAF1,0.0188240912609391
SLC52A2,0.0133767745345932
VPS28,0.269533436162989
KIFC2,0.106929489590993
PPP1R16A,0.0932341217763459
MFSD3,0.0219151893114777
LRRC24,0.243652428346234
C8orf82,0.234628248252973
ZNF34,0.0390075972037331
RPL8,0.799495521332019
ZNF7,0.00986259077994047
COMMD5,0.0974250681623915
C8orf33,0.251626988270507
WASHC1,0.192602234521296
FAM138C,0.532940507222652
CBWD1,0.238876341396395
CDC37L1,0.301350892659736
ERMP1,0.120094105869651
RP11-390F4.3,0.059771410097753
TMEM261,0.0964918742864473
LURAP1L,0.203456170005516
SH3GL2,0.00785164213691863
RP11-513M16.7,0.120094105869651
RPS6,1.22028983583639
CDKN2B,0.218551464836626
TOPORS-AS1,0.726444328756771
NDUFB6,0.0393267970522575
SMU1,0.117996369675445
B4GALT1,0.0834826409314821
B4GALT1-AS1,0.191859730917265
SPINK4,0.779083354680188
BAG1,0.627245436371495
CHMP5,0.141409132741563
PTENP1-AS,0.407874528017169
RP11-384P7.7,0.171776045823467
DCAF12,0.173218103160999
UBAP1,0.0481006388390231
NUDT2,0.0955218592939835
FAM219A,0.0733853377645155
DCTN3,0.0556471941748611
RP11-195F19.5,0.0775622396783455
FANCG,0.084989266903489
STOML2,0.188052393474407
TLN1,0.114587674973946
CREB3,0.109848372675411
SPAG8,0.188880869165785
HINT2,0.137146287066034
ZCCHC7,0.170903015089668
GRHPR,0.02513628265966
TOMM5,0.0757236860118747
TRMT10B,0.195121413887158
SLC25A51,0.048137499917314
CBWD7,0.0596476469044551
RP11-211N8.2,0.0909912457690347
ZNF658,0.0554658806232431
RP11-88I18.2,0.0331446811599346
APBA1,0.103894232223332
PTAR1,0.0476847972206354
ABHD17B,0.116244936172979
OSTF1,0.372400685086393
GKAP1,0.02088065355507
ISCA1,0.113721280536445
CTSL,0.216484271275088
CDK20,0.0250033230600659
CKS2,0.0612854623922734
NOL8,0.040441944814579
CENPP,0.109428612925356
BICD2,0.0677887004203322
SUSD3,0.132002488698344
CARD19,0.0628169133629626
FAM120AOS,0.147329333655421
PTCH1,0.084357073264449
ZNF367,0.120094105869651
HABP4,0.0219151893114777
AAED1,0.0890915579710828
CTSV,0.0566123101161199
RP11-498P14.5,0.0764385298141842
ANKS6,0.120094105869651
SEC61B,0.216084946853696
MRPL50,0.0905652387405306
ZNF189,0.0475141927287616
SLC44A1,0.0341345471075045
IKBKAP,0.0123337375480903
PTGR1,0.216484271275088
INIP,0.0243754680585773
SLC31A1,0.0241995676907447
PRPF4,0.140893480475741
RNF183,0.120094105869651
BSPRY,0.108870869547145
RGS3,0.0618292633560692
ASTN2,0.0596787989616733
FBXW2,0.0166500778077026
PHF19,0.139393528854118
NDUFA8,0.0489185783313184
MORN5,0.442649337340382
RBM18,0.155829258596272
PDCL,0.0756894643876488
CRB2,0.0367488230937147
PSMB7,0.0425201607463144
RPL35,1.04666258455803
PPP6C,0.13651541481114
RABEPK,0.0789716659268928
HSPA5,0.497594727670296
PBX3,0.168897857176574
ZBTB34,0.171002160807035
RPL12,1.38189421761703
TOR2A,0.201757976254914
SH2D3C,0.0859587507990618
AK1,0.233269621627634
ST6GALNAC6,0.131486194725748
DPM2,0.0567504383061203
NAIF1,0.0609108646361867
PTGES2,0.128308963096094
C9orf16,0.348333078925731
GOLGA2,0.269139160245665
SWI5,0.39185639795225
TRUB2,0.150007631946714
RP11-339B21.13,0.0902697449793875
COQ4,0.436689668935111
GLE1,0.0442926876055574
RP11-216B9.6,0.0730878029613289
ZDHHC12,0.171749675461265
RP11-545E17.3,0.38485458703585
ZER1,0.0596787989616733
ENDOG,0.202472723712027
SH3GLB2,0.0618292633560692
MIGA2,0.048587989504519
CRAT,0.120094105869651
PTPA,0.103065462342826
RP11-138E2.1,0.120094105869651
GPR107,0.0260108590915398
FUBP3,0.0263761289891305
CFAP77,0.0198667757329101
SPACA9,0.139469640377743
RPL7A,0.451953179362176
SURF1,0.286202785094441
SURF2,0.220852031030138
REXO4,0.145307211122011
LINC00094,0.120559298066313
OLFM1,0.0666242874952676
C9orf116,0.417917848542636
CAMSAP1,0.0480188943331682
UBAC1,0.00854332397150566
C9orf69,0.0719936289910635
DKFZP434A062,0.273217055144818
INPP5E,0.0104038977819389
SEC16A,0.0332697409768414
SNHG7,0.476332748410404
TMEM141,0.606459799526355
PHPT1,0.321996923317911
EDF1,0.369253563622193
TRAF2,0.13563640670949
PTGDS,0.0650341177974541
C9orf142,0.550901681400089
ABCA2,0.0969268176554209
DPP7,0.11702913123252
NELFB,0.0595529696314791
NOXA1,0.163174110149985
MRPL41,0.478977929735447
ARRDC1-AS1,0.188907322735887
BET1L,0.285195296723606
RIC8A,0.0772902018991991
IFITM3,0.29018826952721
PTDSS2,0.0855510932488132
RASSF7,0.0231991645218516
MIR210HG,0.0569688590798042
IRF7,0.233598356974483
DEAF1,0.0245542738635073
AP006621.5,0.0245542738635073
PIDD1,0.163560655893735
RPLP2,0.850141684105489
CRACR2B,4.44517424941875e-05
POLR2L,0.802503225694618
CHID1,0.120967198356093
BRSK2,0.0250911519114054
CTSD,0.0417754791837208
MRPL23,0.0705395472683986
CD81,0.0546776690887778
RHOG,0.0446645049699733
TRIM3,0.110649206047112
ILK,0.140864300388489
TPP1,0.144082132912654
MRPL17,0.0298192955317916
OVCH2,0.0795778149147008
EIF3F,0.147455860597283
RPL27A,0.779798687185427
DENND5A,0.135459522574161
ZNF143,0.193246387236405
MTRNR2L8,0.143847340646924
EIF4G2,0.151962805054126
DKK3,0.105949549425097
RPS13,0.836354613403798
NUCB2,0.0875930342308603
SERGEF,0.0340795307804099
SAAL1,0.0245542738635073
UEVLD,0.028946873037411
SPTY2D1-AS1,0.175379106411765
SPTY2D1,0.0353131686840439
PRMT3,0.0599788976153343
SVIP,0.499892154259763
LGR4,0.0124571276973623
DNAJC24,0.077072883990789
IMMP1L,0.207423267599567
ELP4,0.198895357071993
PAX6,0.0651377726814829
QSER1,0.0196528754073054
LINC00294,0.0833911734792319
CAPRIN1,0.211575966829092
APIP,0.165968823534127
SLC1A2,0.0971909358937603
COMMD9,0.0839980409091449
C11orf74,0.155502951830495
LRRC4C,0.0114385763339115
EXT2,0.108505170307517
DKFZp779M0652,0.120094105869651
SLC35C1,0.112453316778499
CRY2,0.00235732641587367
LARGE2,0.0739251709832385
ATG13,0.200281914434948
ZNF408,0.0636378095242639
ACP2,0.0732642143436056
SPI1,0.0792326057451599
PTPMT1,0.0877929512218598
C1QTNF4,0.142200707976577
MTCH2,0.105917167467966
UBE2L6,0.0373698330503432
ZDHHC5,0.126750651884126
TMX2,0.215053036043024
SELENOH,0.396726219329926
TMEM132A,0.317626348645207
VWCE,0.0882473573313514
TKFC,0.206539118068281
TMEM216,0.0723795649742789
CPSF7,0.0225459280673358
SDHAF2,0.0616776368752186
PPP1R32,0.120094105869651
TMEM258,0.198117331017128
BEST1,0.208022083977865
FTH1,1.0251643923065
RP11-810P12.5,0.400023217008743
INCENP,0.120094105869651
ASRGL1,0.0351652445803675
EEF1G,0.192880962343146
MTA2,0.156725765114017
EML3,0.0427156039995948
B3GAT3,0.0686607010116409
GANAB,0.133372574645237
LBHD1,0.135981085986198
METTL12,0.257844247940961
UQCC3,0.645528126275785
GNG3,0.175379106411765
HNRNPUL2,0.055050079383008
POLR2G,0.106138168751498
RP11-727F15.12,0.104843124404109
TMEM179B,0.115350268692723
PLA2G16,0.0848406367204669
RTN3,0.0776126120690467
C11orf84,0.103894232223332
COX8A,0.677114948151194
MACROD1,0.0214069182834048
STIP1,0.0243668281816117
TRPT1,0.0152375362066587
DNAJC4,0.163686533385272
VEGFB,0.235908977272339
FKBP2,0.158583744368383
PPP1R14B,0.0762039885425364
BAD,0.252074684023878
TEX40,0.120094105869651
ESRRA,0.0258595157157156
TRMT112,0.0252658615413651
RPS6KA4,0.0932426789047404
AP005273.1,0.120094105869651
PPP2R5B,0.215119430772122
ARL2,0.183710688874315
ZFPL1,0.0352247642261782
VPS51,0.0848809968178663
TM7SF2,0.221530428294578
FAU,1.20311546942402
SYVN1,0.100476873048231
MRPL49,0.116239978358005
CDC42EP2,0.150434409326423
SCYL1,0.100338627366831
SSSCA1,0.0842005138763861
MAP3K11,0.0720235673126212
RNASEH2C,0.0114385763339115
CFL1,0.0592263929908831
EFEMP2,0.0455851548540755
FIBP,0.00860615730466924
CCDC85B,0.155925895542547
DRAP1,0.0375770961526086
EIF1AD,0.39508472837793
BANF1,0.65663673250557
KLC2,0.0395819925347472
YIF1A,0.0650535172186633
BRMS1,0.0650341177974541
RP11-867G23.8,0.039621342355501
MRPL11,0.437948586832325
CTD-3074O7.5,0.271606226802766
CTSF,0.655704224454655
CCS,0.0347460525004587
SPTBN2,0.0252466156792742
C11orf80,0.00146785693369985
POLD4,0.0809790194744026
TMEM134,0.249457924852485
PITPNM1,0.168953992619851
GSTP1,0.559647051973124
NDUFV1,0.442299183014727
NUDT8,0.300557920087577
NDUFS8,0.0278592685877117
MRPL21,0.467275513114479
PPFIA1,0.0125014749755117
DHCR7,0.0740621147585678
RP11-660L16.2,0.13467153160084
RNF121,0.177209633884831
LRTOMT,0.484448403622977
ANAPC15,0.231212749863649
STARD10,0.257473003262875
FCHSD2,0.0263997392738911
FAM168A,0.0107870726622416
UCP2,0.0991537087345541
AP001372.2,0.0422211635999548
RPS3,0.552975655189586
THAP12,0.337770205267452
RP11-111M22.5,0.120094105869651
RP11-111M22.3,0.382918637398151
CLNS1A,0.0147120258276981
NDUFC2,0.239943957945616
NARS2,0.044795207941096
RAB30,0.263940951834708
CCDC90B,0.0707859653346432
TMEM126A,0.0555830582452686
HIKESHI,0.202748740600246
TMEM135,0.0765708524859325
RAB38,0.171105611084364
NOX4,0.446276526006731
CHORDC1,0.0366029863190717
SMCO4,0.094168072576649
KDM4D,0.117938636959431
SESN3,0.0893361886956421
MTMR2,0.124054909695436
TMEM133,0.0505082840911361
DYNC2H1,0.00617373476666705
KBTBD3,0.0048849949183553
GUCY1A2,0.109681204490341
ALKBH8,0.0855796683785293
SLN,0.0819735154669578
DDX10,0.0484392406364348
FDX1,0.0608921696287281
SIK2,0.146230034270311
CRYAB,0.193687981651979
C11orf57,0.131781080231162
SDHD,0.0622372530425781
IL18,0.0819592039809554
PTS,0.0139569937434318
RP11-356J5.12,0.171405709738024
C11orf71,0.28844825302803
RBM7,0.0719140481678268
AP000997.1,0.482058186353295
AP000997.2,0.0630754141827097
ZPR1,0.0123360237398269
BACE1-AS,0.0182077549891121
RP11-770J1.5,0.0718166455683503
ATP5L,0.413949654752926
RP11-158I9.8,0.0313233130636184
RPS25,0.903027790600053
TRAPPC4,0.202293542003754
HYOU1,0.258144488740964
HMBS,0.0592120982458283
HINFP,0.0232753822284121
CCDC153,0.120094105869651
TBRG1,0.125789410929677
CCDC15,0.0791812840455019
TMEM218,0.116534344518891
EI24,0.16591313543629
DDX25,0.072775245712279
FAM118B,0.0245542738635073
TIRAP,0.081557670930489
TP53AIP1,0.120094105869651
NFRKB,0.020063173922807
APLP2,0.882164336647712
THYN1,0.101247289329533
GLB1L2,0.241353125525113
ZMYND11,0.134737199194186
RP11-118K6.3,0.231520917992341
ASB13,0.111955933106846
FAM208B,0.00491588281182638
USP6NL,0.0351756238370271
SEPHS1,0.0306608306026907
BEND7,0.014531265709016
MINDY3,0.273227812201306
PTER,0.0908538705032592
RSU1,0.170061638818873
TRDMT1,0.00316086285125525
STAM-AS1,0.153818499031096
SKIDA1,0.0872044863598796
BMI1,0.115427319083031
PRTFDC1,0.205217223067086
RP11-165A20.3,0.094168072576649
MPP7,0.0240327104514706
SVIL-AS1,0.0425648298704152
ZNF438,0.0603228633385748
ZEB1-AS1,0.0592120982458283
ZEB1,0.104379768613331
CUL2,0.10207865962018
RP11-324I22.4,0.0730878029613289
CSGALNACT2,0.0263997392738911
ZNF487,0.0769867428711233
ZNF32,0.107694497650953
ZNF22,0.0165317309914242
ZFAND4,0.0419122977540616
NCOA4,0.0694334855619279
PTPN20,0.173940850232774
RBP3,1.74868320176437
AGAP9,0.0599788976153343
AGAP6,0.0700687382817157
SGMS1-AS1,0.0517472980272944
ASAH2B,0.192257177392795
CSTF2T,0.0778720825026219
IPMK,0.0371252437828892
CISD1,0.201394019528438
LINC00844,0.0892825973737243
FAM13C,0.0580207187778441
MRLN,0.396587508358866
CCDC6,0.00721095747415876
ZNF365,0.170231705403473
JMJD1C-AS1,0.231520917992341
REEP3,0.162350018044099
SIRT1,0.0286753450413491
C10orf35,0.0351952563134238
SAR1A,0.0273423343652742
LRRC20,0.193400327589648
PSAP,0.485737786512859
ANAPC16,0.886224983299207
DDIT4,0.000645945309301415
DNAJB12,0.123661392138869
MRPS16,0.28477835745777
FUT11,0.0490702433658569
CHCHD1,0.265981745475773
ADK,0.114339204813124
ZNF503-AS2,0.0893361886956421
DLG5,0.164616653687737
RPS24,0.623187992215023
EIF5AL1,0.192319150351787
TMEM254-AS1,0.0753666924498077
TMEM254,0.167389776171042
CDHR1,0.319316307820668
LRIT2,0.0778720825026219
LRIT1,0.120094105869651
SNCG,0.329204389381477
FAM35A,0.0974250681623915
LINC00863,0.0727928513696147
MINPP1,0.0882641369790285
ATAD1,0.14185249162844
IFIT5,0.00270899959559969
PCGF5,0.055050079383008
PPP1R3C,0.0490702433658569
FGFBP3,0.188175109439739
RP11-402D21.2,0.120094105869651
EXOC6,0.235248228024931
SLC35G1,0.0663703758148202
TBC1D12,0.027652205608627
PDLIM1,0.491859074165942
SORBS1,0.0349228953298089
TM9SF3,0.129851606140785
EXOSC1,0.181929098991996
RP11-441O15.3,0.0444323387562786
CWF19L1,0.0266787525142061
OLMALINC,0.095378929100794
HIF1AN,0.0903202057217312
MRPL43,0.31992806625491
TWNK,0.109681204490341
DPCD,0.30840304957264
FBXW4,0.0200578697143215
C10orf76,0.0338798174915783
FBXL15,0.0686013928068035
CUEDC2,0.0646923680091574
SUFU,0.0997494528835946
CYP17A1-AS1,0.0910084352417477
CNNM2,0.0746822571439794
NT5C2,0.0547425680651661
USMG5,0.597621391295004
STN1,0.0668081890849909
SFR1,0.0546589341284798
BBIP1,0.302204484479732
TCF7L2,0.0849137048658815
CCDC172,0.318226568740012
PDZD8,0.0939620406181233
CASC2,0.150434409326423
FAM45A,0.030008915456256
PRDX3,0.376201164731857
TIAL1,0.292996604566628
BAG3,0.120094105869651
HTRA1,0.564396540424752
FAM24B,0.0451135359649213
ACADSB,0.0475141927287616
METTL10,0.0754148256610312
FAM175B,0.01832310124167
FLJ37035,0.0770479504784252
UROS,0.00209902295912966
FANK1,0.433089979032202
DOCK1,0.120094105869651
BNIP3,0.0269352416178961
STK32C,0.208136448160173
LRRC27,0.402934764816804
ZNF511,0.264749076566039
ECHS1,0.210035730049357
PAOX,0.19863129848257
SYCE1,0.120094105869651
FAM138D,0.597354237888383
RP11-218M22.1,0.0671198922682014
RP11-359B12.2,0.084989266903489
CACNA2D4,0.150342588741691
RP4-816N1.6,0.0770247301558689
RHNO1,0.436783228718555
TIGAR,0.0455851548540755
DYRK4,0.214570347074109
ANO2,0.151635031596604
VAMP1,0.0440196567386511
MRPL51,0.244912570308989
RP5-940J5.9,0.0937515623539004
CHD4,0.000918100858430016
MLF2,0.082239146106618
PTMS,0.842262708388433
P3H3,0.10346401145295
TPI1,0.0955517235093211
LRRC23,0.353094697593462
C12orf57,0.394855245789985
U47924.31,0.0746156130972978
PHB2,0.020846715847784
CLSTN3,0.320355598551014
NECAP1,0.0489524925891736
RP11-90D4.3,0.120094105869651
M6PR,0.00298976825967633
MAGOHB,0.0238718784185504
YBX3,0.0629387107847972
PRH1,0.0958897166468962
BORCS5,0.0982655670753113
HEBP1,0.0747976675418398
FAM234B,0.00809671445604034
GRIN2B,0.120094105869651
H2AFJ,0.191427750361247
PDE6H,0.197763592868495
STRAP,0.161607634543144
DERA,0.342533720997008
MGST1,0.120094105869651
AEBP2,0.126692829991252
RECQL,0.13563640670949
SOX5,0.120094105869651
BCAT1,0.120094105869651
CASC1,0.115804048282877
ETFRF1,0.84528738896401
RP11-707G18.1,0.0286218766245236
ITPR2,0.13991061889374
INTS13,0.0883459405975603
TM7SF3,0.0443729248414961
MRPS35,0.0946131671775615
IPO8,0.00214148020825475
ETFBKMT,0.0734012948220472
AMN1,0.414426123821824
BICD1,0.0713114548711307
ALG10,0.151582951109365
GXYLT1,0.0706696321370786
ZCRB1,0.410537072798145
TWF1,0.24164125822245
NELL2,0.32883593759116
RP11-352M15.2,0.10320950896004
RP11-89H19.2,0.120094105869651
TMEM106C,0.11429758374909
CCDC184,0.0248236059385205
KANSL2,0.0879632700425796
ADCY6,0.0960050193260183
RP11-579D7.4,0.0910635665306249
ARF3,0.109822813947305
RP11-386G11.10,0.0877587559363748
TUBA1B,0.319950422425607
TUBA1A,0.226066579422069
BCDIN3D-AS1,0.0882473573313514
COX14,0.324595632943411
LARP4,0.172259345484545
DIP2B,0.0757847159244591
SLC11A2,0.0150858630948937
LETMD1,0.013263121526794
SCN8A,0.081557670930489
RP11-983P16.4,0.0446645049699733
PFDN5,0.746086762792161
C12orf10,0.306377421653119
PCBP2,0.38876570363573
RP11-793H13.11,0.0476059260414736
TARBP2,0.25103305340064
ATP5G2,0.329158346539233
SMUG1,0.123661392138869
COPZ1,0.0086001847792599
ZNF385A,0.38968165326051
BLOC1S1,1.2213690671523
CD63,0.240425625159762
GDF11,0.0996890094213596
ORMDL2,0.0829878602807728
DNAJC14,0.141234514199655
CDK2,0.19700648050122
RP11-603J24.21,0.120094105869651
RPS26,0.403281045651288
RPL41,1.24752646570691
ZC3H10,0.0882580497897162
MYL6,0.543175482471612
RNF41,0.0954861671393846
COQ10A,0.046189020586122
RP11-977G19.11,0.103751116195329
CNPY2,0.0580677403096712
PTGES3,0.426458161051666
NACA,0.574517690342389
PRIM1,0.250482815243709
NDUFA4L2,0.0588796042491371
DDIT3,0.394296361736633
DCTN2,0.183385127123831
OS9,0.711423889213566
AGAP2-AS1,0.0517472980272944
RP11-620J15.3,0.0286131565651038
FAM19A2,0.0730722380985453
LLPH,0.0562152029434747
RP11-542B15.1,0.0989803510389126
CAPS2,0.183621412164485
GLIPR1L2,0.120094105869651
BBS10,0.184282541631452
OSBPL8,0.225383842651772
RP11-171L9.1,0.00799214324416566
C12orf29,0.18033939252362
TMTC3,0.0170380172315987
POC1B,0.00399194512465746
NUDT4,0.0848406367204669
CRADD,0.187831641906084
RP11-536G4.2,0.120094105869651
SNRPF,0.122537302987543
NEDD1,0.0919340955853123
APAF1,0.0625228050485329
ACTR6,0.243573801706948
NT5DC3,0.0794636756477407
HSP90B1,0.531285051047802
NFYB,0.197110415252824
APPL2,0.063066374352142
CKAP4,0.0333847566924811
TMEM263,0.190031729192168
ISCU,0.171131911402187
SSH1,0.0479982230780508
DAO,0.123343530053126
ALKBH2,0.00204404015407762
UNG,0.0639522942890742
MVK,0.00809671445604034
TCHP,0.0268436479477123
C12orf76,0.0950922478344397
ATP2A2,0.29370032389482
ARPC3,0.23069641918249
FAM216A,0.0623326717823263
VPS29,0.223320727411802
TCTN1,0.0559797460811298
SH2B3,0.120094105869651
ACAD10,0.0200593826030579
ERP29,0.433351913437561
RPL6,0.557446391971273
RBM19,0.0211705050804291
MAP1LC3B2,0.0552874684545187
KSR2,0.10129780428127
WSB2,0.0871024721428205
RP11-768F21.1,0.416966086293416
PRKAB1,0.0271998148655007
BICDL1,0.000344829716861872
RAB35,0.040207195834042
GCN1,0.0253138273300773
RPLP0,0.815316939335441
PXN-AS1,0.383261417972621
MSI1,0.14831723523071
COX6A1,1.39065102562687
TRIAP1,0.0223333864545349
SRSF9,0.0408609790199817
DYNLL1,0.528568400716772
NRAV,0.408259668987585
RNF10,0.146316282542226
PSMD9,0.198153268903971
KNTC1,0.105499150118839
ARL6IP4,0.226266464594131
C12orf65,0.155976712821789
TMED2,0.247382839027664
CCDC92,0.107309573792402
RP11-575F12.2,0.120094105869651
SLC15A4,0.0306761752122795
GLT1D1,0.120094105869651
EP400,0.00760236135383294
DDX51,0.0526057289179634
NOC4L,0.0231991645218516
RP11-503G7.1,0.0937066654592994
PXMP2,0.0849170793031051
RP11-46H11.3,0.192238225741392
ZNF268,0.121956076046191
RP11-172H24.4,0.19700648050122
EEF1AKMT1,0.101030741860511
SAP18,0.33901641854681
MRPL57,0.617873862296418
TNFRSF19,0.29007285912935
PCOTH,0.0993136167941708
PABPC3,0.120094105869651
RNF6,0.11123743565879
CDK8,0.015699063266735
USP12,0.0671428916008007
RPL21,1.13032336297202
GTF3A,0.0239800192541934
MTIF3,0.204569904766692
ATP5EP2,0.0425433767961511
POMP,0.0633274590558311
EXOSC8,0.699999846541847
ELF1,0.0547689007055909
RP11-74J13.8,0.0858315895802797
SERP2,0.332130018190851
TSC22D1-AS1,0.0958897166468962
TPT1,0.115187215689119
NUDT15,0.30745717845481
MED4,0.316010815189209
ITM2B,0.0234418845969992
CAB39L,0.0332697409768414
SPRYD7,0.210290443798849
RP11-327P2.5,0.0647936597217006
ATP7B,0.0917091111246113
UTP14C,0.0113033761691075
RP11-245D16.4,0.0586253714766313
HNRNPA1L2,0.00918209690411659
PCDH9,0.274617065795888
MZT1,0.16443666331593
KLF12,0.00282686772791855
COMMD6,0.377886563778918
NDFIP2,0.155096472008883
RP11-632L2.2,0.0932426789047404
TGDS,0.00537596607564622
DNAJC3,0.342273379316737
UGGT2,0.0411394263145489
MBNL2,0.204856722222792
DOCK9,0.00628577330224046
CLYBL,0.169570593452446
RP11-12G12.7,0.0378190956341089
PCCA,0.0550122812416013
GGACT,0.0668081890849909
TMTC4,0.105710545232831
FGF14-AS2,0.0441890879747597
LIG4,0.103595134354282
RP11-88E10.5,0.201054020628504
F10-AS1,0.0945772015925691
LAMP1,0.222795239924942
GRTP1,0.304384981047697
TTC5,0.0231424868596185
PNP,0.223487316441411
RNASE2,0.120094105869651
NDRG2,0.140816877046811
OXA1L,0.138964177728014
MRPL52,0.461123743340017
SLC22A17,0.0408385691391968
THTPA,0.19004791108206
RP11-66N24.3,0.0764385298141842
DHRS4-AS1,0.510378127125127
NRL,0.763389195172309
PSME1,0.179653047549779
EMC9,0.1993926125971
PSME2,0.141224544094821
MDP1,0.0479852542034814
NEDD8,0.108897457414005
GMPR2,0.142031667139367
RABGGTA,0.00809671445604034
NOP9,0.0784223929930995
SDR39U1,0.0952231884381929
AP4S1,0.166431050392082
ARHGAP5-AS1,0.116534344518891
ARHGAP5,0.427028259578549
CFL2,0.334795667758894
FAM177A1,0.0469194502889826
SLC25A21,0.120094105869651
SLC25A21-AS1,0.0936159601013884
GEMIN2,0.295309864246847
MIS18BP1,0.0480401682025112
LINC00871,0.0664405902598761
RPS29,1.11949134758286
RPL36AL,0.375612310109207
DNAAF2,0.0484651918113635
ARF6,0.0303365227530549
VCPKMT,0.0973883607679134
RP11-247L20.4,0.120094105869651
ABHD12B,0.0345321326389286
C14orf166,0.236624703073279
GPR137C,0.0931490835225603
GNPNAT1,0.23108118096794
CNIH1,0.378624921268676
GMFB,0.109174361749008
SOCS4,0.120636018128801
FBXO34,0.111606413328809
ATG14,0.0937066654592994
RP11-1085N6.2,0.120094105869651
RP11-1085N6.3,0.150434409326423
AP5M1,0.28964588696038
SLC35F4,0.168279934292846
PSMA3,0.1026980967984
PSMA3-AS1,0.112017196083767
RTN1,0.140048688747214
TRMT5,0.0434865719074869
SLC38A6,0.209426289166262
ZBTB25,0.0723795649742789
MAX,0.0549775044482387
FUT8,0.0338798174915783
ARG2,0.087372904841953
VTI1B,0.511084070695262
RAD51B,0.0791812840455019
ERH,0.122759411153079
SLC8A3,0.120094105869651
TTC9,0.0949013332861801
ACOT2,0.081557670930489
ACOT4,0.120094105869651
DNAL1,0.0512299079812315
RP5-1021I20.1,0.101158128299277
BBOF1,0.0854475861743295
NPC2,0.0691757372921339
PGF,0.119523526578731
ACYP1,0.485552741563276
FOS,0.0464598299438731
RP11-293M10.6,0.0878635413077788
JDP2,0.167030164214822
IFT43,0.0643380077328016
VASH1,0.0808061814560242
RP11-488C13.5,0.0671198922682014
ANGEL1,0.0414679455068443
IRF2BPL,0.0420695940048263
VIPAS39,0.0252466156792742
SLIRP,1.07462756396314
STON2,0.0970100863133792
SEL1L,0.0682659454535464
RP11-11K13.1,0.26711154307084
NDUFB1,1.20879542623973
CPSF2,0.151916833565155
TMEM251,0.26182441296151
IFI27L1,0.154989103373417
IFI27,0.67488817296429
IFI27L2,1.55396657830407
DICER1,0.0931645264713368
DICER1-AS1,0.159997895826764
CLMN,0.0923461229820023
SNHG10,0.181356196064642
RP11-907D1.1,0.120094105869651
SETD3,0.00184685559258539
WDR25,0.155476186929634
PPP2R5C,0.410182559916971
DYNC1H1,0.475386824939015
RP11-1017G21.4,0.0532919154365543
WDR20,0.00332314332563709
MOK,0.503450459434023
CDC42BPB,0.0495051529633368
RP11-600F24.7,0.1789787361527
APOPT1,0.103230698739864
ZFYVE21,0.0338772560892777
C14orf2,0.879753498802861
INF2,0.120094105869651
SIVA1,0.0579698812768043
AKT1,0.0266787525142061
CEP170B,0.0486726137052979
AHNAK2,0.120094105869651
CDCA4,0.0476059260414736
RP11-44N21.1,0.120094105869651
NUDT14,0.151904852067239
PACS2,0.0107870726622416
MTA1,0.0692543132983183
NIPA2,0.0917733964362821
SNRPN,0.0535544818539653
SNURF,0.120094105869651
RP11-701H24.9,0.00964264035946193
GABRB3,0.17871978649901
FAN1,0.00109045268681611
MTMR10,0.0693928073108661
RP11-16E12.1,0.120094105869651
PGBD4,0.0317040041531413
NOP10,0.458456369564521
LPCAT4,0.0599788976153343
DPH6,0.0889594282152131
SRP14,0.33670188621343
SRP14-AS1,0.533427506988443
DISP2,0.0935744031783831
IVD,0.166675462182287
RPUSD2,0.000323830332818629
DNAJC17,0.0794071573604091
RP11-532F12.5,0.120094105869651
EXD1,0.120094105869651
GANC,0.0254127719762679
TTBK2,0.00217636779683976
TMEM62,0.223520326945282
ZSCAN29,0.0526057289179634
MAP1A,0.183420441113754
PDIA3,0.17724882953222
SERF2,0.933436355109981
CTDSPL2,0.0234529939741441
EIF3J,0.0939560888341184
TRIM69,0.112453316778499
SORD,0.0766911903532902
CTD-2651B20.3,0.162252017967444
CTD-2050N2.1,0.231520917992341
DUT,0.159642546072306
COPS2,0.325856958093262
FGF7,0.448646746417908
DTWD1,0.0262913662498202
AP4E1,0.0582861412257571
SCG3,0.145874824765091
TMOD3,0.0943577283676203
ARPP19,0.18592406368751
FAM214A,0.111748567467654
RSL24D1,0.209507762885966
PIGBOS1,0.0889786693326481
PIGB,0.145541091901464
C15orf65,0.0592120982458283
TEX9,0.0679812286541178
MNS1,0.0510620601965021
BNIP2,0.117310427227495
TPM1,0.0519622923717317
RPS27L,0.0380394927796263
FAM96A,0.186095370380084
PPIB,0.134252413519707
OAZ2,0.172536898408359
SPG21,0.182298629778078
MTFMT,0.133342001434168
UBAP1L,0.132577915956544
PARP16,0.159345827833071
INTS14,0.0299895706034313
SLC24A1,0.353283517551936
DENND4A,0.0954365846319071
MAP2K1,0.0239278248656004
RPL4,0.745537853509448
SMAD6,0.120094105869651
SMAD3,0.120094105869651
IQCH,0.0620166987261514
C15orf61,0.00300985001524568
MAP2K5,0.0198667757329101
RP11-253M7.1,0.120094105869651
RPLP1,1.35226534906783
DRAIC,1.03387438294384
NR2E3,0.0909223453697594
RP11-106M3.3,0.0811443531409102
NPTN,0.147305765598517
CD276,0.00298369432708129
CLK3,0.0187649057754855
EDC3,0.0546842953989163
CPLX3,0.0897241917892991
SCAMP2,0.143427851197667
COX5A,0.551674630431978
PPCDC,0.0662659349905115
RP11-817O13.8,0.0996780195555518
SIN3A,0.0549500875779723
IDH3A,0.055802926415858
DNAJA4,0.0839323690656114
PSMA4,0.0340152155412816
CTSH,0.0368529808133345
MTHFS,0.0825431654817185
ZFAND6,0.326963888264851
ARNT2,0.155140141503231
MESDC1,0.0274168617791443
CFAP161,0.120094105869651
SAXO2,0.022553462007577
RPS17,0.707690452499857
CPEB1,0.120094105869651
FAM103A1,0.111259119477343
C15orf40,0.0259743534730856
GOLGA6L4,0.0882473573313514
NMB,0.239423312436841
SEC11A,0.0482315443306321
ZNF592,0.0733853377645155
PDE8A,0.0943577283676203
MRPL46,0.0785019420489932
MFGE8,0.256299805131457
RP11-326A19.3,0.120094105869651
ABHD2,0.0747976675418398
RLBP1,0.0643455811761541
RHCG,0.120094105869651
WDR93,0.084357073264449
MESP1,0.288280977028418
AP3S2,0.0447540009922634
IDH2,0.047160848574667
CIB1,0.331083321923078
GDPGP1,0.0829805554418354
CRTC3,0.00109045268681611
BLM,0.0373698330503432
MAN2A2,0.172442378366655
HDDC3,0.0951093132009698
AC068831.10,0.0996780195555518
SV2B,0.105294111952847
RP11-255M2.3,0.0985783382119851
IGF1R,0.407578888461757
TTC23,0.0909912457690347
LRRC28,0.0848743452068273
RP11-66B24.2,0.105499150118839
SNRPA1,0.195362021304511
FAM138E,0.763627345959686
AC140725.4,0.0599788976153343
POLR3K,0.127918340100726
SNRNP25,0.0726946550383524
MRPL28,0.00970840393189426
NME4,0.0854426874849028
PIGQ,0.00630806877778415
METTL26,0.0471630984821684
MCRIP2,0.204630913109577
STUB1,0.308242463105344
FBXL16,0.120094105869651
LMF1,0.0747976675418398
GNPTG,0.230322008055202
C16orf91,0.181174175905376
NME3,0.0532411292195147
MRPS34,0.069968103084399
NUBP2,0.212469763274786
FAHD1,0.0710657263227225
MSRB1,0.126723257416048
NDUFB10,0.219443675836878
RPS2,0.769385493414251
SNHG9,0.176226589606554
NTHL1,0.00120797099544765
MLST8,0.0548142110897249
AMDHD2,0.104582999983937
PRSS27,0.10160059923326
SRRM2-AS1,0.0794636756477407
ELOB,0.48807178907664
CTD-2270P14.5,0.0975205996015052
LA16c-325D7.2,0.0837702749423015
FLYWCH2,0.121069452482152
FLYWCH1,0.0898088272083101
KREMEN2,0.119523526578731
TNFRSF12A,0.0447728080139689
HCFC1R1,0.234907756353451
MMP25-AS1,0.0371252437828892
ZNF213-AS1,0.11467127758627
ZNF205,0.022553462007577
ZNF263,0.00316086285125525
LA16c-306E5.2,0.0193523247067643
NAA60,0.00959147536994953
TRAP1,0.0901979217907255
CREBBP,0.00122945614943072
TFAP4,0.120094105869651
GLIS2-AS1,0.177895978877146
PAM16,0.0938627673177427
NUDT16L1,0.243364000415128
ANKS3,0.041995995265015
ZNF500,0.0110279407819758
ROGDI,0.0335203195808855
ALG1,0.0479982230780508
EEF2KMT,0.0730722380985453
RBFOX1,0.120094105869651
ABAT,0.0961026996921068
CARHSP1,0.0551001743523706
LINC02177,0.242807463764515
NUBP1,0.0769700042221257
DEXI,0.18772494066419
CLEC16A,0.0266787525142061
NOMO1,0.0680166403279811
NTAN1,0.0693170703255196
RPS15A,1.07729957052547
ARL6IP1,0.290777858475298
SMG1,0.0877517927528143
RP11-626G11.5,0.120094105869651
LYRM1,0.0415761264903977
CRYM,0.0784223929930995
METTL9,0.331051022842546
USP31,0.0719070192266409
CTD-2270L9.4,0.252277985037705
UBFD1,0.0390075972037331
NDUFAB1,0.272928316605303
ZKSCAN2,0.0596787989616733
KDM8,0.106794399429061
GTF3C1,0.00204404015407762
ATP2A1-AS1,0.404941633097255
RABEP2,0.0484392406364348
SPNS1,0.00491326718654554
NPIPB11,0.120094105869651
AC009133.21,0.120094105869651
SEZ6L2,0.659955505123138
TMEM219,0.440697015018378
TAOK2,0.00628577330224046
HIRIP3,0.0837785896238608
FAM57B,0.416843969419882
YPEL3,0.0917925973094021
BOLA2B,0.0546776690887778
SEPT1,0.220467673577805
ZNF771,0.201352150630594
RP11-297C4.2,0.120094105869651
AC002310.12,0.0401561389866745
RP11-146F11.1,0.0757847159244591
PHKG2,0.214301549208058
MIR762HG,0.0575023563021122
STX4,0.0475141927287616
ZNF668,0.0997494528835946
COX6A2,0.278178244110413
RP11-452L6.5,0.0872337103007669
C16orf58,0.112126577405002
DNAJA2,0.0197995955894111
CRNDE,0.0245542738635073
RP11-212I21.2,0.267137900012665
OGFOD1,0.0935122776296622
MT3,0.341642491067334
MT1E,0.163812173359567
MT1F,0.0984889207967009
MT1G,0.428773978411284
MT1X,0.0270264825913303
FAM192A,0.0594543323817519
CIAPIN1,0.133478286149327
KATNB1,0.102102402430461
KIFC3,0.0421111633521227
TEPP,0.324672075381966
USB1,0.182909993446191
RP11-481J2.3,0.389552148398076
NDRG4,0.0596787989616733
GOT2,0.0459051184077279
CKLF,0.025380438055708
FAM96B,0.295295857868659
FBXL8,0.0938627673177427
CTD-2012K14.8,0.053163296179072
ACD,0.291118508396364
PARD6A,0.157011966976766
C16orf86,0.161944815030153
TSNAXIP1,0.0263997392738911
CENPT,0.0563859507672247
THAP11,0.204630913109577
DDX28,0.179443452450671
PRMT7,0.181230092938443
CHTF8,0.105743647222778
UTP4,0.0474830944722643
COG8,0.0719936289910635
TERF2,0.0185681666867773
ST3GAL2,0.0700687382817157
COG4,0.119396583914459
RP11-23E19.2,0.120094105869651
CMTR2,0.00378307714498999
CALB2,0.16963952565789
AP1G1,0.288718318026535
RP11-252A24.3,0.120094105869651
TMEM170A,0.146167311780521
GABARAPL2,0.174651877142938
CNTNAP4,0.120094105869651
SYCE1L,1.73957414331867
NUDT7,0.00809671445604034
DYNLRB2,0.0446645049699733
MPHOSPH6,0.0356550054641107
HSBP1,0.31352319436539
MLYCD,0.0678768148332266
HSDL1,0.584158358679991
COTL1,0.0211293238198529
ZDHHC7,0.0151352188967172
GINS2,0.0331446811599346
C16orf74,0.434244887354079
COX4I1,0.247574624549436
MAP1LC3B,0.25265545323
RP11-482M8.3,0.0390075972037331
RP4-536B24.2,0.695120588520012
MVD,0.231848422964088
CTU2,0.0489454164293931
APRT,0.0964759767715778
TRAPPC2L,0.284610342545417
ACSF3,0.100667123246896
RP11-46C24.7,0.0433601230166258
RPL13,0.927590582642243
CHMP1A,0.116324418173234
SPATA33,0.43270588451476
LINC02166,0.207316528769586
VPS9D1,0.0274424504171089
CENPBD1,0.019727003540541
LINC02193,0.0963250377166378
DOC2B,0.204969907294093
LINC02091,0.308743719714498
NXN,0.0423916869084053
YWHAE,0.15397366445938
PITPNA-AS1,0.225582346768669
SLC43A2,0.08615797226495
SERPINF1,0.358381264227332
SGSM2,0.00069197799630908
RAP1GAP2,0.108017124056465
TRPV1,0.000271311235518461
TAX1BP3,0.081557670930489
EMC6,0.193323724990894
ITGAE,0.623336747871487
MED11,0.118246474871861
VMO1,0.0969268176554209
CHRNE,0.059575348684345
RNF167,0.390222875537687
PFN1,0.150765547847909
SPAG7,0.118963602079671
CAMTA2,0.0420695940048263
RP5-1050D4.3,0.0975205996015052
USP6,0.0552341491957045
AIPL1,0.163197673737663
TXNDC17,0.053844018959353
MED31,0.169437635414599
CTC-281F24.1,0.120094105869651
ALOX12-AS1,0.0278325693216669
RNASEK,0.00628577330224046
C17orf49,0.0182077549891121
GABARAP,0.305606804219589
CTDNEP1,0.107402976787784
ELP5,0.551473564399554
CLDN7,0.150086465511653
EIF5A,0.0657952699547004
ACAP1,0.266057407332686
TMEM256,0.693286059836415
NLGN2,0.00684107444639552
FGF11,0.120094105869651
AC113189.5,0.0483969469246162
SOX15,0.308374574914326
SAT2,0.0452699251309328
ATP1B2,0.428474566645171
TP53,0.120094105869651
WRAP53,0.0306608306026907
DNAH2,0.159013869245688
NAA38,1.00979220523418
KCNAB3,0.0727928513696147
GUCY2D,0.07283387650254
RANGRF,0.189219919092143
RPL26,1.01735393120328
RCVRN,0.571909994706277
TMEM220-AS1,0.0231243238175756
DNAH9,0.129634567111802
COX10,0.022553462007577
HS3ST3B1,0.00147557567005152
RP11-214O1.2,0.120094105869651
AC005863.1,0.394368370701525
ZSWIM7,0.277869380496517
CENPV,0.155533981420428
LRRC75A,0.0503382688553562
SREBF1,0.0293900649241207
LLGL1,0.104695863541721
RP11-135L13.4,0.097569698382027
B9D1,0.0940714542313609
RP11-209D14.2,0.120094105869651
LINC01563,0.120094105869651
DHRS7B,0.0769867428711233
SARM1,0.166195712828281
VTN,0.947912560529707
KIAA0100,0.0273919824410664
SUPT6H,0.159569083717428
PROCA1,0.0651377726814829
RPL23A,1.07095255432518
DHRS13,0.0531898415650468
SEZ6,0.0586253714766313
MYO18A,0.10160059923326
RP11-802D6.1,0.120094105869651
TP53I13,0.0420695940048263
ANKRD13B,0.106886735376575
SSH2,0.177228004206286
CTD-2349P21.9,0.198905144801054
TEFM,0.174750721646449
RAB11FIP4,0.0961026996921068
COPRS,0.292390573819006
LRRC37B,0.215936980825149
TMEM98,0.120094105869651
SLFN5,0.0686364828092136
LINC02001,0.373765045299719
C17orf50,0.120094105869651
PIGW,0.0806875431200524
DHRS11,0.107857656173382
ACACA,0.0292063556860833
CTB-58E17.1,0.126347340130377
CTB-58E17.3,0.0599788976153343
CISD3,0.316261039343375
PCGF2,0.0764144028274175
CTB-58E17.5,0.0938627673177427
PSMB3,0.152956909276549
PIP4K2B,0.0231243238175756
RPL23,0.942145821073836
RPL19,0.571388914085044
STAC2,0.313624540058721
MIEN1,0.045962640521096
THRA,0.127798959693865
NR1D1,0.0433601230166258
KRT10,0.0338050119086355
EIF1,0.23327057086484
NT5C3B,0.127891604241566
DNAJC7,0.210266387937654
RAB5C,0.0632345049209229
STAT5B,0.140048688747214
HSD17B1,0.146784513113504
PSMC3IP,0.146184953462635
TUBG2,0.00206808180252933
CCR10,0.103490207382552
CTD-3193K9.4,0.054914114471391
VPS25,0.00734738496755751
COA3,0.331289332642063
BECN1,0.0354236710961848
PSME3,0.108877057049226
PTGES3L,0.0961026996921068
RUNDC1,0.155871111259503
RPL27,0.744966584109216
NBR1,0.173158603625326
G6PC3,0.00591134110640214
TMUB2,0.0211922950109057
SLC25A39,0.0881684926867633
GRN,0.104172658297493
CCDC43,0.171165764424936
PLCD3,0.259760751674546
ACBD4,0.0380071371419334
HEXIM2,0.0868938513824496
CTD-2020K17.4,0.201352150630594
RP11-798G7.6,0.120094105869651
KANSL1-AS1,0.055050079383008
GOSR2,0.0366029863190717
NFE2L1,0.0425759902353983
ATP5G1,0.694789329131937
UBE2Z,0.0350412579214185
PHB,0.0543927922565551
KAT7,0.0443143096727348
MRPL27,0.139505681230618
LRRC59,0.00832416712956977
RSAD1,0.028209682352113
NME1,0.211669943718738
NME2,0.108017124056465
MBTD1,0.133342001434168
CA10,0.120094105869651
COX11,0.037750533731648
MMD,0.188880869165785
RP11-515E23.1,0.0123360237398269
TRIM25,0.154180698878284
DYNLL2,0.0123291699165535
MKS1,0.145479951571878
SUPT4H1,0.0784418442652515
SEPT4,0.198556420263849
RAD51C,0.0661735933756985
TRIM37,0.147151827978494
SKA2,0.275867858656826
RP11-758H9.2,0.18111214404207
VMP1,0.176305117733395
RNFT1,0.0114635292203511
METTL2A,0.108729114227559
TACO1,0.16349410354584
FTSJ3,0.154955261889973
ERN1,0.0251773597854208
SNHG25,0.0814689335749263
SMURF2,0.151685025726495
PITPNC1,0.0240327104514706
RP11-147L13.12,0.158063487599
AMZ2,0.430544707270993
MAP2K6,0.0552341491957045
COG1,0.0444323387562786
CDC42EP4,0.00964264035946193
RPL38,0.895409882068833
TTYH2,0.119523526578731
FDXR,0.0603228633385748
MRPL58,0.0444486848378741
ATP5H,0.110594566897438
ARMC7,0.0408910465454556
SUMO2,0.09514207592666
TSEN54,0.0397383350916115
RECQL5,0.060349233700777
SAP30BP,0.0628084455796173
GALK1,0.0446645049699733
UNK,0.167541444612209
WBP2,0.0149286436128149
FBF1,0.0625228050485329
AANAT,0.120094105869651
PRCD,0.811653130817031
METTL23,0.0634355063049833
RP11-13K12.2,0.247219451071274
RP11-13K12.1,0.120094105869651
LINC02081,0.00363533309289485
LGALS3BP,0.105949549425097
CANT1,0.0263997392738911
CBX2,0.120094105869651
CBX8,0.0905224157568498
RP11-353N14.3,0.120094105869651
GAA,0.11289466905639
CTD-2047H16.4,0.182404166328355
CTD-2561B21.11,0.120094105869651
AATK,0.120094105869651
TEPSIN,0.0794636756477407
PDE6G,1.2895985610596
OXLD1,0.0269519126928834
CCDC137,0.0632137413729714
HGS,0.0360730786774372
RP13-1032I1.7,0.16796450253148
MRPL12,0.396327028516184
MCRIP1,0.485961311844881
P4HB,0.109100708044164
ANAPC11,0.248438564911404
PCYT2,0.201352150630594
MAFG-AS1,0.0581437813297561
CENPX,0.753251268935511
RAC3,0.0728379488586972
DCXR,0.2219206100136
RFNG,0.0664691667544554
GPS1,0.127669876434688
FASN,0.088990823227894
SLC16A3,0.0819735154669578
LINC01970,0.0949013332861801
OGFOD3,0.00214148020825475
FN3KRP,0.0407109572661632
B3GNTL1,0.0958897166468962
METRNL,0.0917091111246113
CLUL1,0.438710704844722
RP11-806L2.2,0.468057895647041
YES1,0.0193523247067643
RP11-672L10.6,0.142755091752885
METTL4,0.00537596607564622
MYL12A,0.0974382504979741
LINC00526,0.134862995759293
ZBTB14,0.0260108590915398
GACAT2,0.606254178590741
NDUFV2-AS1,0.0151352188967172
PPP4R1,0.0440196567386511
MIB1,0.00651366967916245
CABLES1,0.0874783326783634
KCTD1,0.145581734302925
AQP4,0.120094105869651
CDH2,0.269455095104017
RP11-53I6.3,0.120094105869651
INO80C,0.0546589341284798
SLC39A6,0.420322815828245
SETBP1,0.054914114471391
ATP5A1,0.237035015391496
HAUS1,0.00244405707541355
CTIF,0.0447728080139689
DYM,0.225688902456905
RPL17,0.44539246249281
MYO5B,0.200335906895273
CFAP53,0.00437723616018738
MEX3C,0.070656838113046
MBD2,0.0586253714766313
SEC11C,0.0535974471742315
CPLX4,0.0525549164252309
RP11-635N19.1,0.151679587228582
CCDC102B,0.19913766624267
DOK6,0.231520917992341
FBXO15,0.0217516212094216
CYB5A,0.107368561733868
ZNF516,0.0612433546754899
RP11-162A12.4,0.120094105869651
RP11-567M16.6,0.244780666909491
RP11-154H12.3,0.105499150118839
HSBP1L1,1.00975213752086
TXNL4A,0.316884627018285
RP11-795F19.5,0.0202784724876855
PARD6G-AS1,0.0870764106156459
NRSN2-AS1,0.0627876421250426
NRSN2,0.279102710393062
TRIB3,0.0293900649241207
RBCK1,0.289541486217077
PSMF1,0.155041745330262
SDCBP2-AS1,0.0505082840911361
FKBP1A,0.243018628370537
NSFL1C,0.0540054060187106
SIRPA,0.00235732641587367
SNRPB,0.24661928336358
C20orf141,0.120094105869651
MRPS26,0.322191127746035
LZTS3,0.0144195224388774
DDRGK1,0.123325434553178
ITPA,0.0547167525032416
ATRN,0.319702032491182
SPEF1,0.0471180555997774
CENPB,0.0945772015925691
AP5S1,0.0462538982957603
RNF24,0.0770479504784252
RASSF2,0.192969254352708
TMEM230,0.144234623878866
PCNA,0.205985029324856
GPCPD1,0.068467688672945
C20orf196,0.162918191522683
CHGB,0.544234291813684
TMX4,0.0836161114158442
ANKEF1,0.059575348684345
MKKS,0.061712119085034
SLX4IP,0.036032474753702
JAG1,0.119990022762828
RP11-103J8.1,0.0897241917892991
SNRPB2,0.00444043436460261
PCSK2,0.120094105869651
DSTN,0.278941924323571
SNX5,0.0429052906995608
PET117,0.472562514289319
SEC23B,0.196779624442827
DTD1,0.114978017155198
NAA20,0.190682320898023
CST3,0.123760549670781
APMAP,0.129690638397226
VSX1,0.120094105869651
RP5-965G21.6,0.120094105869651
ABHD12,0.0344134763201578
NANP,0.166195712828281
PDRG1,0.182903435488483
PLAGL2,0.0286218766245236
KIF3B,0.0636440340653907
COMMD7,0.101744559513473
SNTA1,0.0806920743039426
NECAB3,0.186530492089723
RALY,0.282836406474475
EIF2S2,0.0627829127806905
DYNLRB1,0.522991703933532
MAP1LC3A,0.463607097905017
PIGU,0.104172658297493
TP53INP2,0.0776527652762724
ACSS2,0.0819735154669578
FAM83C-AS1,0.120094105869651
ERGIC3,0.0921459076838424
CPNE1,0.0214399268901842
ROMO1,0.717422957317627
SCAND1,0.106920981888034
CNBD2,0.0933392087105394
NORAD,0.0189026268192941
RP4-550H1.7,0.106886735376575
AAR2,0.0427538867555933
C20orf24,0.03850095528011
RPN2,0.0272765518515782
BLCAP,0.0411882182057108
NNAT,0.120094105869651
CTNNBL1,0.154520512185866
TTI1,0.260975756839446
RPRD1B,0.0570006479695786
RP4-616B8.4,0.120094105869651
OSER1-AS1,0.179400544610565
GDAP1L1,0.0836870924642962
PKIG,0.0065858580032028
WFDC2,0.0989803510389126
WFDC3,0.257098632071559
DNTTIP1,0.037950157061052
ACOT8,0.237591266590696
NEURL2,0.0700687382817157
CTSA,0.594932128950738
PCIF1,0.0662659349905115
MMP9,0.0639522942890742
SLC35C2,0.286801036305483
ELMO2,0.0378263001713285
ZFAS1,0.764590023908195
SPATA2,0.0423916869084053
UBE2V1,0.051802814773042
TMEM189,0.191859730917265
PARD6B,0.404593526819843
BCAS4,0.148279792936025
PFDN4,0.324004923067682
FAM210B,0.126820023758424
ATP5E,0.769899628388686
PRELID3B,0.221778485257132
FAM217B,0.13681006233522
PSMA7,0.110664168232485
OSBPL2,0.0819518515278609
ADRM1,0.161807836693365
RP5-908M14.9,0.119523526578731
RPS21,0.990250677380833
OGFR,0.0441610776252635
RP4-563E14.1,0.34862001561824
PPDPF,0.560505265122233
CTD-3184A7.4,0.140106593966931
SLC2A4RG,0.0817202600860109
DNAJC5,0.176860617474737
BSG,1.12670099773267
HCN2,0.11278518982613
RNF126,0.148104195150994
CFD,0.336060122566638
MED16,0.0223084090204093
R3HDM4,0.168821422442477
WDR18,0.0764847170444842
ABCA7,0.26963717963705
POLR2E,0.0220706203621692
GPX4,0.601121789678442
STK11,0.0521338437710443
ATP5D,0.184978029136026
NDUFS7,0.742079865357475
RPS15,1.01334888131633
CTB-25B13.12,0.0668081890849909
C19orf25,0.196700824002125
CTB-25B13.9,0.231520917992341
MBD3,0.0740621147585678
UQCR11,1.34344754788863
TCF3,0.0568409531315934
REXO1,0.0581437813297561
KLF16,0.0855128216034019
CTB-31O20.2,0.209595525615156
ABHD17A,0.103461805557208
CSNK1G2,0.01832310124167
MKNK2,0.130985376140517
PLEKHJ1,0.162511455595184
SF3A2,0.269901834595041
OAZ1,0.33764521577403
LSM7,0.82853460352156
TIMM13,0.0218483378761151
GNG7,0.105949549425097
SGTA,0.258724021765793
THOP1,0.0261035054427167
ZNF57,0.120094105869651
ZNF77,0.342209675571081
NCLN,0.151582951109365
SMIM24,0.0432570876616706
MRPL54,0.25813889507419
ZFR2,0.510182543827567
MAP2K2,0.0651728290320446
CCDC94,0.0114635292203511
MPND,0.100682811781158
SH3GL1,0.0673687743875521
CHAF1A,0.0730722380985453
DPP9,0.0123337375480903
MIR7-3HG,0.262152918642576
AC005523.3,0.0996780195555518
KDM4B,0.134950746496465
RPL36,1.33116303329079
C19orf70,0.418256115405303
HSD11B1L,0.120734807371822
NRTN,0.0819255021764212
NDUFA11,0.936008968025034
RANBP3,0.293162713004767
MLLT1,0.114587674973946
CLPP,0.060647388533283
ALKBH7,0.703756116531721
SLC25A23,0.0836808411997971
CRB3,0.120094105869651
GPR108,0.38170133139339
TRIP10,0.127355524449473
INSR,0.0059625461390266
C19orf45,0.2928345949225
MCOLN1,0.0186906292406839
PNPLA6,0.0227716699701044
PET100,0.721382146916616
PCP2,0.000304598272405933
STXBP2,0.183858014040729
EVI5L,0.0784794551097436
CTD-2325M2.1,0.0872337103007669
NDUFA7,0.210200090666872
RPS28,1.08066778499855
MARCH2,0.0489454164293931
ZNF414,0.127279885109234
ZNF558,0.0350091364378447
ZNF561,0.0182077549891121
UBL5,0.485482976804527
CTD-2623N2.11,0.302624312286137
COL5A3,0.0260108590915398
PPAN,0.0464598299438731
EIF3G,0.138631305992633
ZGLP1,0.120094105869651
ATG4D,0.125540584140838
TMED1,0.133163542465267
CARM1,0.0344542031348144
CTC-510F12.7,0.105499150118839
TMEM205,0.0139569937434318
CCDC159,0.0327177002481756
PRKCSH,0.231087631559792
ACP5,0.229438229624313
ZNF491,0.260975756839446
ZNF440,0.095378929100794
FBXW9,0.0350091364378447
TNPO2,0.153468942826017
C19orf43,0.315422423792991
ASNA1,0.00990737091549004
RTBDN,0.947230899214704
CTD-2265O21.3,0.111606413328809
MAST1,0.100667123246896
FARSA,0.161303562649625
CALR,0.612419036172867
CTC-425F1.4,0.120094105869651
GADD45GIP1,0.110708585825585
C19orf53,0.315437107773773
DCAF15,0.0529446566743466
SAMD1,0.0835156539554403
ADGRE5,0.104603885916091
PKN1,0.0214399268901842
NDUFB7,0.424534237912125
ILVBL,0.201482440546584
C19orf44,0.0817202600860109
SMIM7,0.460463818346818
SIN3B,0.0806234119242055
USE1,0.134768337990826
NR2F6,0.116802778198336
BABAM1,0.175532427698782
ABHD8,0.114820140861875
MRPL34,0.203963364491561
DDA1,0.120146088933802
CTD-2521M24.11,0.013119482961635
PGLS,0.38410992215956
RPL18A,0.710932017030636
CCDC124,0.415660894764345
LSM4,0.290367647856665
SSBP4,0.00324446546358026
UBA52,0.524541047634201
C19orf60,0.682907976394167
TMEM59L,0.118877274342821
CRTC1,0.0368529808133345
UPF1,0.0700687382817157
BORCS8,0.528174129283926
GATAD2A,0.150434409326423
NDUFA13,0.43080576817026
LINC00663,0.0228729127669216
ZNF506,0.013119482961635
ZNF253,0.308400499598992
ZNF90,0.181542110385229
ZNF429,0.112831900010981
ZNF100,0.0489454164293931
UQCRFS1,0.175146355165348
CTB-32O4.2,0.0673687743875521
AC007773.2,0.120094105869651
PDCD5,0.337603086598049
RGS9BP,0.0603086697215772
NUDT19,0.215339161731595
CEBPG,0.144279009031721
KCTD15,0.427754386371165
PDCD2L,0.0523854468807272
UBA2,0.221653119215296
ZNF599,0.0480401682025112
GRAMD1A,0.0143523076593726
USF2,0.167857739744843
KRTDAP,0.120094105869651
TMEM147,0.186053085063734
ETV2,0.164888751877371
COX6B1,0.554712654295421
KMT2B,0.038307292664472
U2AF1L4,0.646553331443285
PSENEN,0.0649499138981451
APLP1,0.258390450187062
NFKBID,0.0627876421250426
HCST,0.0910635665306249
SDHAF1,0.00877096603487828
CLIP3,0.00809671445604034
THAP8,0.223487316441411
WDR62,0.0643455811761541
POLR2I,0.74429909939167
TBCB,0.346477845048418
COX7A1,0.908927746256474
LINC00665,0.296656594671807
ZNF529-AS1,0.285459340267086
LINC01534,0.0781186219960827
ZNF790-AS1,0.0184279579496893
ZNF568,0.0653899478286143
ZNF420,0.152636403567978
HKR1,0.279517966154242
ZNF527,0.0397383350916115
ZNF569,0.0339949782790155
ZNF793-AS1,0.0844599997648935
ZNF571-AS1,0.00947832652055288
ZFP30,0.0107870726622416
ZNF573,0.0643455811761541
SPINT2,0.16250447385687
YIF1B,0.0967253595758645
EIF3K,0.485972997693533
ACTN4,0.0707961383101642
SIRT2,0.0229854793546921
NFKBIB,0.0765406854802625
GMFG,0.120094105869651
PAF1,0.107154767246791
RPS16,0.875672494392626
TIMM50,0.181513265170579
FBL,0.0622882716284359
ZNF780B,0.129812792566683
PLD3,0.292396667885067
BLVRB,0.0993136167941708
SHKBP1,0.120094105869651
COQ8B,0.149253112294019
AXL,0.120094105869651
HNRNPUL1,0.0902729358757257
TMEM91,0.151679587228582
EXOSC5,0.020063173922807
RPS19,0.949744368197685
ARHGEF1,0.0479982230780508
RABAC1,0.0977291999859334
ATP1A3,0.853387058718742
ZNF574,0.0179436422612709
DEDD2,0.204931101186776
MEGF8,0.34148283466931
LIPE-AS1,0.310236276620338
ETHE1,0.0802323293100795
XRCC1,0.100667123246896
PINLYP,0.120094105869651
ZNF428,0.195655462967297
LYPD5,0.104603885916091
RP11-15A1.2,0.120094105869651
ZNF225,0.081454150220456
ZNF234,0.040207195834042
ZNF227,0.0315909255669417
TOMM40,0.192087229576787
APOC1,0.120094105869651
CLPTM1,0.264837982560405
CTB-179K24.3,0.172337676758877
GEMIN7,0.04246269419523
MARK4,0.0292063556860833
TRAPPC6A,0.0772904509639365
BLOC1S3,0.192880962343146
SNRPD2,0.463164016204317
FBXO46,0.10242670272846
IGFL4,0.196727849742944
IGFL2,0.120094105869651
HIF3A,0.120094105869651
PPP5D1,0.0380311817885424
CALM3,0.425210418951602
STRN4,0.083422180611929
FKRP,0.249844805120185
AP2S1,0.0889081083285704
NAPA-AS1,0.120094105869651
GLTSCR2,0.714265053225097
SELENOW,0.884007458265745
CRX,0.43221931377677
ELSPBP1,0.844486541368612
PLA2G4C,0.717893535778176
PLA2G4C-AS1,0.301937246463536
CARD8,0.0586253714766313
TMEM143,0.161935096213826
KDELR1,0.0250062963973083
LMTK3,0.0989803510389126
CTC-273B12.10,0.120094105869651
RPL18,0.205081600259935
FTL,0.798476533551681
GYS1,0.132866739012874
RUVBL2,0.188945747617849
LIN7B,0.218424749428157
PPFIA3,0.0836997361261627
CD37,0.0808923382290964
RPL13A,0.840233892980684
RPS11,0.0496341730350653
PRR12,0.0489454164293931
FUZ,0.0318034694594948
AKT1S1,0.0848871888788515
TBC1D17,0.0670177720871688
ZNF473,0.199674169454042
MYH14,0.0338798174915783
NR1H2,0.0809153121334774
FAM71E1,0.238899801728519
JOSD2,0.324799397618153
C19orf81,0.165568273853354
CLEC11A,0.158552685075232
C19orf48,0.35375513571759
CLDND2,0.0554658806232431
ZNF175,0.0764385298141842
SPACA6,0.0872044863598796
ZNF649,0.00174279320483781
ZNF350-AS1,0.046131760059527
ZNF350,0.0134689959750423
ZNF841,0.199674169454042
ZNF836,0.0480401682025112
ZNF880,0.0480494863479055
ZNF808,0.0260108590915398
ZNF701,0.0474830944722643
ZNF415,0.0407767660873311
ZNF845,0.120094105869651
NDUFA3,1.01298932785288
TFPT,0.215250863860813
MBOAT7,0.145960404116533
RPS9,0.736666108388706
CDC42EP5,0.120094105869651
PPP1R12C,0.0663171068105312
PPP6R1,0.0414679455068443
BRSK1,0.0747976675418398
RPL28,0.972924324272657
ISOC2,0.127412593860975
NAT14,0.0778168004442775
ZNF784,0.0944743178072158
ZNF580,0.1088010512183
ZNF581,0.128858023239506
CCDC106,0.0925613731327519
U2AF2,0.102214001197582
ZNF787,0.0083990421271804
AC006116.17,0.0560689910339397
ZNF582,0.00206808180252933
ZNF582-AS1,0.182927759666776
ZNF471,0.0258595157157156
AC007228.11,0.39174404300126
PEG3,0.0620166987261514
ZNF805,0.0960050193260183
CTC-444N24.13,0.0517472980272944
ZNF530,0.145849688780999
ZNF586,0.0620166987261514
CTD-3138B18.5,0.0700687382817157
LLNLR-245B6.1,0.204947408776193
A1BG,0.119556537082602
RPS5,0.938933833297722
CTD-2619J13.14,0.120094105869651
ZNF446,0.00630806877778415
SLC27A5,0.270257447811483
MZF1-AS1,0.0163997315101308
MZF1,0.129431517881182
IL17RA,0.120094105869651
HDHD5,0.119825854249871
CECR3,0.0858315895802797
BCL2L13,0.105344772583553
DGCR14,0.0227716699701044
LINC01311,0.120094105869651
C22orf39,0.225956396538801
MRPL40,0.311076602218332
GNB1L,0.0596476469044551
ARVCF,0.0930651325517768
RANBP1,0.180644425702092
DGCR6L,0.270989570775848
KLHL22,0.0306608306026907
LZTR1,0.0523854468807272
THAP7,0.194449701882215
THAP7-AS1,0.191849985513927
TMEM191C,0.109428612925356
YDJC,0.204592448244593
SDF2L1,0.101150841840734
PPIL2,0.0713201363784793
PPM1F,0.0889070512364832
GNAZ,0.455188345145757
BCR,0.0829805554418354
CHCHD10,1.12240120560445
MIF,0.5907178535689
MIF-AS1,0.114212332562561
DDT,0.452881968519232
SPECC1L,0.070656838113046
SNRPD3,0.163528745153479
LRP5L,0.120094105869651
TPST2,0.159466980325201
RASL10A,0.10160059923326
AP1B1,0.232519746105668
THOC5,0.0757847159244591
NIPSNAP1,0.174305420391631
ZMAT5,0.158195864546523
UQCR10,1.3226926423477
SF3A1,0.101121166502159
CCDC157,0.209913339287778
SEC14L2,0.198615267215996
PES1,0.00479402137935358
MORC2,0.0651377726814829
SELENOM,0.403479999210232
RNF185,0.096888922633014
IFT27,0.0131150031630092
PVALB,0.317248958171721
KCTD17,0.120094105869651
C22orf23,0.0949013332861801
POLR2F,0.155364661806473
CBY1,0.316015618616825
JOSD1,0.038307292664472
APOBEC3C,0.120094105869651
RPL3,0.600072643128743
SYNGR1,0.228508236207266
ATF4,0.227735870484096
RPS19BP1,0.65380239404088
ADSL,0.00543407704554858
SGSM3,0.0668081890849909
MKL1,0.0664405902598761
RBX1,0.769036792988495
RANGAP1,0.277260177807032
ZC3H7B,0.065975939806093
PHF5A,0.161245363032609
POLR3H,0.489294604376347
PMM1,0.155779416093432
DESI1,0.0193523247067643
SNU13,0.515114333328582
CCDC134,0.120094105869651
CENPM,0.0959945528481016
SMDT1,0.735581874595484
NDUFA6,0.748249444020624
LINC01315,0.00964264035946193
CYB5R3,0.0567251024209236
ATP5L2,0.0870764106156459
TSPO,0.33885474194128
EFCAB6,0.0872044863598796
PNPLA3,0.00537596607564622
PARVB,0.111819687636139
PHF21B,0.0242095945868
NUP50-AS1,0.0686364828092136
CITF22-92A6.1,0.449180996151448
PRR34-AS1,0.515701524497086
PPARA,0.189486689452982
CDPF1,0.215914086239693
TTC38,0.0677887004203322
TRMU,0.194559471151911
CTA-29F11.1,0.134726367528848
MOV10L1,0.189906267232434
PANX2,0.0949013332861801
PLXNB2,0.0930651325517768
DENND6B,0.00809671445604034
SBF1,0.171405709738024
SYCE3,0.0949013332861801
CHKB,0.0980045825608149
MAPK8IP2,0.11413581171829
RABL2B,0.132401015652466
bP-21264C1.2,0.174214454247733
HSPA13,0.0453199499359489
MIR99AHG,0.120094105869651
CXADR,0.00345334424090839
JAM2,0.241790341259261
N6AMT1,0.000523484254322516
LTN1,0.0374647404766845
SOD1,0.0790138891432865
MIS18A,0.0204236696029043
MIS18A-AS1,0.0625228050485329
URB1,0.095378929100794
URB1-AS1,0.259240836793294
IFNAR2,0.0434865719074869
IL10RB-AS1,0.120094105869651
IL10RB,0.0124571276973623
ATP5O,0.713183239555494
SETD4,0.16833453221069
AP000704.5,0.256472103502594
PSMG1,0.115185020458305
BRWD1,0.0501945133967105
HMGN1,0.487585497975338
WRB,0.160202827759492
LCA5L,0.000523484254322516
ZBTB21,0.21608257998168
RSPH1,0.346671778010302
NDUFV3,0.290620623394982
CSTB,0.269649146809739
AGPAT3,0.0998302265371112
SUMO3,0.0827635009585869
FAM207A,0.0259845854053793
COL18A1,0.120094105869651
SLC19A1,0.120094105869651
PCBP3,0.0534760705705436
LSS,0.0639522942890742
YBEY,0.308400499598992
PRMT2,0.0881715822398174

