XLOC-000016,0.0244495152404946
XLOC-000105,0.0244495152404946
XLOC-000023,0.0244495152404946
XLOC-000108,0.191417436570461
XLOC-000109,0.441727480782587
XLOC-000026,0.611854655697082
XLOC-000112,0.616188479672701
XLOC-000116,0.0244495152404946
XLOC-000142,0.0725811751031732
XLOC-000131,1.04152872435968
XLOC-000064,0.0244495152404946
XLOC-000073,0.0297188575803207
XLOC-000071,0.0244495152404946
XLOC-000269,0.0414695609834494
XLOC-000270,1.72216049785914
XLOC-000317,0.405544276542053
XLOC-000345,0.000130368595593589
XLOC-000354,0.0244495152404946
XLOC-000356,0.0301222287314516
XLOC-000477,0.0244495152404946
XLOC-000484,0.0244495152404946
XLOC-000442,2.44075008989078
XLOC-000444,0.0412187512010085
XLOC-000446,0.0244495152404946
XLOC-000447,1.33018874826053
TRINITY-DN2688-c0-g1-i2.mrna2,0.0244495152404946
XLOC-000454,0.124470658821163
XLOC-000508,0.029851622748914
XLOC-032168,0.0486409237558161
XLOC-000572,0.527283912798646
XLOC-000681,0.36725532655343
XLOC-000626,0.683011009165129
XLOC-000636,0.00305121607410541
XLOC-000638,0.0986001008564328
XLOC-000641,0.0173196866730316
XLOC-000585,0.0244495152404946
XLOC-000643,0.0734905204160454
XLOC-000652,0.774083249577901
XLOC-000590,0.0486409237558161
XLOC-000647,0.0244495152404946
XLOC-000648,4.76903927599205
XLOC-000649,0.00938985125732224
XLOC-000654,5.52320500569248
XLOC-000656,0.0244495152404946
XLOC-000599,0.0244495152404946
XLOC-000747,0.0244495152404946
XLOC-000718,0.0032442061285417
XLOC-000735,0.0244495152404946
XLOC-000752,0.0283262180397426
XLOC-000725,0.0244495152404946
XLOC-000758,0.0244495152404946
XLOC-000769,0.0486409237558161
XLOC-000801,0.0486409237558161
XLOC-000742,0.0486409237558161
XLOC-000775,1.16661442390083
XLOC-000820,0.0508025373395924
XLOC-000859,0.0725811751031732
XLOC-000873,1.83013845445685
XLOC-000875,0.0244495152404946
XLOC-000878,0.701323670603786
XLOC-000842,0.0257494208538586
XLOC-000886,0.0244495152404946
XLOC-000941,0.0486409237558161
XLOC-000943,0.0233464847436945
XLOC-000986,0.033084064736869
XLOC-000952,1.79188758535684
XLOC-000985,0.138523343653003
XLOC-000988,0.0244495152404946
XLOC-000954,0.0244495152404946
XLOC-000956,5.47044838490139
XLOC-001003,0.0141983908064443
XLOC-000963,0.0626751269478611
XLOC-000968,0.0244495152404946
XLOC-000971,2.20641487289151
XLOC-000973,3.17922071866577
XLOC-000977,0.00380837284615079
XLOC-000979,0.00416778926564747
XLOC-001014,2.3710001641994
XLOC-001015,0.345716168006159
XLOC-001073,0.0459768785072397
XLOC-001118,0.0244495152404946
XLOC-001119,0.0244495152404946
XLOC-001088,0.244206781103235
XLOC-001125,0.176216409409076
XLOC-001090,0.0698476270004716
XLOC-001126,1.52488085032883
XLOC-001093,0.00594678333195944
XLOC-001216,0.154259151834422
XLOC-001218,1.73707772620657
XLOC-001222,0.706208134740309
XLOC-001282,0.012925333066995
XLOC-001231,0.303199027894322
XLOC-001302,0.0244495152404946
XLOC-001309,0.709248761216493
XLOC-001342,0.0175719057058402
XLOC-001319,0.268676649192399
XLOC-001351,0.0962769465913454
XLOC-001412,0.0244495152404946
XLOC-001443,0.134695359057664
XLOC-001441,0.0244495152404946
XLOC-001421,0.0451142625224732
XLOC-001463,0.0244495152404946
XLOC-001462,0.0486409237558161
XLOC-001461,0.0244495152404946
XLOC-001427,1.22399370367079
XLOC-001467,0.0244495152404946
XLOC-001472,0.0333681852003502
XLOC-001436,7.22635696551919
XLOC-001437,7.91956314605276
XLOC-001525,0.0132573807936075
XLOC-001556,0.703053655982278
XLOC-001639,0.0244495152404946
XLOC-001618,0.38469395889011
XLOC-001630,0.0130842982713226
XLOC-001706,0.0244495152404946
XLOC-001758,5.14654321548
XLOC-001749,0.0478886304979283
XLOC-001750,0.000915470470749958
XLOC-001757,0.321088247046814
XLOC-001763,0.0244495152404946
XLOC-001729,0.0326562257594943
XLOC-001773,0.0244495152404946
XLOC-001817,0.477047591070992
XLOC-001846,1.05271660246653
XLOC-001853,0.0486409237558161
XLOC-001828,0.0157888873539649
XLOC-001830,0.165960359771132
XLOC-001831,0.0108143606819915
XLOC-001859,0.0244495152404946
TRINITY-DN46054-c0-g1-i1.mrna1,0.0486409237558161
XLOC-001908,0.0244495152404946
XLOC-001925,0.0486409237558161
XLOC-001949,0.781631908414298
XLOC-002006,2.45867830030824
XLOC-002005,0.0244495152404946
XLOC-002018,0.268676649192399
XLOC-001983,0.0244495152404946
XLOC-001984,0.0244495152404946
XLOC-002023,1.22567824385635
XLOC-001994,1.80838839740769
XLOC-002113,0.0244495152404946
XLOC-002090,0.133348656104532
XLOC-002132,0.450772812069372
XLOC-002098,0.0486409237558161
XLOC-002134,0.0108753894296334
XLOC-002200,0.0287211837827235
XLOC-002201,0.0244495152404946
XLOC-002169,0.0332945534080425
XLOC-002182,0.0244495152404946
XLOC-002189,0.0244495152404946
XLOC-002281,1.74975217205245
XLOC-002285,0.0521338445144636
XLOC-002288,0.370835015234619
XLOC-002262,0.012925333066995
XLOC-002261,0.0244495152404946
XLOC-002271,0.638886915675706
XLOC-002273,0.000695303607749822
XLOC-002359,0.0244495152404946
XLOC-002387,0.0244495152404946
XLOC-002390,0.0962769465913454
XLOC-002367,0.0725811751031732
XLOC-002454,0.0486409237558161
XLOC-002435,0.00536003416483599
XLOC-002441,0.0244495152404946
XLOC-002468,0.0244495152404946
XLOC-002445,0.00527669429913667
XLOC-002481,0.0486409237558161
XLOC-002572,0.00495922577597574
XLOC-002539,0.0244495152404946
XLOC-002543,1.83733422598722
XLOC-002564,0.265718092742758
XLOC-002551,0.0145742962708056
XLOC-002601,0.0244495152404946
XLOC-002633,0.0244495152404946
XLOC-002632,0.130003339900813
XLOC-002609,0.0244495152404946
XLOC-002622,0.0244495152404946
XLOC-002701,0.0279032542362135
XLOC-002710,0.0244495152404946
XLOC-002687,0.0244495152404946
XLOC-002768,0.936545142062049
XLOC-002797,0.0244495152404946
XLOC-002776,0.0186928115784673
XLOC-002800,0.0244495152404946
XLOC-002748,0.0244495152404946
XLOC-002756,0.0117812241617195
XLOC-002790,0.467260067622781
XLOC-002848,0.0486409237558161
XLOC-002837,0.0244495152404946
XLOC-002905,0.0244495152404946
XLOC-002867,0.00225448366599772
XLOC-002946,0.00781732668315824
XLOC-002919,0.221243747500116
XLOC-002949,0.232740564065478
XLOC-002968,0.433215990693058
XLOC-002970,0.0244495152404946
XLOC-002940,0.0486409237558161
XLOC-003027,0.0244495152404946
XLOC-003028,0.0244495152404946
XLOC-003036,0.957818287393038
XLOC-003042,0.939150131279156
XLOC-003111,0.0194487620676626
XLOC-003089,0.0244495152404946
XLOC-003118,0.261284888114778
XLOC-003113,4.43188509638469
XLOC-003161,0.00701013043959508
XLOC-003185,2.35712480992518
XLOC-003188,0.0244495152404946
XLOC-003164,0.0215339922278407
TRINITY-DN511-c0-g2-i1.mrna1,0.0244495152404946
XLOC-003168,3.46517169271216
XLOC-003192,0.581253438653014
XLOC-003181,0.0244495152404946
XLOC-003262,0.0486409237558161
XLOC-003265,0.0244495152404946
XLOC-003328,0.0244495152404946
XLOC-003332,0.0486409237558161
XLOC-003343,1.29443708403006
XLOC-003415,0.00072414266794881
XLOC-003355,0.930050731405191
XLOC-003384,0.0911751823191433
XLOC-003356,0.119734657313575
XLOC-003443,1.60634851905097
XLOC-003424,0.0244495152404946
XLOC-003431,1.42113433056376
XLOC-003453,3.73883194114243
XLOC-003434,0.19996999989077
XLOC-003516,0.00929638670691107
XLOC-003584,0.0244495152404946
XLOC-001699,0.000915470470749958
XLOC-003677,0.0244495152404946
XLOC-003650,0.906024848029053
XLOC-003684,0.0725811751031732
XLOC-003661,2.08070941570094
XLOC-003662,0.0585900943468343
XLOC-003673,0.0486409237558161
XLOC-003690,0.0244495152404946
XLOC-003712,0.0244495152404946
XLOC-003722,0.0048604642339499
XLOC-003724,2.09861078225235
XLOC-003735,0.522358652532295
XLOC-003737,0.813739137595315
XLOC-003739,0.107342007820401
XLOC-003731,0.0486409237558161
XLOC-003785,0.0487963667581652
XLOC-003766,0.0939317772983613
XLOC-003787,0.0244495152404946
XLOC-003840,0.0367556718435445
XLOC-003782,0.000497197930658389
XLOC-003854,1.70504406086001
XLOC-003884,0.0244495152404946
XLOC-003888,0.0244495152404946
TRINITY-DN12448-c0-g1-i2.mrna1,0.0244495152404946
XLOC-003981,0.0244495152404946
TRINITY-DN29200-c0-g1-i3.mrna1,0.0244495152404946
XLOC-004008,1.94966863552394
XLOC-004023,0.253757726875267
XLOC-004013,0.0244495152404946
XLOC-004035,0.0211439439174989
XLOC-004090,0.00907977854205935
XLOC-004078,0.862282611444
XLOC-004085,0.840967910108046
XLOC-004160,0.0486409237558161
XLOC-004165,0.0576944926493382
XLOC-004242,2.03524847880281
XLOC-004208,0.0725811751031732
XLOC-004212,0.231587673332343
XLOC-004306,0.0125421596813747
XLOC-004298,0.0486409237558161
XLOC-004302,0.0120857755546278
XLOC-004291,0.0244495152404946
XLOC-004378,0.0725811751031732
XLOC-004360,0.0725811751031732
XLOC-004362,0.623062003116725
XLOC-004381,0.0267583585472082
XLOC-004390,0.0244495152404946
XLOC-004463,0.0486409237558161
XLOC-004443,1.01034214550131
XLOC-004468,0.0244495152404946
XLOC-004444,0.00810564672809787
XLOC-004473,0.0218337896547265
XLOC-004478,0.255811724755163
TRINITY-DN31409-c0-g1-i2.mrna1,0.110027324704759
XLOC-004520,0.201965374501619
TRINITY-DN9729-c0-g1-i2.mrna2,0.255811724755163
XLOC-004509,0.0714332476006157
TRINITY-DN15877-c0-g1-i1.mrna1,0.0244495152404946
XLOC-004572,0.000222652678377914
XLOC-004586,0.0244495152404946
XLOC-004597,0.0167045172936619
XLOC-004576,0.0244495152404946
XLOC-004577,0.0156936635358623
XLOC-004583,0.20453645352484
XLOC-004610,2.07288773693646
XLOC-004673,0.0244495152404946
XLOC-004658,0.0307661759879912
XLOC-004659,0.0725811751031732
XLOC-004678,0.0244495152404946
XLOC-004715,0.0486409237558161
XLOC-004756,0.119734657313575
XLOC-004730,0.309214401071119
XLOC-004759,0.211304950088717
XLOC-004731,0.0260249908419777
XLOC-004733,2.921191025014
XLOC-004718,0.0244495152404946
TRINITY-DN15849-c2-g1-i1.mrna1,0.0244495152404946
XLOC-004821,1.77734201738458
XLOC-004829,0.0486409237558161
XLOC-004793,0.811021881407778
XLOC-004836,0.00221540669017252
XLOC-004887,0.0244495152404946
XLOC-026181,0.0486409237558161
XLOC-004923,0.0864715730500824
XLOC-004911,0.000717732830474233
XLOC-004889,0.246642605904397
XLOC-004925,0.0244495152404946
XLOC-004976,0.0291506342912975
XLOC-004960,0.119734657313575
XLOC-004979,0.0244495152404946
XLOC-005392,0.0244495152404946
XLOC-005023,0.0590952411587201
XLOC-005039,0.0143913858719282
XLOC-005040,0.0244495152404946
XLOC-005118,0.019344889887849
XLOC-005124,0.0244495152404946
XLOC-005125,0.0134772223578919
XLOC-005128,6.75271734671376
XLOC-005108,0.0725811751031732
XLOC-005109,0.42117163013922
XLOC-005181,0.0173196866730316
XLOC-005159,4.2150279189261
XLOC-005190,0.0109600366548068
XLOC-005209,0.0244495152404946
XLOC-005196,0.0486409237558161
XLOC-005198,0.872551551182147
XLOC-005236,0.00511693750136619
XLOC-005246,0.0173240898489141
XLOC-005295,2.08017006727999
XLOC-005308,0.0244495152404946
XLOC-005314,0.00921661115579074
XLOC-005302,0.0244495152404946
XLOC-005365,0.0244495152404946
XLOC-005375,0.0244495152404946
XLOC-005355,0.0244495152404946
XLOC-005358,0.301733719911332
XLOC-005417,0.0244495152404946
XLOC-005427,0.0486409237558161
XLOC-005447,0.00732585250738761
XLOC-005430,0.255811724755163
XLOC-005436,0.0244495152404946
XLOC-005536,0.0244495152404946
XLOC-005550,2.91673142120698
XLOC-005551,0.375989692370906
XLOC-005569,0.00579459821546312
XLOC-005559,0.0244495152404946
XLOC-005572,0.0244495152404946
XLOC-005560,0.224407184878884
XLOC-005601,0.0962769465913454
XLOC-005604,0.121264617407475
XLOC-005606,0.0244495152404946
XLOC-005608,0.0244495152404946
XLOC-005639,0.0873759317371696
XLOC-005641,0.0486409237558161
XLOC-005666,1.89534017566525
XLOC-005651,0.0386314617803358
XLOC-005669,4.58715135172913
XLOC-005707,0.0725811751031732
XLOC-005768,0.0244495152404946
XLOC-005783,0.0626751269478611
XLOC-005844,0.0486409237558161
XLOC-005866,0.0661822489731112
XLOC-005894,0.0109243617144442
XLOC-005897,0.0244495152404946
XLOC-005903,1.80062304576862
XLOC-005920,0.0962769465913454
XLOC-005973,2.0914476237218
XLOC-005995,0.00938314426184417
XLOC-005996,0.015434483161858
XLOC-006015,0.0486409237558161
XLOC-006050,0.0244495152404946
XLOC-006067,0.0244495152404946
XLOC-006052,0.0244495152404946
XLOC-006053,0.0862225914028231
XLOC-006058,0.110027324704759
TRINITY-DN17314-c0-g1-i1.mrna1,0.119734657313575
XLOC-006074,0.0376686308732136
XLOC-006077,0.0244495152404946
XLOC-006107,0.900133202104542
XLOC-006132,1.01416484951818
XLOC-006153,0.830547596145089
XLOC-006178,0.0591257189804515
XLOC-006162,0.133348656104532
XLOC-006185,0.0193135896933287
XLOC-006187,0.00937616027081609
XLOC-006189,0.142960481287742
XLOC-006190,0.0244495152404946
XLOC-006226,0.0768670477386479
XLOC-006216,0.953542866450302
XLOC-006222,0.0374200996388611
XLOC-024693,0.0725811751031732
XLOC-006329,0.0486409237558161
XLOC-006338,0.0244495152404946
XLOC-006339,0.11604060024886
XLOC-006325,0.0725811751031732
XLOC-006326,0.0486409237558161
XLOC-006376,0.719974804916611
XLOC-006387,0.0486409237558161
XLOC-006368,0.0244495152404946
XLOC-006369,0.0486409237558161
XLOC-006417,0.0254941024421137
XLOC-006419,0.297182164690786
XLOC-006432,0.0386314617803358
XLOC-006434,0.133348656104532
XLOC-006442,0.0635332487645967
XLOC-006497,0.0486409237558161
XLOC-006462,0.0244495152404946
XLOC-006463,0.0244495152404946
XLOC-006488,0.0600303098419113
XLOC-006489,0.591212051453216
XLOC-006470,0.0244495152404946
XLOC-006548,0.0244495152404946
XLOC-006540,0.00408819837411075
XLOC-006581,0.165960359771132
XLOC-006545,0.0962769465913454
XLOC-006558,0.0244495152404946
XLOC-006608,0.0322610337635586
XLOC-006598,0.019596184194207
XLOC-006662,0.0244495152404946
XLOC-006704,0.0123054373622397
XLOC-006720,0.0244495152404946
XLOC-006706,0.0860836958145588
XLOC-006723,0.0559752963943987
XLOC-006772,0.0151232796952413
XLOC-006798,0.0486409237558161
XLOC-006820,0.0424308374959458
XLOC-006817,0.0104584344841558
XLOC-006802,0.00524966489593981
XLOC-006861,0.0267483947898472
XLOC-006922,0.211304950088717
XLOC-006923,0.0211196877349394
XLOC-006984,0.0626751269478611
XLOC-006969,0.0341391726144488
XLOC-006975,0.0244495152404946
XLOC-007022,0.0244495152404946
XLOC-007023,0.0244495152404946
XLOC-007046,0.0244495152404946
XLOC-007038,0.0725811751031732
XLOC-007035,1.68165643446946
XLOC-007048,0.0244495152404946
XLOC-007094,0.00693212400982064
XLOC-007083,0.480790387373937
XLOC-007086,0.0244495152404946
XLOC-007091,0.00880223441487055
XLOC-007132,0.989935864653203
XLOC-007175,0.0200499853811267
XLOC-007218,0.0244495152404946
TRINITY-DN7883-c0-g1-i4.mrna1,0.156441603666491
XLOC-007264,0.0244495152404946
XLOC-007272,0.123398163682632
XLOC-007273,0.160203656109105
XLOC-007278,0.0551571313332593
XLOC-007343,0.0486409237558161
XLOC-007345,0.142333758270053
XLOC-007349,0.0244495152404946
XLOC-007352,1.48131910023122
XLOC-007394,0.0953826408296556
XLOC-007383,0.450210943992649
XLOC-007424,0.35489326624148
XLOC-007441,0.201965374501619
XLOC-007492,0.0119968020494616
XLOC-007475,0.467094809588779
XLOC-007527,0.00647170302379913
XLOC-007528,0.0244495152404946
XLOC-007593,0.0244495152404946
XLOC-007575,0.0244495152404946
XLOC-007597,0.188740012811229
XLOC-007598,0.0349945793928069
XLOC-007601,0.000222652678377914
XLOC-007653,0.642115194880678
XLOC-007658,0.0161926035803232
XLOC-007644,0.0962769465913454
XLOC-007694,0.0244495152404946
XLOC-007731,0.0244495152404946
XLOC-007737,0.00582477348120568
XLOC-007755,0.0759453758349493
XLOC-007838,0.0486409237558161
XLOC-007820,2.44681087120186
XLOC-007851,0.00324138341663628
XLOC-007926,0.0244495152404946
XLOC-007910,1.30225725461746
XLOC-007911,0.0244495152404946
XLOC-007939,0.0122946836739421
XLOC-007955,0.967199060332903
XLOC-007945,0.0125085151719571
XLOC-007946,0.0244495152404946
XLOC-007962,0.0244495152404946
XLOC-007953,0.0104999394681922
XLOC-008004,0.0244495152404946
XLOC-008048,7.81079243549315
XLOC-008047,2.30429975650467
XLOC-008085,0.0486409237558161
XLOC-008095,0.0244495152404946
XLOC-008103,0.615882955601179
XLOC-008169,0.0244495152404946
XLOC-008199,0.0626751269478611
XLOC-008187,0.0244495152404946
XLOC-008189,0.703737110809703
XLOC-008234,0.0991675558126463
XLOC-008215,0.0244495152404946
XLOC-008216,0.0244495152404946
XLOC-008219,0.0244495152404946
XLOC-008222,0.0196102869838915
XLOC-008225,1.08159894557512
XLOC-008230,0.0244495152404946
XLOC-008280,0.0164867165465308
XLOC-008272,2.6470990441293
XLOC-008273,0.521480739766612
XLOC-008327,0.00986302260572882
XLOC-008330,0.00679924174649121
XLOC-008322,0.0244495152404946
XLOC-008376,0.0486409237558161
XLOC-008413,0.478927407730578
XLOC-008424,0.464963421879022
XLOC-008425,0.0244495152404946
XLOC-008417,0.00999259852512215
XLOC-008464,0.0396221799523213
XLOC-008475,0.0244495152404946
XLOC-008501,0.0244495152404946
XLOC-008583,0.0308707431621488
XLOC-008584,0.0244495152404946
XLOC-008577,0.0244495152404946
XLOC-008627,1.55304154755468
XLOC-008613,0.0244495152404946
XLOC-008629,0.0231599924873067
XLOC-008632,0.0244495152404946
XLOC-008682,0.0244495152404946
XLOC-008688,0.0244495152404946
XLOC-008663,0.0962769465913454
XLOC-008709,0.0626751269478611
XLOC-008736,0.0244495152404946
XLOC-008755,0.147113050183532
XLOC-008756,0.0179230961950952
XLOC-008805,0.0196102869838915
XLOC-008851,1.08621671538066
XLOC-008852,0.0725811751031732
XLOC-008841,0.0158869216652801
XLOC-008845,0.0244495152404946
XLOC-045821,0.0244495152404946
XLOC-008949,0.0486409237558161
XLOC-008938,0.0244495152404946
XLOC-008931,1.10220469270304
XLOC-008970,0.0221793780427095
XLOC-008971,0.0244495152404946
XLOC-008964,0.0244495152404946
XLOC-008966,0.0244495152404946
XLOC-009008,0.454621824233663
XLOC-009002,1.80646919521304
XLOC-009053,0.0244495152404946
XLOC-009064,0.0486409237558161
XLOC-009065,1.14311942287959
XLOC-009125,0.462120618703867
XLOC-009089,0.021304244556712
XLOC-009137,0.0143913858719282
XLOC-009176,0.0725811751031732
XLOC-009170,0.124505476083623
TRINITY-DN26741-c0-g1-i2.mrna2,0.0244495152404946
XLOC-009191,0.188740012811229
XLOC-009198,0.00983926893038351
XLOC-009199,1.45313785096511
XLOC-009200,0.948329267021962
XLOC-009236,0.161952792871609
XLOC-009238,0.0244495152404946
XLOC-009240,0.165960359771132
XLOC-009268,2.29608852908781
XLOC-009321,0.00042762661062762
XLOC-009348,0.944938503854665
XLOC-009367,0.2168849710426
XLOC-009391,0.165960359771132
XLOC-009449,0.00755809777064848
XLOC-009456,0.0244495152404946
XLOC-009441,0.195573211681517
TRINITY-DN18427-c1-g1-i6.mrna1,0.0244495152404946
XLOC-009533,0.0244495152404946
XLOC-009530,0.00172541310895094
XLOC-009569,0.0386314617803358
XLOC-009593,0.188740012811229
XLOC-009604,0.0725811751031732
XLOC-009606,0.0244495152404946
XLOC-009607,0.224407184878884
XLOC-009597,0.0244495152404946
XLOC-009621,0.142960481287742
XLOC-009622,0.0962769465913454
XLOC-009649,0.0244495152404946
XLOC-009637,3.90675644551563
XLOC-009655,0.0386035082771852
XLOC-009669,0.00426007976759752
XLOC-009683,0.00508536780631669
XLOC-009716,0.0260617648824229
XLOC-009734,0.465206416753813
XLOC-009752,0.00566021423359228
XLOC-009770,0.0244495152404946
XLOC-009755,0.0244495152404946
XLOC-009815,0.0244495152404946
XLOC-009807,0.00511693750136619
XLOC-009835,0.0244495152404946
XLOC-009841,0.014643055086869
XLOC-009857,2.54507500538646
XLOC-009884,0.00599157919645466
XLOC-009896,0.0244495152404946
XLOC-009928,0.110027324704759
XLOC-009983,0.0742659479414445
XLOC-010011,0.0244495152404946
XLOC-010008,0.0386314617803358
XLOC-010013,0.0244495152404946
XLOC-010037,0.0244495152404946
XLOC-010065,0.0725811751031732
XLOC-010048,1.10752157453671
XLOC-010076,0.290514149790513
XLOC-010088,0.767503980611577
XLOC-010080,0.0962769465913454
XLOC-010129,0.0412181983060534
TRINITY-DN460-c0-g4-i2.mrna1,0.0486409237558161
XLOC-010231,0.0244495152404946
XLOC-010268,0.00826189908414184
XLOC-010274,0.465987256198546
XLOC-010276,0.110027324704759
XLOC-010333,0.129608714843285
TRINITY-DN15568-c0-g1-i1.mrna1,2.08648581770819
XLOC-010379,0.110027324704759
XLOC-010382,0.0185426644634619
XLOC-010401,0.446741009273493
XLOC-010410,0.00284800256674189
XLOC-010406,0.0244495152404946
XLOC-010413,0.0269597808844464
XLOC-025590,0.0244495152404946
XLOC-010450,0.0244495152404946
XLOC-010510,0.0244495152404946
XLOC-010516,0.0529512478930844
XLOC-010536,4.31636256179523
XLOC-010538,2.87405429697996
XLOC-010547,0.100651151129872
XLOC-010579,0.110027324704759
XLOC-010600,0.0244495152404946
XLOC-010608,0.000871736953835856
XLOC-010640,0.0244495152404946
XLOC-010671,0.00378897349339965
TRINITY-DN24462-c6-g1-i1.mrna1,0.0244495152404946
XLOC-010704,0.159322337844056
XLOC-010708,0.0244495152404946
XLOC-010763,0.0244495152404946
XLOC-010765,0.0244495152404946
XLOC-010810,0.0244495152404946
XLOC-010858,0.600600908635825
XLOC-010859,0.460467601521643
XLOC-010906,1.26098847704676
XLOC-010894,0.133348656104532
XLOC-010938,0.727500988115195
TRINITY-DN30646-c0-g1-i1.mrna1,0.0244495152404946
XLOC-010970,0.0626751269478611
XLOC-010978,0.0864715730500824
XLOC-010979,0.0244495152404946
XLOC-010994,0.0244495152404946
XLOC-011040,0.0011329334791048
XLOC-011071,0.0244495152404946
XLOC-011076,0.0134557306974674
XLOC-011086,0.0626751269478611
XLOC-011105,2.25726615529972
XLOC-011104,0.0245465781722498
XLOC-011118,0.0244495152404946
XLOC-011135,0.0244495152404946
XLOC-011159,0.0244495152404946
XLOC-011232,0.0244495152404946
XLOC-011278,0.0725811751031732
XLOC-011259,0.00322552747650666
XLOC-011263,0.0486409237558161
XLOC-011267,0.0244495152404946
XLOC-011298,0.00783524707260849
XLOC-011343,0.0244495152404946
XLOC-011325,0.0711388156934926
XLOC-011330,0.0244495152404946
XLOC-011387,0.23366048110412
XLOC-011477,2.08315823822965
XLOC-011534,0.0962769465913454
TRINITY-DN16725-c0-g1-i1.mrna1,0.0386314617803358
XLOC-011566,1.12824278961631
XLOC-011607,0.00884172653392811
XLOC-011598,2.4463003275748
XLOC-011629,0.0113043854797885
XLOC-011694,0.0165299573623415
XLOC-011702,0.0405498094066206
XLOC-011704,0.0244495152404946
XLOC-011710,1.52567686274357
XLOC-011740,0.0244495152404946
XLOC-011775,0.000274502880654451
XLOC-011778,0.502432824685059
XLOC-011819,1.79475033878987
XLOC-011807,0.0244495152404946
XLOC-011827,0.107739381498566
XLOC-011830,1.60505462437931
XLOC-011867,0.0864715730500824
XLOC-011868,0.85408843748878
XLOC-011863,0.741367203714199
XLOC-011870,0.165960359771132
XLOC-011904,0.0501594595015336
XLOC-011899,0.404887190834338
XLOC-011924,0.0244495152404946
XLOC-011928,0.0169680167239615
XLOC-011929,0.0244495152404946
XLOC-011966,2.01580502249687
XLOC-012057,0.00455788099796967
XLOC-012060,0.0244495152404946
XLOC-012054,0.0244495152404946
XLOC-012084,0.0244495152404946
XLOC-012088,1.8283756932242
XLOC-012101,0.0244495152404946
XLOC-012117,0.0244495152404946
XLOC-012141,0.13963407685483
XLOC-012194,0.0244495152404946
XLOC-012208,5.83283376128535
XLOC-012211,0.0244495152404946
XLOC-012264,0.0486409237558161
XLOC-012283,0.0388116097282121
XLOC-012284,0.0244495152404946
XLOC-012274,0.0366502735786582
XLOC-012330,0.0244495152404946
XLOC-012344,2.73192096947515
XLOC-012334,0.0244495152404946
TRINITY-DN127-c1-g1-i3.mrna1,0.0244495152404946
XLOC-012335,2.33235764024565
XLOC-012381,0.338482438274917
XLOC-012389,1.59858695016318
XLOC-012390,0.0104999394681922
XLOC-012396,0.201965374501619
XLOC-012427,1.1469170032925
XLOC-012515,0.0417299050127537
XLOC-012561,3.46754173188666
XLOC-012555,2.06859688061327
XLOC-012581,0.0244495152404946
XLOC-012583,0.0244495152404946
XLOC-012597,0.0244495152404946
XLOC-012601,4.18290599448255
XLOC-012603,0.502432824685059
XLOC-012630,0.00666995397637774
XLOC-012670,0.0244495152404946
XLOC-026944,0.0486409237558161
XLOC-012706,0.0244495152404946
XLOC-012707,0.133251157799191
TRINITY-DN12140-c0-g1-i5.mrna2,0.0244495152404946
XLOC-012735,0.0244495152404946
XLOC-012809,0.0244495152404946
XLOC-012827,0.0244495152404946
XLOC-012828,0.0244495152404946
XLOC-012842,0.0244495152404946
XLOC-012846,0.0237734863566048
XLOC-012880,0.0244495152404946
XLOC-012970,0.0244495152404946
XLOC-012971,0.70417758639519
XLOC-012991,0.940699700111511
XLOC-012995,0.0244495152404946
TRINITY-DN18202-c0-g1-i1.mrna1,0.0486409237558161
XLOC-013023,1.79429001323852
XLOC-013020,0.0244495152404946
XLOC-013036,0.013494273111287
XLOC-013063,0.0273222704006906
XLOC-013064,0.121948331519761
XLOC-013066,0.0221438685289336
XLOC-013081,0.0244495152404946
XLOC-013105,1.35136475835586
TRINITY-DN1165-c0-g1-i4.mrna1,0.0244495152404946
XLOC-013170,0.0422156032806446
XLOC-013173,1.22183576436312
XLOC-013256,0.0244495152404946
XLOC-013296,0.0244495152404946
XLOC-013332,0.0626751269478611
XLOC-013333,0.0116046465105475
XLOC-013374,0.0131950306001759
XLOC-013384,0.0808710636041712
XLOC-013402,0.0471747325670856
XLOC-013403,0.00816796166356247
XLOC-013438,0.0244495152404946
XLOC-013451,0.0486409237558161
XLOC-013454,0.0244495152404946
XLOC-013466,0.0132189962245004
XLOC-013489,0.575135374548932
XLOC-013494,0.00568082505741241
XLOC-013505,0.380877368434796
TRINITY-DN13509-c1-g1-i1.mrna1,0.0244495152404946
TRINITY-DN10086-c0-g2-i2.mrna2,0.119734657313575
XLOC-013510,0.04605366559629
XLOC-006028,0.0244495152404946
XLOC-013531,0.268676649192399
XLOC-013525,0.0489989338983401
XLOC-013526,1.38146211176813
XLOC-013534,0.222693404659952
XLOC-013530,0.851220571966294
XLOC-013553,0.0330602170598334
XLOC-013549,0.0486409237558161
XLOC-013571,0.422270403526002
XLOC-013609,0.0244495152404946
XLOC-013602,1.47457266450756
XLOC-013612,0.255811724755163
XLOC-013603,0.142960481287742
XLOC-013613,0.429723062914227
XLOC-013604,0.40044940531316
XLOC-013669,0.0118780479175789
XLOC-013696,0.169023465342709
XLOC-013689,0.0486409237558161
XLOC-013702,2.65604523927095
XLOC-013729,0.0244495152404946
XLOC-013785,0.0215339922278407
XLOC-013805,2.07450855079851
XLOC-013814,0.034101312214883
XLOC-013837,0.000274502880654451
XLOC-013838,0.0244495152404946
XLOC-013840,0.0346029440777642
XLOC-013858,0.0244495152404946
XLOC-013863,0.00433968014234813
XLOC-013864,0.0244495152404946
XLOC-013888,0.0263655274596473
XLOC-013952,0.0244495152404946
TRINITY-DN39735-c0-g1-i1.mrna1,0.603874809254322
XLOC-013979,0.36725532655343
XLOC-013986,0.156441603666491
XLOC-014003,0.015401588901918
XLOC-014004,0.0244495152404946
TRINITY-DN17158-c0-g1-i3.mrna1,0.0244495152404946
XLOC-014059,0.034408643445404
XLOC-014061,0.63845498568892
XLOC-014078,0.140373223128217
XLOC-014116,1.91059636491549
XLOC-014121,0.0244495152404946
TRINITY-DN21509-c1-g1-i1.mrna1,0.0244495152404946
XLOC-014156,0.0386314617803358
XLOC-014167,1.29416183537159
XLOC-014193,1.46285088831175
XLOC-014186,0.0244495152404946
XLOC-014215,0.0244495152404946
XLOC-014219,0.0244495152404946
TRINITY-DN1178-c2-g1-i1.mrna2,0.0244495152404946
XLOC-014212,0.0244495152404946
XLOC-014226,0.0244495152404946
XLOC-014278,0.179311977892932
XLOC-014293,0.0244495152404946
XLOC-014383,0.00984288536672482
TRINITY-DN8008-c0-g1-i4.mrna1,0.0486409237558161
XLOC-014416,0.0864715730500824
XLOC-014436,0.281474323587675
TRINITY-DN21665-c0-g1-i3.mrna1,0.0244495152404946
XLOC-014519,0.0244495152404946
XLOC-014520,0.00832689484095507
XLOC-014547,0.0113156272846859
XLOC-014581,0.0132286911235395
XLOC-014585,0.0244495152404946
XLOC-014635,0.0104584344841558
XLOC-014624,0.0660284245842462
XLOC-014634,0.478927407730578
XLOC-014629,0.0133938737376697
XLOC-014656,0.0325183033562769
XLOC-014657,0.0244495152404946
XLOC-014669,0.0486409237558161
XLOC-014696,0.0949771483307435
XLOC-014691,0.0244495152404946
XLOC-014720,0.0486409237558161
XLOC-014723,0.298699245856125
XLOC-014772,0.23366048110412
XLOC-014785,0.0244495152404946
XLOC-014786,0.0244495152404946
XLOC-014788,2.57978301015036
XLOC-014917,0.0125963991022878
XLOC-014909,0.829111048738461
XLOC-014910,0.0539522509231723
XLOC-014919,0.0227286226277234
XLOC-014942,0.0425488746127841
XLOC-014945,0.0244495152404946
XLOC-014993,0.00360175326980363
XLOC-014994,0.00932249997787193
XLOC-015008,0.0147071870403818
XLOC-015012,0.119734657313575
XLOC-015040,0.231587673332343
XLOC-015042,0.00143728643131086
XLOC-015058,0.0244495152404946
XLOC-015073,0.0686076556029098
XLOC-015102,0.00158009321229021
XLOC-015119,0.0244495152404946
XLOC-015167,0.0244495152404946
XLOC-015186,0.410438783362817
XLOC-015217,0.0260333962172207
XLOC-015227,0.349695141717106
XLOC-015229,0.0486781000527934
XLOC-015282,0.0129397577507822
XLOC-015311,0.110027324704759
XLOC-015338,0.0244495152404946
XLOC-015337,0.328375439263832
XLOC-015356,0.00755809777064848
XLOC-015357,0.0244216863220841
XLOC-015384,0.00751346902619316
XLOC-015378,0.165960359771132
XLOC-015396,0.0244495152404946
XLOC-015478,0.00527669429913667
XLOC-015554,0.0486409237558161
XLOC-015551,0.0244495152404946
XLOC-015596,0.00838290124716467
XLOC-015639,0.00830872817668534
TRINITY-DN18673-c0-g1-i1.mrna1,0.0244495152404946
XLOC-015668,0.0244495152404946
XLOC-015752,0.0283128518281183
XLOC-015756,0.000693056556822075
XLOC-015768,0.0244495152404946
XLOC-015794,0.0615258355898258
XLOC-015832,0.0386314617803358
XLOC-015877,0.298418918269989
XLOC-015879,1.13701447179022
XLOC-015897,0.0109600366548068
XLOC-015914,0.0725811751031732
XLOC-015952,2.14185073882871
XLOC-015951,0.0386314617803358
XLOC-016038,0.0486409237558161
XLOC-016076,0.101459196143611
TRINITY-DN9087-c0-g1-i1.mrna2,0.324734511067262
XLOC-016073,0.0219474008133094
XLOC-016094,0.0244495152404946
XLOC-016106,0.0107799464665726
TRINITY-DN8925-c0-g1-i2.mrna1,0.0205317345654988
XLOC-016177,0.0244495152404946
XLOC-016171,0.000711774867297894
TRINITY-DN8393-c0-g2-i2.mrna1,0.0244495152404946
XLOC-016294,0.529856930340356
XLOC-016309,0.00869282420544143
XLOC-016371,0.119734657313575
XLOC-016372,0.0244495152404946
XLOC-016392,0.00292107344569011
XLOC-016399,0.133348656104532
XLOC-016461,0.0244495152404946
XLOC-016476,0.00290757864575998
XLOC-016504,0.165960359771132
XLOC-016514,0.0244495152404946
XLOC-016516,0.000900818041591306
XLOC-023673,0.0358663393069839
XLOC-016564,0.0244495152404946
XLOC-016581,0.0244495152404946
XLOC-016610,0.0486409237558161
XLOC-016638,0.946251605266963
XLOC-016680,0.0244495152404946
XLOC-003836,0.0954319212908835
XLOC-016736,0.0106163224211839
TRINITY-DN22371-c0-g1-i1.mrna1,0.0244495152404946
XLOC-016765,0.0244495152404946
XLOC-016777,0.0244495152404946
XLOC-016820,0.0725811751031732
XLOC-016868,0.0262172380669085
XLOC-016874,0.558440323372555
XLOC-016907,0.203565023682422
XLOC-016909,0.0632528179708681
XLOC-016961,0.0219907633336065
XLOC-016983,0.482354588879015
XLOC-017008,0.0244495152404946
XLOC-017006,0.0244495152404946
XLOC-017038,0.0244495152404946
XLOC-017052,0.0244495152404946
XLOC-017070,0.0218622570809685
XLOC-017078,0.0244495152404946
XLOC-017140,0.0186928115784673
XLOC-017232,0.0244495152404946
XLOC-017235,0.0244495152404946
XLOC-017244,0.0360694564329005
XLOC-017285,1.61758948469067
XLOC-017329,0.0244495152404946
XLOC-017320,0.0131453568600261
XLOC-017352,0.0244495152404946
XLOC-017372,0.0244495152404946
XLOC-027093,0.0244495152404946
XLOC-017407,0.0486409237558161
XLOC-017411,0.0244495152404946
XLOC-017441,0.119734657313575
XLOC-017451,0.0122946836739421
XLOC-017507,0.741236854425105
XLOC-017535,0.0244495152404946
XLOC-017662,0.0144530953623884
XLOC-017674,0.00866435090168807
XLOC-017687,0.35489326624148
XLOC-017682,0.793081848251187
XLOC-017690,0.0244495152404946
XLOC-017743,0.0244495152404946
XLOC-017831,0.0244495152404946
XLOC-017847,0.00634156346428049
XLOC-017855,1.46150315446301
XLOC-017870,0.0771040275405994
XLOC-017894,0.0486409237558161
XLOC-017939,0.00787331331069337
XLOC-017940,0.640346748736292
XLOC-017956,0.0244495152404946
XLOC-018040,0.0244495152404946
XLOC-018051,0.00709515529261226
XLOC-018054,0.0486409237558161
XLOC-018055,0.0244495152404946
XLOC-018078,0.38824904856122
XLOC-018119,0.0486409237558161
XLOC-018120,0.0244495152404946
XLOC-018174,0.0244495152404946
XLOC-018182,0.00634156346428049
XLOC-010250,0.0215339922278407
XLOC-018229,0.0244495152404946
XLOC-018258,0.0244495152404946
XLOC-018325,0.0672398142143471
XLOC-018369,0.0146832560404573
XLOC-018430,0.0486409237558161
XLOC-018457,0.0643308379065444
XLOC-018471,0.0244495152404946
TRINITY-DN43739-c0-g1-i4.mrna1,0.0244495152404946
XLOC-018544,0.0244495152404946
XLOC-018547,0.295006418464611
XLOC-018561,0.00259136912220714
XLOC-018581,0.0244495152404946
XLOC-018606,0.0244495152404946
XLOC-018627,4.05545002349704
XLOC-018629,1.71020753090471
TRINITY-DN17717-c0-g1-i1.mrna2,0.0244495152404946
XLOC-018754,0.300319838834102
XLOC-004401,0.0244495152404946
XLOC-018937,0.0244495152404946
XLOC-012419,0.0244495152404946
XLOC-018950,2.15766573515605
XLOC-018966,0.0244495152404946
XLOC-018985,0.689891717419837
XLOC-019006,0.0244495152404946
XLOC-015426,0.159514368494211
XLOC-008025,0.0486409237558161
XLOC-019047,1.52911656067905
XLOC-019044,0.0486409237558161
XLOC-019115,0.0244495152404946
XLOC-019145,2.2057435855654
XLOC-019140,2.3698589389171
XLOC-019153,0.0144530953623884
XLOC-019163,0.0244495152404946
XLOC-019169,0.0203802570223419
XLOC-019170,0.254153219502466
XLOC-019197,0.0204155190362708
XLOC-019204,0.0244495152404946
XLOC-019205,0.165960359771132
XLOC-019265,0.417662242123562
XLOC-019269,0.0244495152404946
XLOC-019309,0.0244495152404946
XLOC-019334,0.0244495152404946
XLOC-019343,0.0375852822529912
XLOC-019397,0.0386314617803358
XLOC-019417,0.0244495152404946
XLOC-019419,0.0244495152404946
XLOC-019483,0.00294264959865725
XLOC-019490,0.0244495152404946
TRINITY-DN12382-c0-g2-i3.mrna2,0.630985903803299
XLOC-019518,0.0962769465913454
XLOC-019550,0.0244495152404946
XLOC-019573,0.0486409237558161
XLOC-019582,0.0224905133744066
XLOC-019581,0.0486409237558161
XLOC-019593,0.146884510492409
TRINITY-DN17534-c0-g1-i3.mrna1,0.0725811751031732
XLOC-024071,0.0244495152404946
XLOC-019632,0.0486409237558161
XLOC-019692,0.0244495152404946
TRINITY-DN29325-c0-g1-i2.mrna2,0.0486409237558161
XLOC-019775,0.0486409237558161
XLOC-019836,0.0244495152404946
XLOC-019840,0.0386314617803358
XLOC-019845,0.563267863087691
XLOC-019854,0.474437260189253
XLOC-019989,0.0244495152404946
XLOC-020026,0.0486409237558161
XLOC-020063,0.255811724755163
XLOC-020065,0.0962769465913454
XLOC-020064,0.0244495152404946
XLOC-020114,0.0244495152404946
XLOC-020185,0.0244495152404946
XLOC-020194,0.0486409237558161
TRINITY-DN21270-c0-g1-i2.mrna1,0.0244495152404946
XLOC-020475,0.0244495152404946
XLOC-040134,0.0244495152404946
XLOC-006557,0.142960481287742
XLOC-020319,0.0244495152404946
XLOC-020491,0.0486409237558161
XLOC-020524,0.927713262814409
XLOC-020546,0.156441603666491
XLOC-020544,0.190673295992605
XLOC-020626,0.0244495152404946
XLOC-020657,0.0386314617803358
XLOC-020763,0.0486409237558161
XLOC-020765,0.00732585250738761
XLOC-020866,0.0244495152404946
XLOC-020918,0.0244495152404946
XLOC-020945,0.0244495152404946
XLOC-020979,2.09927000842666
XLOC-020976,1.7002990007318
XLOC-021039,0.0244495152404946
XLOC-021074,0.0119383921244299
XLOC-021102,0.0486409237558161
TRINITY-DN30218-c0-g2-i1.mrna1,1.31999305956266
XLOC-021171,0.00806769594788645
XLOC-021199,0.0244495152404946
XLOC-021214,0.0486409237558161
XLOC-021215,0.0244495152404946
TRINITY-DN20734-c0-g1-i1.mrna1,0.0244495152404946
XLOC-021277,0.00638502017631218
XLOC-021307,0.0244495152404946
XLOC-021311,1.55310793496487
XLOC-021325,0.0244495152404946
XLOC-021374,0.0244495152404946
XLOC-021411,0.0264763323708197
TRINITY-DN71715-c0-g1-i1.mrna1,0.0962769465913454
XLOC-021489,0.0104584344841558
XLOC-021506,0.0499306271924093
TRINITY-DN59369-c0-g1-i1.mrna1,0.119734657313575
TRINITY-DN44045-c0-g1-i1.mrna1,0.0244495152404946
XLOC-021593,0.514106978645977
XLOC-021623,0.0244495152404946
XLOC-021628,0.0177098664620591
TRINITY-DN18604-c0-g1-i5.mrna2,0.0244495152404946
TRINITY-DN10138-c0-g1-i9.mrna2,0.0244495152404946
XLOC-021773,0.0244495152404946
XLOC-021818,0.00978133410528345
XLOC-021830,3.63297089807723
XLOC-021957,0.0244495152404946
XLOC-019822,0.165960359771132
XLOC-021961,0.337246013545738
XLOC-021964,0.0486409237558161
XLOC-013471,0.0244495152404946
XLOC-022089,0.00544935408222762
XLOC-022166,0.023200412923785
XLOC-022167,0.00449935088896424
TRINITY-DN11760-c0-g3-i2.mrna1,0.0244495152404946
XLOC-022522,0.0244495152404946
XLOC-022557,0.0862695676305465
XLOC-044164,0.0244495152404946
TRINITY-DN39341-c0-g1-i1.mrna1,0.0244495152404946
XLOC-022680,0.0486409237558161
XLOC-022731,0.0244495152404946
XLOC-022738,0.201965374501619
XLOC-022832,0.0244495152404946
XLOC-013928,0.0244495152404946
XLOC-022898,0.0386314617803358
XLOC-022922,0.0109600366548068
XLOC-022985,0.0244495152404946
XLOC-023066,0.0145130529599816
TRINITY-DN4776-c0-g1-i13.mrna1,0.0244495152404946
TRINITY-DN36733-c0-g1-i1.mrna2,0.119734657313575
XLOC-023265,0.0244495152404946
XLOC-023279,0.0386314617803358
XLOC-023397,0.642115194880678
XLOC-023406,0.0777276657667508
XLOC-021252,0.0244495152404946
XLOC-023619,0.0244495152404946
XLOC-023618,0.0244495152404946
XLOC-023647,0.0244495152404946
XLOC-018433,0.023200412923785
XLOC-023709,0.0486409237558161
XLOC-023710,0.42117163013922
XLOC-023849,0.0241807882039406
XLOC-003461,0.0244495152404946
XLOC-023894,0.211304950088717
XLOC-023898,0.0244495152404946
XLOC-023936,0.0244495152404946
XLOC-022255,0.0244495152404946
XLOC-023977,0.0244495152404946
XLOC-024002,0.0761413166312754
XLOC-024011,0.0386314617803358
XLOC-035605,0.156441603666491
XLOC-024096,0.0244495152404946
XLOC-024390,0.0244495152404946
TRINITY-DN2290-c0-g1-i8.mrna1,0.0244495152404946
XLOC-024459,0.114612012835838
XLOC-024462,0.0725811751031732
XLOC-024507,0.0244495152404946
XLOC-024526,0.0244495152404946
XLOC-024670,0.0486409237558161
XLOC-021875,0.0486409237558161
XLOC-024790,0.0486409237558161
XLOC-024854,0.110027324704759
XLOC-024966,0.0230261468269045
XLOC-025018,0.0725811751031732
TRINITY-DN12866-c1-g2-i1.mrna1,0.0386314617803358
XLOC-025183,0.0244495152404946
XLOC-025237,0.0244495152404946
XLOC-025276,0.1909865039779
TRINITY-DN2898-c1-g1-i1.mrna1,0.0244495152404946
XLOC-025318,0.0244495152404946
XLOC-002908,0.0244495152404946
XLOC-025440,0.0244495152404946
TRINITY-DN6360-c0-g1-i8.mrna2,0.0486409237558161
XLOC-025515,0.0244495152404946
XLOC-036395,0.0962769465913454
TRINITY-DN13752-c2-g1-i1.mrna1,0.0244495152404946
TRINITY-DN56664-c0-g1-i1.mrna1,0.142960481287742
XLOC-025753,0.0132286911235395
TRINITY-DN36021-c0-g1-i1.mrna1,0.0118966775426327
XLOC-025907,0.0386314617803358
XLOC-026034,0.0176469939110907
XLOC-026048,0.0244495152404946
XLOC-026072,0.0244495152404946
XLOC-026165,0.0486409237558161
XLOC-026179,0.0244495152404946
XLOC-026228,0.0244495152404946
XLOC-026358,0.0459310146809636
XLOC-026370,0.0253532711259793
XLOC-026517,0.0357548033387229
TRINITY-DN31857-c1-g1-i1.mrna2,0.0962769465913454
XLOC-026644,0.0173830690369135
TRINITY-DN6783-c0-g1-i4.mrna2,0.0244495152404946
XLOC-026699,0.00761333222867965
XLOC-026729,0.0244495152404946
XLOC-028209,0.0244495152404946
XLOC-026735,0.0244495152404946
XLOC-026793,0.290514149790513
XLOC-026810,0.0244495152404946
TRINITY-DN11959-c0-g1-i2.mrna1,0.0244495152404946
XLOC-026958,0.653762036264934
TRINITY-DN25391-c0-g1-i1.mrna1,0.983404711054357
TRINITY-DN21270-c0-g1-i3.mrna2,0.0244495152404946
XLOC-027289,0.0244495152404946
XLOC-027430,0.0244495152404946
TRINITY-DN6355-c0-g1-i7.mrna2,0.0244495152404946
XLOC-027468,0.0244495152404946
XLOC-027487,0.0244495152404946
XLOC-031780,0.0244495152404946
XLOC-027546,0.00284800256674189
XLOC-022406,0.0486409237558161
XLOC-027691,0.490730657577253
XLOC-027734,0.0244495152404946
XLOC-027766,0.0244495152404946
XLOC-027873,0.0626751269478611
TRINITY-DN7146-c0-g1-i2.mrna1,0.0244495152404946
TRINITY-DN21895-c0-g1-i3.mrna1,0.00331880162071969
XLOC-028121,0.0486409237558161
XLOC-028287,0.506828697686961
XLOC-002890,0.0386314617803358
XLOC-028589,0.0195317519572077
XLOC-045093,0.0244495152404946
XLOC-028674,0.0244495152404946
XLOC-028715,0.0244495152404946
XLOC-028945,0.0725811751031732
XLOC-029131,0.0244495152404946
XLOC-029139,0.683011009165129
XLOC-029140,1.84347808203475
XLOC-029141,0.0962769465913454
XLOC-029144,0.290360651330933
XLOC-029159,0.0244495152404946
XLOC-029183,0.012925333066995
XLOC-029230,0.0244495152404946
XLOC-029206,1.46311358076323
XLOC-029233,2.78774849040465
XLOC-029325,0.200512370167789
XLOC-029396,0.141377278748015
XLOC-029427,0.00042762661062762
XLOC-029404,0.0486409237558161
XLOC-029495,0.0244495152404946
XLOC-029486,0.0486409237558161
XLOC-029490,0.0244495152404946
XLOC-029500,0.0521069942327358
XLOC-029565,3.717848750677
XLOC-029540,1.04621010576769
XLOC-029555,0.0218622570809685
XLOC-029557,0.0244495152404946
XLOC-029561,0.00757569855254635
XLOC-029547,3.39614308401999
XLOC-029596,0.0244495152404946
XLOC-029606,0.0244495152404946
TRINITY-DN20373-c0-g2-i1.mrna1,0.0244495152404946
XLOC-029647,0.0244495152404946
XLOC-029693,0.000693056556822075
XLOC-029694,0.224407184878884
XLOC-029689,0.0244495152404946
XLOC-029722,0.0244495152404946
XLOC-029730,0.0244495152404946
TRINITY-DN17436-c0-g1-i5.mrna1,0.0244495152404946
XLOC-029794,0.509387120161294
XLOC-029771,0.0725811751031732
XLOC-029789,0.0244495152404946
XLOC-029857,0.0150791869593809
XLOC-029848,0.0215339922278407
XLOC-029863,0.0293564018849362
XLOC-029854,0.0244495152404946
XLOC-029914,2.87765736665562
XLOC-029930,0.156441603666491
XLOC-029941,0.0270238423335905
XLOC-029944,0.0150276081495462
XLOC-029928,0.0962769465913454
XLOC-029945,0.0244495152404946
XLOC-029964,0.0244495152404946
XLOC-029997,0.0244495152404946
XLOC-030010,0.713897992466704
XLOC-029994,0.0244495152404946
XLOC-030028,0.0244495152404946
XLOC-030033,0.0144345169752733
XLOC-030043,0.0114006778435205
XLOC-021047,0.0386314617803358
XLOC-030045,0.00598844967393938
XLOC-030080,0.0486409237558161
XLOC-030082,0.0486409237558161
XLOC-030069,0.849761436701664
XLOC-030066,4.51116730480495
XLOC-030067,1.85892461834095
XLOC-030083,5.3025386662456
XLOC-030068,3.15047975768284
XLOC-030073,0.0244495152404946
XLOC-030092,0.00441929920811582
XLOC-030078,0.0725811751031732
XLOC-030118,0.0244495152404946
XLOC-030150,0.0244495152404946
XLOC-030187,0.0322970552434195
XLOC-030192,0.0244495152404946
XLOC-030209,1.65490342175087
XLOC-030214,0.0320747613629944
XLOC-030235,0.013985371371386
XLOC-030265,0.0244495152404946
XLOC-030277,0.0244495152404946
XLOC-030272,0.0244495152404946
XLOC-030283,3.72460988937669
XLOC-030313,0.0383341056347868
XLOC-030336,0.0244495152404946
XLOC-030337,0.0244495152404946
XLOC-030357,0.826997436175138
XLOC-030385,0.0244495152404946
XLOC-030386,0.0119047616921221
XLOC-030396,0.0386314617803358
XLOC-030421,0.00172541310895094
XLOC-030433,0.0244495152404946
XLOC-030468,0.00976956162259482
XLOC-030478,0.153011128776237
XLOC-030490,0.650790687292732
XLOC-030491,0.119734657313575
XLOC-030542,0.00634156346428049
XLOC-030551,0.0718983413172167
XLOC-030543,0.592587803457262
XLOC-030544,0.211304950088717
XLOC-030553,0.0542181177188519
XLOC-030725,3.54478407065945
XLOC-030764,0.0244495152404946
XLOC-030766,0.824491595190113
XLOC-030768,0.0244495152404946
XLOC-030782,0.0244495152404946
XLOC-030747,0.482354588879015
XLOC-030791,0.0244495152404946
XLOC-030837,0.00426007976759752
XLOC-030796,0.0486409237558161
XLOC-030759,0.0244495152404946
XLOC-030852,0.68759285390969
XLOC-030905,0.0131950306001759
XLOC-030931,3.58042601258395
XLOC-030916,0.290514149790513
XLOC-030918,0.0206255673154751
XLOC-030919,0.0179631895604105
XLOC-030920,0.0244495152404946
XLOC-030932,0.0486409237558161
XLOC-030973,0.0725811751031732
XLOC-030975,0.0725811751031732
XLOC-030991,0.0894287870834744
XLOC-031039,0.0244495152404946
XLOC-031066,0.747841710062539
XLOC-031080,0.0244495152404946
XLOC-031104,0.0244495152404946
XLOC-031126,0.0244495152404946
XLOC-031161,0.142960481287742
XLOC-031133,0.0275102101360412
XLOC-031136,0.0244495152404946
XLOC-031113,0.00989108197157946
XLOC-031115,0.408543823613056
XLOC-031138,0.0383223138035986
TRINITY-DN12921-c2-g1-i1.mrna1,0.0244495152404946
XLOC-031208,0.0244495152404946
XLOC-031251,0.0677241979614901
XLOC-031272,1.29937763615406
XLOC-031273,0.0244495152404946
TRINITY-DN1481-c0-g2-i7.mrna1,0.0486409237558161
XLOC-031255,0.119734657313575
XLOC-031257,0.0244495152404946
XLOC-031280,0.429723062914227
XLOC-031261,0.0244495152404946
XLOC-031282,0.0244495152404946
XLOC-031267,0.142960481287742
XLOC-031341,0.0114749257303605
XLOC-031351,0.0626751269478611
XLOC-031360,0.412591539836967
XLOC-031364,0.119734657313575
XLOC-031375,0.915062328098794
XLOC-031381,2.65450125477444
XLOC-031406,0.00941655275897696
XLOC-031443,0.0244495152404946
XLOC-031444,1.67929548726703
XLOC-031445,0.412591539836967
XLOC-031449,0.349695141717106
XLOC-031520,0.0717312320353537
XLOC-031522,0.0486409237558161
XLOC-031570,0.0244495152404946
XLOC-031551,0.142960481287742
XLOC-031553,0.0486409237558161
XLOC-031680,0.0244495152404946
XLOC-031700,0.0251009245521147
XLOC-031689,0.119734657313575
XLOC-031641,0.0486409237558161
XLOC-031699,0.0175824226455669
XLOC-031643,0.021746745315721
XLOC-031779,0.280739179037495
XLOC-031651,0.0244495152404946
XLOC-031718,0.0244495152404946
XLOC-031658,0.0026708774769139
XLOC-031663,0.0100315452608148
XLOC-031730,0.681755289863098
XLOC-031676,0.0244495152404946
XLOC-031814,0.0173196866730316
XLOC-031815,0.441727480782587
XLOC-031835,1.69547675459349
XLOC-031874,0.0244495152404946
XLOC-031864,0.00839841460843725
XLOC-031865,0.0244495152404946
XLOC-031877,0.0244495152404946
XLOC-031922,0.0244495152404946
XLOC-031978,0.754403191368052
XLOC-031991,1.14481549948303
XLOC-031993,0.0670952494066243
XLOC-031999,0.317282533528983
XLOC-032015,0.0115218592339129
XLOC-032056,0.0244495152404946
XLOC-032097,0.0169426128692447
XLOC-032142,0.0113947496677348
XLOC-032185,0.0244495152404946
XLOC-032237,2.10814296252424
XLOC-032264,0.0725811751031732
XLOC-032239,0.0108143606819915
TRINITY-DN16690-c0-g1-i1.mrna1,0.0725811751031732
XLOC-032269,0.0244495152404946
XLOC-032422,0.0244495152404946
XLOC-032434,0.0290673175751289
XLOC-032480,0.0244495152404946
XLOC-032507,7.27000280272944
XLOC-032518,1.81209346952178
XLOC-032580,0.0244495152404946
XLOC-032587,0.0725811751031732
XLOC-032656,0.00536003416483599
XLOC-032640,0.0244495152404946
XLOC-032643,0.0739822283952233
XLOC-032645,0.0128126801189467
XLOC-032660,1.55975876601295
XLOC-032669,0.0244495152404946
XLOC-032817,0.0244495152404946
XLOC-032823,0.0244495152404946
XLOC-032835,0.0244495152404946
XLOC-032852,0.0486409237558161
XLOC-032853,0.0244495152404946
XLOC-032860,0.281474323587675
XLOC-032906,0.0234667404740084
TRINITY-DN4278-c0-g1-i6.mrna1,0.0244495152404946
XLOC-035635,0.0244495152404946
XLOC-033022,1.28562699967243
XLOC-033029,0.324734511067262
XLOC-033044,0.0244495152404946
XLOC-033042,0.00610771568706692
XLOC-033088,2.51237565227546
XLOC-033057,3.02514364827843
XLOC-033144,0.0486409237558161
XLOC-033073,0.702159659919363
XLOC-033076,0.0244495152404946
XLOC-033216,0.00074387234744777
XLOC-033255,0.0132286911235395
TRINITY-DN5064-c1-g1-i6.mrna1,0.0244495152404946
XLOC-033260,0.0486409237558161
XLOC-033261,0.00869282420544143
XLOC-033287,0.0140298451877431
XLOC-033361,0.0244495152404946
XLOC-033400,0.0244495152404946
XLOC-011783,0.0244495152404946
XLOC-033395,0.00520624236899589
XLOC-033440,0.0108512760328545
XLOC-033441,0.0244495152404946
XLOC-033443,0.453676223612659
XLOC-033428,0.0725811751031732
XLOC-033433,0.0244495152404946
XLOC-033436,0.0486409237558161
XLOC-033492,0.0486409237558161
XLOC-033538,0.0244495152404946
XLOC-033539,0.00590696514230353
XLOC-033550,5.06572357480844
XLOC-033633,0.0244495152404946
XLOC-033632,0.0962769465913454
XLOC-033685,0.0244495152404946
XLOC-033643,0.0039965614509519
XLOC-033647,0.505829379686948
XLOC-033666,0.0244495152404946
XLOC-033711,0.0486409237558161
TRINITY-DN9158-c2-g1-i1.mrna1,0.0962769465913454
XLOC-033717,0.201965374501619
XLOC-033721,0.0244495152404946
XLOC-033745,0.0146832560404573
XLOC-033734,0.049186128651675
XLOC-033749,0.875476669366287
XLOC-033751,0.0134772223578919
XLOC-033753,0.119734657313575
XLOC-033754,0.0675849583436201
XLOC-033738,0.0498235772067588
XLOC-020764,0.123697493089436
XLOC-033793,0.00368131732882225
XLOC-033836,0.0244495152404946
XLOC-033837,0.00196206732789237
XLOC-033806,0.05630808528056
XLOC-033805,0.0355074951546442
XLOC-033870,0.0218337896547265
XLOC-033856,0.0244495152404946
XLOC-033923,0.0386314617803358
XLOC-033869,0.0160720825350169
XLOC-033873,1.86293260042557
TRINITY-DN17929-c0-g2-i1.mrna1,0.0558558255056555
XLOC-033976,0.063058908457263
XLOC-033959,0.0244495152404946
XLOC-034108,0.0725811751031732
XLOC-034121,0.042114504710417
XLOC-034136,0.0244495152404946
XLOC-034146,0.0725811751031732
XLOC-034248,0.319088027564462
XLOC-034180,0.165960359771132
XLOC-034253,0.00625218829318393
XLOC-034252,0.00598844967393938
XLOC-034194,0.0244495152404946
XLOC-034269,0.0256913539547037
XLOC-034208,0.0738128936701126
XLOC-034213,0.0962769465913454
XLOC-034216,0.0962769465913454
XLOC-034347,0.0244495152404946
XLOC-034225,0.236644995291385
XLOC-034299,0.0444472796057253
XLOC-034297,0.502432824685059
XLOC-034361,0.0189839257425717
XLOC-034236,0.0132042792016097
XLOC-034237,0.0244495152404946
XLOC-034307,0.0244495152404946
XLOC-034406,0.0244495152404946
XLOC-034417,0.230021725153179
XLOC-034423,0.0144530953623884
XLOC-034419,0.0244495152404946
XLOC-034428,0.0563895119406558
XLOC-034389,0.0244495152404946
XLOC-034391,0.0244495152404946
XLOC-034395,0.0244495152404946
XLOC-034541,0.127143980772302
XLOC-034543,0.0244495152404946
XLOC-034601,2.94354333090526
XLOC-034625,0.575302673755518
XLOC-034629,0.0244495152404946
XLOC-034645,0.0244495152404946
XLOC-034651,0.0244495152404946
XLOC-034662,0.0244495152404946
XLOC-034664,0.349011078315528
XLOC-034666,0.259958141480138
XLOC-034667,0.0134997287950656
XLOC-034668,0.0418155187557402
XLOC-034688,0.0244495152404946
XLOC-034747,0.0322383220746263
XLOC-034755,0.246642605904397
XLOC-034759,0.0244495152404946
XLOC-034857,0.00573698438468093
XLOC-034903,0.267926792800684
XLOC-034905,0.0244495152404946
XLOC-034913,0.000222652678377914
XLOC-034923,0.0421426566161732
XLOC-034924,0.761326837216474
XLOC-034996,0.396911373550022
XLOC-034881,0.0119316072323538
XLOC-034935,0.0962769465913454
XLOC-034889,0.390637740747221
XLOC-034941,0.0244495152404946
XLOC-034943,0.0288186304398289
XLOC-034945,0.0386314617803358
XLOC-035078,0.0244495152404946
XLOC-035197,0.0244495152404946
XLOC-035209,3.50599241410348
XLOC-035230,0.0244495152404946
XLOC-035213,0.0244495152404946
XLOC-035240,0.0170251562848823
XLOC-035250,0.308887189972809
XLOC-035258,0.0244495152404946
XLOC-035223,0.00847522088343007
XLOC-035312,0.0244495152404946
XLOC-035302,0.0244495152404946
XLOC-035307,0.0340273076650931
XLOC-035352,0.711768063317092
XLOC-035429,0.0244495152404946
XLOC-035482,0.38824904856122
XLOC-035507,0.0244495152404946
XLOC-035535,0.0244495152404946
XLOC-035544,0.0461300954850905
XLOC-035548,0.38863193442237
XLOC-035551,0.0626751269478611
XLOC-035589,0.0244495152404946
XLOC-035591,0.0244495152404946
XLOC-035567,0.201965374501619
XLOC-035572,0.00279515259192843
XLOC-035574,0.0486409237558161
XLOC-035654,0.176585181244677
XLOC-035657,0.00984959449985502
XLOC-035681,0.00365590281752482
XLOC-035679,0.0708084955017753
XLOC-035800,0.0626751269478611
XLOC-035857,0.0244495152404946
XLOC-035863,0.0244495152404946
XLOC-035838,0.0244495152404946
XLOC-035880,0.0678711209448638
XLOC-035944,0.045114304696468
XLOC-035969,0.0247312130941792
XLOC-035971,0.0244495152404946
XLOC-035961,1.24579394353165
XLOC-036006,0.0244495152404946
XLOC-025951,0.0244495152404946
XLOC-036023,0.0244495152404946
XLOC-035986,0.079926075165617
XLOC-035988,0.119734657313575
XLOC-035962,0.957818287393038
XLOC-035963,0.0814879399280129
XLOC-036036,0.0244495152404946
XLOC-036059,0.0160591207820287
XLOC-036038,0.086906870741053
XLOC-036041,0.00545286524051643
XLOC-036194,0.0244495152404946
XLOC-036132,0.0244495152404946
XLOC-036159,0.0244495152404946
XLOC-036261,0.165960359771132
XLOC-036304,0.000630952643393714
XLOC-036307,0.00211654240069569
XLOC-036301,2.17692504086597
XLOC-036353,0.105162710887555
XLOC-036350,1.0991483908957
XLOC-036370,0.0244495152404946
XLOC-036372,0.0244495152404946
XLOC-036375,0.0244495152404946
XLOC-036398,0.479605207192885
XLOC-036415,0.0112745581691924
XLOC-036407,0.00378897349339965
XLOC-036419,0.000828481092674748
XLOC-036449,0.0244495152404946
XLOC-009624,0.445317949553533
XLOC-036469,0.00232218131750975
XLOC-036529,1.46401243583366
XLOC-036533,0.0244495152404946
XLOC-036566,0.0244495152404946
XLOC-036581,0.785279890521939
XLOC-036594,0.00160258235811403
XLOC-036603,0.605053457315846
XLOC-036597,0.0244495152404946
XLOC-036641,0.0244495152404946
XLOC-036636,0.0244495152404946
XLOC-036637,0.00879760795099996
XLOC-036675,0.23366048110412
XLOC-036687,0.0244495152404946
XLOC-036699,0.0109600366548068
XLOC-036775,0.0329003777098598
XLOC-036841,1.16490449438705
XLOC-036875,0.0244495152404946
XLOC-036869,0.0244495152404946
XLOC-036873,0.201965374501619
TRINITY-DN5053-c1-g1-i5.mrna2,0.246642605904397
TRINITY-DN7729-c0-g1-i1.mrna1,0.0244495152404946
XLOC-036843,0.0486409237558161
TRINITY-DN5884-c0-g1-i1.mrna1,0.803018807269012
XLOC-036893,0.0379384316060107
XLOC-036963,0.0244495152404946
XLOC-036978,0.015249034298844
XLOC-037016,0.0873479759337847
XLOC-037062,0.0211640313348067
XLOC-037089,0.920244606203769
XLOC-037076,0.0384835444659143
XLOC-037099,0.0244495152404946
XLOC-037077,0.676645743107321
XLOC-037153,0.0244495152404946
XLOC-037155,0.0244495152404946
XLOC-037139,0.0772767854330781
XLOC-037141,0.337058716825809
XLOC-037144,0.0486409237558161
XLOC-037199,0.0244495152404946
XLOC-037202,0.00146838858285493
XLOC-037287,0.724700664737742
XLOC-037270,0.0725811751031732
XLOC-037298,0.0244495152404946
XLOC-037313,0.0244495152404946
XLOC-037366,0.285967849552434
TRINITY-DN2205-c0-g1-i1.mrna1,0.00172541310895094
XLOC-037459,0.0190395218835199
XLOC-037482,0.526917028170449
XLOC-037485,0.0154649007033079
XLOC-037466,0.00544935408222762
TRINITY-DN16124-c0-g1-i4.mrna2,0.0244495152404946
XLOC-037487,0.0244495152404946
XLOC-037489,0.0244495152404946
XLOC-037492,0.00503729423124518
XLOC-037495,0.550300279700069
XLOC-037546,0.321458844969879
XLOC-037558,0.0180800345886113
XLOC-037579,0.0244495152404946
XLOC-037610,0.0130194175154228
XLOC-037670,0.00072414266794881
XLOC-037640,0.00890634348109021
XLOC-037757,0.119734657313575
XLOC-037758,1.61732704816941
XLOC-037774,0.0244495152404946
XLOC-037809,0.0244495152404946
XLOC-037894,0.0244495152404946
XLOC-037909,1.46202874270296
XLOC-037932,0.0297188575803207
XLOC-037917,0.0244495152404946
XLOC-037901,0.0321082130109194
XLOC-037953,0.0244495152404946
XLOC-018153,0.0244495152404946
TRINITY-DN12387-c0-g1-i3.mrna1,0.119734657313575
XLOC-037997,0.00864775111344811
XLOC-037990,0.0244495152404946
XLOC-037993,0.211304950088717
XLOC-038000,0.0244495152404946
XLOC-038032,0.0864715730500824
XLOC-038050,0.0243739906126577
XLOC-038051,0.0244495152404946
XLOC-038079,0.0244495152404946
XLOC-038080,0.00687945385320873
XLOC-038124,0.0244495152404946
XLOC-038182,0.0244495152404946
XLOC-038183,0.00520679214299411
XLOC-038217,0.0104813746227041
XLOC-038211,0.303199027894322
XLOC-038189,0.0244495152404946
XLOC-038191,0.351824624519103
XLOC-038216,0.142960481287742
XLOC-038221,0.114050789877866
XLOC-038258,0.0122498353537588
XLOC-038297,0.0272815355817628
XLOC-038366,0.0367556718435445
XLOC-038368,1.11966926346017
XLOC-038372,0.00160424166045718
XLOC-038390,0.0244495152404946
XLOC-038336,0.0244495152404946
XLOC-038434,0.0244495152404946
XLOC-038347,0.0486409237558161
XLOC-038395,1.49137906789261
XLOC-038455,0.115870106327928
XLOC-038483,0.0244495152404946
XLOC-038487,0.0244495152404946
XLOC-038488,0.0244495152404946
XLOC-038486,0.0386314617803358
XLOC-038499,0.00838290124716467
XLOC-038522,1.28422059424203
XLOC-038547,0.0486409237558161
XLOC-038526,0.0884950133513688
XLOC-038605,0.0244495152404946
XLOC-038641,0.201965374501619
XLOC-038637,0.0244495152404946
XLOC-038671,0.00508536780631669
XLOC-038642,1.67518660673073
XLOC-038649,0.0244495152404946
TRINITY-DN5651-c1-g1-i1.mrna1,0.0314194733310135
XLOC-038774,0.185275057403528
XLOC-004186,0.324734511067262
XLOC-038779,0.0244495152404946
XLOC-038812,0.101089215485828
XLOC-038853,4.88680439938966
XLOC-038856,0.396911373550022
XLOC-038867,0.00887143582155858
XLOC-038824,1.59999219079835
XLOC-038825,0.0244495152404946
XLOC-038886,0.0244495152404946
XLOC-038832,0.0244495152404946
XLOC-038958,0.0534916940275149
XLOC-038897,0.0244495152404946
TRINITY-DN9408-c0-g2-i1.mrna1,0.7067937260777
XLOC-038976,0.0244495152404946
XLOC-039009,4.13394728382048
XLOC-039010,5.05563520274457
XLOC-038986,0.0333638506173009
XLOC-038991,0.009603340424853
XLOC-039004,0.0244495152404946
XLOC-039077,0.0962769465913454
XLOC-039086,0.196482284936723
XLOC-039172,0.0244495152404946
TRINITY-DN7802-c0-g1-i3.mrna1,0.0244495152404946
XLOC-039253,0.0244495152404946
XLOC-039313,0.224407184878884
XLOC-039315,0.110027324704759
XLOC-039295,0.0234691838810453
XLOC-039301,0.0170268046269701
XLOC-039305,0.00868612044960645
XLOC-039304,0.453676223612659
XLOC-039341,0.0244495152404946
XLOC-039359,0.0244495152404946
XLOC-039360,0.0660383418254046
XLOC-039362,0.241630720336521
XLOC-039363,0.0386314617803358
XLOC-039393,0.0115218592339129
XLOC-004321,0.0486409237558161
XLOC-039414,0.0244495152404946
XLOC-039441,0.0244495152404946
XLOC-039447,0.0143913858719282
TRINITY-DN25383-c0-g1-i1.mrna1,0.0244495152404946
XLOC-039489,0.0244495152404946
XLOC-039497,0.0244495152404946
XLOC-039499,0.34017642810635
XLOC-039513,0.0244495152404946
XLOC-039525,0.0252125719510056
XLOC-039519,0.00890015847009898
XLOC-039567,0.00818312680573437
XLOC-039601,0.0165587648607484
XLOC-039633,0.0386314617803358
XLOC-039638,0.971642536970204
XLOC-039653,0.0244495152404946
XLOC-039766,0.0244495152404946
XLOC-039827,0.0486409237558161
TRINITY-DN5566-c7-g1-i1.mrna1,0.0244495152404946
XLOC-039888,0.636330663796099
XLOC-039938,0.165960359771132
XLOC-039956,0.0332787683279933
XLOC-039994,0.478927407730578
XLOC-040051,1.36900114603671
XLOC-040076,0.0244495152404946
TRINITY-DN9182-c0-g1-i2.mrna1,0.00925016066462076
XLOC-040061,0.336447078181541
TRINITY-DN33338-c0-g1-i1.mrna1,0.169846569677728
XLOC-040158,0.701958030654446
XLOC-040177,2.22057475240917
XLOC-040147,0.0878257063537046
TRINITY-DN9729-c0-g2-i6.mrna1,0.0962769465913454
XLOC-040198,0.0244495152404946
XLOC-040218,0.0919652885930619
XLOC-040209,0.0244495152404946
XLOC-040210,0.0244495152404946
XLOC-040211,0.0244495152404946
XLOC-040226,0.224407184878884
XLOC-040278,0.0186928115784673
XLOC-040253,0.00072414266794881
XLOC-040235,0.205793576007909
XLOC-040297,2.48339504841568
XLOC-040265,1.99829708798089
XLOC-040244,0.127961107288221
XLOC-002497,0.0244495152404946
XLOC-040266,0.0864715730500824
XLOC-040246,0.0244495152404946
XLOC-040368,0.424245437498839
XLOC-040362,0.110027324704759
XLOC-040383,0.0244495152404946
XLOC-040411,0.0244495152404946
XLOC-040413,0.0244495152404946
XLOC-040459,0.0244495152404946
XLOC-040479,0.0244495152404946
TRINITY-DN73686-c0-g1-i1.mrna1,0.0244495152404946
XLOC-040505,0.00732585250738761
XLOC-040545,0.412591539836967
XLOC-040587,0.0386314617803358
XLOC-040598,3.44675486624837
XLOC-040620,0.0244495152404946
XLOC-040622,0.012925333066995
XLOC-040687,0.0486409237558161
XLOC-040693,0.0386314617803358
XLOC-040722,0.0447370404518952
XLOC-040769,0.438246102395658
XLOC-040752,0.0652647663260453
XLOC-024939,0.141788477818066
XLOC-040774,0.775029712715959
XLOC-040779,0.0244495152404946
XLOC-040782,0.0244495152404946
XLOC-040862,0.473975831309057
XLOC-040881,0.0244495152404946
XLOC-040885,0.0244495152404946
XLOC-040887,0.0115633948234013
XLOC-040914,0.0244495152404946
XLOC-040913,0.408305578814375
XLOC-040916,0.0486409237558161
XLOC-040919,0.0244495152404946
XLOC-040936,0.0244495152404946
XLOC-040922,0.504854651039527
XLOC-040923,2.1302220816076
XLOC-040991,0.0694725860851029
XLOC-040988,0.0626751269478611
XLOC-040994,6.58340588150112
XLOC-040995,0.0621795170445084
XLOC-040982,0.00161318652940028
XLOC-041089,0.188740012811229
XLOC-041129,0.0213825974535033
XLOC-041137,0.0486409237558161
XLOC-041151,0.0323678339332029
XLOC-041166,0.333618028969267
XLOC-041164,0.019596184194207
XLOC-041169,0.0626751269478611
XLOC-041159,1.75943638618792
XLOC-041225,0.0244495152404946
XLOC-041256,0.0244495152404946
XLOC-041333,0.0342131694526426
XLOC-041314,0.0386314617803358
XLOC-041365,6.35593472638902
XLOC-041366,0.0145742962708056
XLOC-041382,0.767503980611577
XLOC-041398,0.0244495152404946
XLOC-041402,0.0244495152404946
XLOC-041405,0.502432824685059
XLOC-041452,0.0119463083071001
XLOC-041464,0.0244495152404946
XLOC-041419,0.0250198896079964
XLOC-041457,0.0386314617803358
TRINITY-DN13434-c0-g2-i1.mrna1,0.0244495152404946
XLOC-041427,0.0244495152404946
XLOC-041428,0.0486409237558161
XLOC-041430,0.0207510211207987
XLOC-041572,0.00832078241620156
XLOC-041624,0.0244495152404946
XLOC-041631,0.266197412833388
XLOC-041606,0.0304046731302697
XLOC-041635,0.0625803572821237
XLOC-041617,0.0086791398320015
XLOC-041637,0.0244495152404946
XLOC-041642,0.0244495152404946
XLOC-041679,0.0224273163153572
XLOC-041709,0.0244495152404946
XLOC-041718,0.0725811751031732
XLOC-041705,0.315819161028834
XLOC-041724,0.0244495152404946
XLOC-041725,0.0086791398320015
XLOC-041728,0.0183844310057169
XLOC-041750,0.412591539836967
XLOC-041766,0.102520279378216
XLOC-041762,0.895108185873839
XLOC-041765,0.00570651048011341
XLOC-041814,0.00843165201126517
XLOC-041842,0.0725811751031732
XLOC-041832,0.0128420163239775
XLOC-041859,0.5684046228364
XLOC-041861,0.193534871717852
XLOC-041912,0.0329591852710403
XLOC-041914,0.595871406442885
XLOC-041913,2.92471682494391
XLOC-041925,4.169245159414
XLOC-041945,0.896128559795961
XLOC-041951,0.0244495152404946
XLOC-041952,0.0244495152404946
XLOC-041973,0.00938985125732224
XLOC-041994,0.0244495152404946
XLOC-042078,0.0244495152404946
XLOC-042094,0.315819161028834
XLOC-042098,0.0244495152404946
XLOC-042138,0.179311977892932
XLOC-042148,2.93313623646183
XLOC-042153,1.5079194496438
XLOC-042133,0.00468451335123122
XLOC-042205,0.0386314617803358
XLOC-042190,0.0244495152404946
XLOC-042191,0.0221793780427095
XLOC-042201,0.0865168010810922
XLOC-032322,0.0486409237558161
XLOC-042253,0.321061480496631
XLOC-042265,0.140344755701974
XLOC-042304,0.224407184878884
XLOC-042332,3.06120481339617
XLOC-042330,0.581253438653014
XLOC-042349,0.00702028958767968
XLOC-042351,0.0073277913354993
XLOC-042389,0.0244495152404946
XLOC-042395,0.0244495152404946
XLOC-042434,0.03986746762988
XLOC-042418,0.00877475780221628
XLOC-042451,0.0244495152404946
XLOC-042475,0.0244495152404946
XLOC-042468,0.0486409237558161
XLOC-042537,0.030580779975477
XLOC-042548,0.00225665089717697
XLOC-042525,3.7789473982807
XLOC-042531,0.00074387234744777
XLOC-042607,0.0373023571233208
XLOC-042609,2.25567602473737
XLOC-042614,0.165960359771132
XLOC-042617,0.0244495152404946
XLOC-042667,0.0486409237558161
XLOC-042721,0.0328989545258519
XLOC-042761,0.0486409237558161
XLOC-042764,0.0244495152404946
XLOC-042722,2.80470934567453
XLOC-042750,0.0626751269478611
XLOC-042799,0.0244495152404946
XLOC-042791,0.0244495152404946
XLOC-042846,0.00976089108806803
XLOC-042919,0.72526124201207
XLOC-042909,0.0173196866730316
XLOC-042879,6.02155442500553
XLOC-042916,0.0962769465913454
XLOC-042923,0.0725811751031732
XLOC-042895,0.465206416753813
XLOC-042893,0.0118551323568721
XLOC-042897,2.45616840729882
XLOC-042922,0.119734657313575
XLOC-042925,7.38589673870264
XLOC-042974,0.0244495152404946
XLOC-042975,0.0244495152404946
XLOC-042986,0.0102053705044123
XLOC-042980,0.211304950088717
XLOC-042988,0.142960481287742
XLOC-042993,0.150270313088153
XLOC-004185,0.724700664737742
TRINITY-DN16411-c0-g2-i1.mrna1,0.375989692370906
XLOC-043105,0.0402915721746725
XLOC-043109,0.0346694319983801
XLOC-043125,0.0486409237558161
XLOC-043143,0.119734657313575
XLOC-043135,1.1488505692465
XLOC-043130,0.0244495152404946
XLOC-043157,1.71194236527939
TRINITY-DN5338-c0-g1-i3.mrna2,0.0244495152404946
XLOC-043206,2.23942156800826
XLOC-043233,0.83622016623947
XLOC-043226,0.00688865081510642
XLOC-043228,0.0129845695461576
XLOC-043254,0.0244495152404946
XLOC-043263,0.178037520661423
XLOC-043266,0.0779530828881636
XLOC-043292,0.0486409237558161
XLOC-043342,0.246642605904397
XLOC-043365,0.060717986872075
XLOC-043404,0.010913121424513
XLOC-043409,0.0244495152404946
XLOC-043400,0.0221793780427095
XLOC-043490,0.0244495152404946
XLOC-043515,0.800541123221175
XLOC-043543,0.0244495152404946
XLOC-043545,0.0244495152404946
XLOC-043526,0.0273791118337209
XLOC-043548,0.0486409237558161
XLOC-043530,0.0244495152404946
XLOC-043531,0.00520624236899589
XLOC-043537,1.76528257174603
XLOC-043556,0.0244495152404946
XLOC-043596,0.974797243739432
XLOC-043634,0.0244495152404946
XLOC-043632,0.0626751269478611
XLOC-043638,0.0117474099453274
TRINITY-DN217-c1-g1-i5.mrna1,0.137826843800454
XLOC-043724,0.0507892150850609
XLOC-043753,0.0244495152404946
XLOC-043738,0.361067897541355
XLOC-043730,3.71518870963177
XLOC-043808,0.0244495152404946
XLOC-043842,3.79927933379698
XLOC-043843,0.0244495152404946
XLOC-043860,0.0429418083417265
XLOC-043844,1.1439046750927
XLOC-043832,0.00989108197157946
XLOC-043865,0.0244495152404946
XLOC-043903,0.0244495152404946
XLOC-043885,0.0244495152404946
XLOC-043982,0.142960481287742
XLOC-043970,0.165960359771132
XLOC-043976,0.179311977892932
XLOC-043981,0.0244495152404946
XLOC-043984,2.38143012387145
XLOC-044054,0.0165558405784304
XLOC-044095,0.0244495152404946
XLOC-044098,0.00786721709523302
XLOC-044056,0.00318364468078482
XLOC-044176,0.675620692421424
XLOC-044120,1.92259358942004
XLOC-044119,0.127184236319436
XLOC-044077,0.00687930534315298
XLOC-044066,1.18493343771183
XLOC-044068,7.40137164806939
XLOC-044122,2.03134072909562
XLOC-044071,0.0244495152404946
XLOC-044139,0.0853807345994849
XLOC-044083,0.00964263769025804
XLOC-044152,0.0218622570809685
XLOC-044228,0.0244495152404946
XLOC-044229,1.13032988201472
XLOC-044253,0.0244495152404946
XLOC-044231,0.0192640310845117
XLOC-044327,0.342119240095864
XLOC-044281,0.0131950306001759
XLOC-044285,3.49717665307228
XLOC-044343,0.0244495152404946
XLOC-044363,0.0244495152404946
XLOC-044310,0.00126517234570452
XLOC-044318,0.0486409237558161
XLOC-044381,0.00169430541594354
XLOC-044324,0.0666716842016068
XLOC-044385,0.0815883224389189
XLOC-044490,0.0244495152404946
XLOC-044480,0.556692558541475
XLOC-044530,0.0244495152404946
XLOC-044554,0.38824904856122
XLOC-044524,0.0244495152404946
XLOC-044525,1.70560030421423
XLOC-044526,3.96692485991713
XLOC-044563,0.217281781927492
XLOC-044536,0.089411411808066
XLOC-044615,0.133348656104532
XLOC-044616,0.370835015234619
XLOC-044635,0.0244495152404946
XLOC-044611,0.00146838858285493
XLOC-008822,0.0244495152404946
XLOC-044731,0.00393441920684499
XLOC-044841,0.0244495152404946
XLOC-044807,0.0244495152404946
XLOC-044808,0.0962769465913454
XLOC-044790,0.290514149790513
XLOC-044816,0.0244495152404946
XLOC-044819,0.119734657313575
XLOC-044827,0.0962769465913454
XLOC-044802,0.246642605904397
XLOC-044905,0.0244495152404946
XLOC-044908,0.0244495152404946
XLOC-044932,0.0486409237558161
XLOC-044954,0.0532582540315056
XLOC-044934,0.0244495152404946
XLOC-044959,0.0386314617803358
XLOC-045008,0.0244495152404946
XLOC-045029,0.179311977892932
XLOC-045072,0.0486409237558161
XLOC-045086,0.0214185332082959
XLOC-045087,0.01567638417947
XLOC-045114,0.0561910118143469
XLOC-045127,0.0244495152404946
XLOC-045131,0.0244495152404946
XLOC-045134,0.402265368401769
XLOC-045175,1.32533407625923
XLOC-045176,3.59829755030836
XLOC-045187,0.0370334248392989
XLOC-021052,0.0244495152404946
XLOC-045211,0.0244495152404946
XLOC-045279,0.00433968014234813
XLOC-045224,0.0244495152404946
XLOC-045225,0.00314669952501191
XLOC-045226,0.255811724755163
XLOC-045227,0.480477243095679
XLOC-045276,0.00638032737233594
XLOC-045282,0.0244495152404946
XLOC-045286,0.0330331350492499
XLOC-045290,0.0254799029433226
XLOC-045295,0.0783677748380232
XLOC-045302,1.65032782466135
XLOC-045415,0.0244495152404946
XLOC-045411,0.0244495152404946
XLOC-045420,0.467094809588779
XLOC-045443,1.40537829473744
XLOC-045473,0.0244495152404946
XLOC-045474,0.640819189470296
XLOC-045519,0.0486409237558161
XLOC-045557,1.04357825248334
XLOC-045638,0.00211103318916315
XLOC-038210,0.0179631895604105
XLOC-045721,0.0244495152404946
XLOC-045716,1.22411840849032
XLOC-045766,0.0244495152404946
XLOC-045737,0.0244495152404946
XLOC-045738,0.0244495152404946
XLOC-045807,0.0244495152404946
XLOC-045826,0.0244495152404946
XLOC-045847,0.00072414266794881
XLOC-045840,0.0244495152404946

