t32664aep|AQP9_HUMAN,0.0197786070709954
t31833aep|BP10_PARLI,0.0223055483107721
t32819aep|T106C_HUMAN,0.0459146332096083
t35994aep|MLRP2_ACRMI,0.00222341797211593
t35984aep|DYH6_HUMAN,0.0197786070709954
t31651aep|LRRK2_MOUSE,0.0282229396523103
t34431aep|RSPH1_HUMAN,0.538027513288968
t34434aep|S12A8_XENLA,0.00133547465744647
t34430aep|RPAP1_BOVIN,0.0133167603820979
t31844aep|TLL1_DANRE,0.714185402895715
t34802aep|PISD_CRIGR,0.0079289924373792
t36663aep|AA2AR_CANLF,0.0282229396523103
t32266aep|GGT1_PIG,0.00984008395631225
t32633aep|MED16_XENTR,0.0119696383948049
t33645aep|TLR1_DROME,0.0417199734764449
t37951aep|MPU1_MOUSE,0.0457105174668396
t32412aep|M3K19_HUMAN,0.00813056535059778
t32413aep|NTPES_BACSU,0.224017463770852
t36938aep|SYT15_HUMAN,0.186983170102647
t33620aep|SYT7_HUMAN,0.049538594821364
t33194aep|UBP54_RAT,0.00248363953504841
t38683aep|H10A_XENLA,0.0172952408733086
t32852aep|NPC2_DROME,5.89558486750709
t36502aep|NPHP3_HUMAN,0.00795376975321667
t38365aep|TMOD2_RAT,0.0431393379019719
t32785aep|HEBP1_MOUSE,0.136456242499832
t37220aep|HMCN2_HUMAN,0.342880673679536
t34548aep|KLC4_HUMAN,0.0282229396523103
t35296aep|MORN2_BOVIN,0.0119098668641358
t34987aep|FA47E_HUMAN,0.033253118228364
t34996aep|RET_RAT,0.0181066345583118
t31905aep|DYH2_MOUSE,0.0561030057918745
t36373aep|RTXE_DROME,0.0282229396523103
t36031aep|ANPRA_MOUSE,0.0103732919045891
t36962aep|RTBS_DROME,0.0282229396523103
t32151aep|HE_PARLI,3.17612487946774
t37177aep|MDC1_RAT,0.032865520485255
t37192aep|FBXW2_MOUSE,0.0123198059910003
t38621aep|MOCS3_AEDAE,0.00114621873071492
t34473aep|PGBD4_HUMAN,0.0282229396523103
t34475aep|LRIG2_HUMAN,0.0443326176699956
t34464aep|RUSD4_HUMAN,0.122676934173501
t34669aep|CK070_BOVIN,0.0202331530555653
t34670aep|VKORL_HUMAN,0.636368228773772
t37731aep|S17A9_MOUSE,0.0282229396523103
t37729aep|KPCD3_MOUSE,0.333844224109418
t32496aep|CNR1A_TAKRU,0.0720430824578498
t32513aep|MRC2_HUMAN,0.391594490413823
t36977aep|ECT_ACRMI,0.0204709926054927
t36974aep|CNFNA_XENLA,0.0282229396523103
t36988aep|FAT4_HUMAN,0.0129635783368695
t35150aep|FEM1C_MOUSE,0.0200638303895541
t38573aep|CL004_RAT,0.0200205045872187
t38564aep|DEN2C_HUMAN,0.00912548589674934
t31280aep|ANKL1_HUMAN,0.0343671427844661
t31950aep|B3GN2_HUMAN,0.0631286628375793
t31929aep|CERS6_HUMAN,0.0148028729329998
t31930aep|GXN_ACRMI,0.0199994373901229
t32747aep|ZIC2B_XENLA,0.0217260866754112
t32740aep|KLC4_HUMAN,0.0220536498006044
t32369aep|GAPR1_HUMAN,0.0227805618280177
t38580aep|BCOR_HUMAN,0.00354407474638969
t38581aep|HE_HEMPU,1.51329923243526
t38506aep|ANK2_HUMAN,0.0996152785678778
t38509aep|DCDC2_MOUSE,0.0367496351941659
t38497aep|DDC_HUMAN,0.0131123956592598
t33106aep|NPHP3_HUMAN,0.0241457062647183
t34691aep|PLCL2_MOUSE,0.0219040752623511
t32283aep|PPBT_CHICK,0.153656402822555
t32280aep|5HTR_LYMST,0.0282229396523103
t32898aep|CAC1B_RAT,0.0414675814640072
t35776aep|KLC4_MOUSE,0.0256141438887352
t35770aep|B3GLT_HUMAN,0.0202331530555653
t37400aep|AMPP1_PENRW,0.0858177498442006
t32206aep|EGL15_CAEEL,0.110441231995789
t32191aep|TC1A_CAEEL,0.242497566069212
t38160aep|P52K_HUMAN,0.0282229396523103
t37750aep|ABHD8_BOVIN,0.0222140402023417
t37746aep|USH2A_HUMAN,0.0561030057918745
t33040aep|IQCB1_MOUSE,0.0186690292284245
t37484aep|HMP_OCEIH,0.0513601920546362
t35655aep|NPHP3_HUMAN,0.115385763617129
t35677aep|PGDH_HUMAN,0.926531032858451
t31412aep|FND3A_HUMAN,0.10078383678436
t31424aep|CFA57_MOUSE,0.0319078883465358
t31409aep|TRF6A_XENLA,0.00254691352397892
t31408aep|TRF6A_XENLA,0.012189988252389
t37778aep|TC1A_CAEEL,0.0282229396523103
t37779aep|TRAF3_MOUSE,0.0318710254209533
t35786aep|AP1G_DICDI,0.0105387682049497
t35816aep|GIN1_HUMAN,0.0282229396523103
t35785aep|KCNA1_RAT,0.0282229396523103
t34520aep|AGRG4_HUMAN,0.0156969883377929
t34497aep|CHIT3_DROME,0.0143385586876527
t37134aep|TILB_XENTR,0.0354457903881256
t37156aep|CHIA_MOUSE,5.22535769989915
t36817aep|TC1A_CAEEL,0.0282229396523103
t31783aep|DMBT1_RABIT,1.29712471553718
t36091aep|F166B_XENTR,0.0290159675945132
t36111aep|P20D2_MOUSE,0.000423808281872274
t36128aep|CAH2_TRIHK,0.0284471862458681
t36104aep|SDK1_HUMAN,0.00918732664605196
t31356aep|OTOF_HUMAN,0.000559727666859472
t31348aep|ZBED4_MOUSE,0.0282229396523103
t31346aep|MGT4A_RAT,0.0282229396523103
t37247aep|NAS13_CAEEL,5.35143004996705
t37309aep|WHRN_HUMAN,0.0429625571274495
t31485aep|TOR1A_MACFA,0.0542325871338514
t31534aep|RTXE_DROME,0.0282229396523103
t34400aep|MJK2_METJA,0.0282229396523103
t34424aep|TRY3_SALSA,7.3683646914699
t31238aep|UNC89_CAEEL,0.0282229396523103
t34408aep|TIGD4_MOUSE,0.0282229396523103
t32528aep|RTJK_DROME,0.0282229396523103
t32571aep|RTBS_DROME,0.00795376975321667
t32527aep|MOS1T_DROMA,0.0282229396523103
t38292aep|BVMO2_STRCO,0.131333153537931
t32035aep|GRM8_HUMAN,0.0706710981096974
t32000aep|RET_RAT,0.00404876090104024
t35477aep|RTJK_DROME,0.0356524184604852
t35489aep|JERKL_HUMAN,0.0282229396523103
t35486aep|TCB2_CAEBR,0.0282229396523103
t37556aep|JERKL_HUMAN,0.0282229396523103
t37537aep|ZMYM5_HUMAN,0.0282229396523103
t31770aep|VWA3B_HUMAN,0.0118853420075373
t37531aep|GTD2B_HUMAN,0.0282229396523103
t37577aep|RTJK_DROME,0.0484974843445911
t33011aep|PELET_DROME,0.0317783554349873
t32976aep|ZMYM1_HUMAN,0.00448152663248551
t33020aep|TSP3_MOUSE,0.0113748743286738
t35576aep|ZBED4_MOUSE,0.0798581019813291
t35577aep|KLC_DORPE,0.021474227546903
t35627aep|AL14E_BOVIN,0.0060125270808938
t35590aep|RTBS_DROME,0.00696343684637709
t35573aep|SHL2_ORYSJ,0.00815076674590542
t35607aep|RTJK_DROME,0.0130296541836647
t34209aep|TCB2_CAEBR,0.0251929102823062
t34245aep|AGRG2_MOUSE,0.0217326741856602
t37857aep|GIN1_HUMAN,0.000337242567467073
t37855aep|THAP9_HUMAN,0.00838181792680385
t32083aep|OPN4_BRABE,0.0214778550775951
t37598aep|GRM3_MOUSE,0.0445726629190488
t36827aep|CAC1D_MESAU,0.00544340143891131
t34847aep|Y165_RICPR,0.164399752015222
t37069aep|B3GN4_HUMAN,0.0282229396523103
t34346aep|ADAM9_MOUSE,0.0282229396523103
t34824aep|PCR3_ARATH,0.0100903502872927
t35628aep|CENPS_XENLA,0.00428035023924925
t33638aep|TRPC5_RABIT,0.0282229396523103
t31554aep|CYT_NOTSC,3.22940175443553
t31471aep|APOB_RAT,0.014713504778906
t32130aep|NPC2_DROME,0.0809072747317032
t36020aep|ADCY9_MOUSE,0.0953521618828218
t37043aep|SSPO_CHICK,0.0282229396523103
t34831aep|MTH2_DROYA,0.00883860144272538
t33826aep|HEL1_SCHPO,0.0282229396523103
t36298aep|CO061_HUMAN,0.0120482016032175
t34733aep|MCPI_MELCP,5.35381218692958
t34781aep|SET1_YEAST,0.143877606391615
t33670aep|NADA_APLKU,0.0216033474714626
t33567aep|RSLBB_DANRE,0.030836769771243
t33881aep|MFSD6_MOUSE,0.0282229396523103
t36310aep|CPI1_PIG,0.0444154114008981
t35341aep|GALT2_DROME,0.00977711636816535
t37839aep|ZFAN1_HUMAN,0.0233474616377536
t25939aep|MNT_XENLA,0.0895602689214223
t28851aep|TAPT1_MOUSE,0.00972419522212243
t28849aep|FH20_ARATH,0.0282229396523103
t18735aep|FOXA2_ORYLA,0.0417693748226152
t14512aep|TATD2_HUMAN,0.0131123956592598
t14505aep|GAS2_MOUSE,0.0143848407574454
t28513aep|LAR_CAEEL,0.0311449500120587
t25273aep|PQLC1_BOVIN,0.049397341588872
t1824aep|ADCK1_MOUSE,0.00824786487288217
t26432aep|KCNK9_XENLA,0.0193739187150082
t7688aep|GATD1_DANRE,0.0357796533058109
t7698aep|MFNA_METPE,1.4525288119897
t25309aep|HSFY1_HUMAN,0.0150574474949251
t26394aep|TMED7_HUMAN,0.323442489934532
t29730aep|CHSTB_RAT,0.00925385945154417
t19677aep|MEP1B_HUMAN,1.02337768670722
t24854aep|PRY1_YEAST,0.0232250117603269
t3271aep|IGS10_HUMAN,0.00947147783686856
t26161aep|YPD9_CAEEL,0.00179091311844513
t18765aep|EAA1_HUMAN,0.02121252006043
t25716aep|SMG7_MOUSE,0.00999694859244802
t4520aep|SRPRA_DROME,0.105502186324501
t25425aep|THEM4_HUMAN,0.0282229396523103
t13964aep|SC16A_HUMAN,0.118139121236347
t28568aep|B3GN4_HUMAN,0.0249144557256925
t1198aep|NHLC2_MOUSE,0.00383729618423438
t23544aep|PRY1_YEAST,1.20987737336028
t23543aep|DIRA1_HUMAN,0.0920343124516283
t11073aep|RAB24_HUMAN,0.839270935166982
t11061aep|APCD1_CHICK,0.290586867040455
t11055aep|LWA_HYDEC,0.000315805887888388
t11063aep|G3ST3_MOUSE,0.0282229396523103
t3676aep|TES_CHICK,0.021571289418194
t3693aep|PCKGM_MOUSE,0.00254691352397892
t1aep|NAS4_CAEEL,0.657088093761131
t3aep|G3ST3_MOUSE,0.0119456956148031
t17588aep|LRC23_MOUSE,0.0206932295063122
t17575aep|ENDUB_DANRE,2.06974900404265
t17610aep|S17B1_XENLA,0.0445726629190488
t17581aep|TC1D2_HUMAN,0.329020509228398
t17590aep|NCAH_DROME,0.0241679709810717
t20810aep|KN7D_ARATH,0.0282229396523103
t24799aep|MGT5B_HUMAN,0.0746535513282476
t24788aep|SYT4_RAT,0.0197786070709954
t27586aep|RHG06_MOUSE,0.0018979993611404
t27591aep|CNR1A_TAKRU,0.0561030057918745
t27581aep|AGRG4_MOUSE,0.0453932433376661
t16618aep|PA2B2_NOTSC,0.004989302490074
t28913aep|KLC4_HUMAN,0.0282229396523103
t12654aep|TCPD_RAT,0.0282229396523103
t27921aep|GLUCL_DROME,0.0416437570167049
t26400aep|CONT_DROME,0.164399752015222
t26415aep|ATS7_RAT,0.0282229396523103
t12690aep|GMK2_ARATH,0.0282229396523103
t25224aep|PPA6_BOVIN,0.00265509191638777
t25232aep|KI18A_HUMAN,0.0108789683796806
t18753aep|GPX5_PIG,0.0282229396523103
t26356aep|NR1BA_DANRE,0.0645651836893722
t24328aep|HMCN2_MOUSE,0.0282229396523103
t24325aep|YKX5_SCHPO,0.0282229396523103
t26322aep|ZIFL1_ARATH,0.083650808461187
t2532aep|DNAL1_BOVIN,0.0766440457670215
t24217aep|CCD63_BOVIN,0.0221091965938405
t25827aep|DNAJ_EHRCR,0.0171113114462067
t5462aep|CCKAR_CAVPO,0.0765017857546455
t29932aep|MRP1_HUMAN,0.0282229396523103
t10991aep|COCA1_HUMAN,0.0211146342403199
t27319aep|PIFO_MOUSE,0.0246206474478454
t24575aep|AB6A_ARATH,0.00565530029846019
t27117aep|TRI23_MOUSE,0.00565530029846019
t25457aep|DYH1_RAT,0.0191958630726795
t2497aep|MLRP2_ACRMI,0.0147366365069048
t27148aep|ADRB2_TSCTR,0.660347620367524
t25396aep|NKX26_HUMAN,0.0561030057918745
t18857aep|PRY1_YEAST,5.82990947225422
t18862aep|SLIT_DROME,0.0298679280508232
t29006aep|Y381_RICFE,0.30481911173292
t28999aep|MARH2_XENLA,0.0282229396523103
t31083aep|TRPM3_HUMAN,0.00907936071985735
t24455aep|SEPR_MOUSE,0.0010019607752391
t24452aep|AA2BR_CHICK,0.0282229396523103
t29571aep|STAN_DROME,0.0561030057918745
t27520aep|LIN1_NYCCO,0.0282229396523103
t27530aep|HYDMA_HYDVU,0.0535338624130451
t11798aep|DPOE2_MOUSE,0.0198800761366192
t25340aep|CC177_MOUSE,0.00678867137378049
t27882aep|OPN3_HUMAN,0.083650808461187
t13247aep|GGT1_HUMAN,0.406126481572008
t13256aep|CSL3_ONCKE,0.0282229396523103
t13244aep|S6A19_PONAB,0.0173942281113028
t25384aep|TYW5_DANRE,0.0115273780314993
t4420aep|OCTB1_DROME,0.0282229396523103
t25373aep|P5CS_PONAB,0.0452040999962538
t4424aep|T106A_HUMAN,0.00900157574054199
t25797aep|FBP1_STRPU,0.0438021128331354
t24660aep|TRIM9_HUMAN,0.0150401909950686
t18616aep|PRY1_YEAST,0.0219040752623511
t14354aep|SUPT3_HUMAN,0.00345974427927379
t28433aep|CAS4_EPHMU,0.00425064446674851
t14347aep|GCR1_ARATH,0.0148965790982666
t27546aep|ANR28_MOUSE,0.0229434679390256
t11845aep|DRS7B_MOUSE,0.0260539247950493
t11831aep|AGFG1_RAT,0.00369154996808403
t24592aep|GTR8_MOUSE,0.0282229396523103
t24877aep|TES_AOTNA,0.0654211962570699
t3297aep|MMP27_HUMAN,4.14335089840919
t24885aep|TUT7_MOUSE,0.0239007307771655
t15140aep|KCNF1_HUMAN,0.0143915964207886
t28605aep|ENTP1_HUMAN,0.0658445246842209
t15157aep|SVEP1_HUMAN,0.607844974509195
t13791aep|OSGI2_HUMAN,0.00745275557073063
t13826aep|PZRN3_HUMAN,0.0130579742474198
t13822aep|MEIG1_XENLA,0.131292855115271
t28157aep|PHYD1_DANRE,0.0153442286993927
t9187aep|HIPL2_MOUSE,0.110876480983503
t13811aep|TSP2_MOUSE,0.00920183252485345
t2754aep|SYCE2_MOUSE,0.0282229396523103
t2731aep|ADA1A_ORYLA,0.0996152785678778
t2752aep|CP17A_RANDY,0.0143627752011726
t2746aep|1433_DICDI,0.00781409649905498
t29627aep|ZG57_XENLA,0.0319446258357853
t30834aep|S35A4_XENTR,0.0178720458702081
t22822aep|ADA1A_ORYLA,0.0104767862058286
t17307aep|HEBP2_HUMAN,0.00192836377827619
t17347aep|NAS4_CAEEL,0.0235501804376762
t17341aep|G3ST3_MOUSE,0.0242687012577336
t17351aep|INMT_RABIT,0.0722571106631251
t17958aep|KFA_MOUSE,0.262979330660951
t17956aep|FUCTA_DROME,0.0115266477579235
t31037aep|KY_MOUSE,0.00795376975321667
t31052aep|GRDP2_ARATH,0.026086718092346
t23426aep|SFRP4_RAT,0.158606094810697
t10195aep|CFA53_HUMAN,0.176904757107458
t10197aep|COCA1_CHICK,0.562854631751665
t10193aep|ABCAD_MOUSE,0.018342487593428
t10196aep|TC1A_CAEEL,0.0282229396523103
t10714aep|KSR2_MOUSE,0.95341172923202
t10708aep|CR3L1_MOUSE,0.184329141408212
t30039aep|LAT4_MOUSE,0.0282229396523103
t20598aep|FGFR1_HUMAN,0.00832804560868246
t30054aep|ZNFX1_HUMAN,0.04649816256921
t20612aep|SEN2_MOUSE,0.00261829945793547
t3837aep|ABR_BOVIN,0.014713504778906
t3813aep|PCR3_ARATH,0.555772894602331
t18810aep|NAS4_CAEEL,0.54496700517056
t27673aep|CAPA_BACAN,0.00232050297696058
t30988aep|CFA43_HUMAN,0.0279335626370326
t30970aep|CHI3_CANAL,0.00563279940627497
t184aep|MPDZ_HUMAN,0.0379508032273841
t191aep|SIR1_RAT,0.0209992997639948
t24462aep|RTBS_DROME,0.0282229396523103
t24463aep|ATL7_ARATH,0.0350415045619857
t26286aep|ABCD3_HUMAN,0.0714710006957273
t24960aep|TRIM3_RAT,0.0802766582776862
t23376aep|COMA_CONMA,0.124280273218766
t30993aep|SC5A8_HUMAN,0.580464432583114
t31013aep|CSL3_ONCKE,0.0429075552518061
t31000aep|NCF2_BOVIN,0.0376428727978835
t23352aep|GREM2_MOUSE,0.0224702618882087
t30802aep|BLML4_DICDI,0.0290712113911975
t23078aep|EPHA7_CHICK,0.0293133016036081
t23079aep|AJL2_ANGJA,0.480611438194025
t24237aep|NPY1R_CAVPO,0.0131123956592598
t1563aep|YJ2B_SCHPO,0.0282229396523103
t25744aep|BTBD7_HUMAN,0.144840705582684
t19811aep|KLC4_HUMAN,0.0282229396523103
t29818aep|TRAF6_DANRE,0.00938673585080325
t17394aep|CD151_BOVIN,0.0282229396523103
t27265aep|GALE_BACSU,0.110876480983503
t27269aep|NAS13_CAEEL,0.0169675388049678
t27259aep|THAP9_HUMAN,0.0282229396523103
t27256aep|DYH10_HUMAN,0.0282229396523103
t24828aep|ENPP4_XENLA,0.190715476691026
t25553aep|TCB1_CAEBR,0.0185176305989553
t25551aep|TTC28_MOUSE,0.0369594268594215
t24912aep|ANAG_HUMAN,0.013231976804364
t24889aep|TCB2_CAEBR,0.0282229396523103
t24887aep|TIAM2_MOUSE,0.0506582770623671
t2590aep|ZDH16_HUMAN,0.00321919531614176
t25496aep|AOSL_PLEHO,0.0639753077164816
t25501aep|CEL3B_MOUSE,6.91769242831649
t30012aep|LRRK2_MOUSE,0.0256256437825159
t30001aep|CO1A2_MOUSE,0.00666594619111535
t30000aep|CSL3_ONCKE,0.0445726629190488
t29982aep|TXND5_MOUSE,0.0365306850841645
t25855aep|MRC1_HUMAN,0.0193739187150082
t26572aep|KCA10_CHICK,0.0514780545478917
t8278aep|HRH2_PONPY,0.0282229396523103
t26562aep|PPAP_BOVIN,0.0561030057918745
t8307aep|NFIC_MOUSE,0.00602721487905522
t8306aep|CF165_MOUSE,0.0282229396523103
t28246aep|DNJ21_ARATH,0.0282229396523103
t14247aep|GLUCL_DROME,0.0544148228342974
t29760aep|KIF12_HUMAN,0.0513515886657643
t19746aep|DMX1B_DANRE,0.00314041490153882
t2858aep|RIMB2_MOUSE,4.81219495814901e-05
t2837aep|LOXH1_HUMAN,0.00547639170505082
t24687aep|TRY3_SALSA,7.98981966472525
t2603aep|IQCG_HUMAN,0.42503987358194
t24740aep|TCB2_CAEBR,0.00500157837407207
t2845aep|RUNX1_HUMAN,0.0282229396523103
t31200aep|AT133_MOUSE,0.0115743306389832
t23787aep|RPC5_MOUSE,0.00434527675744213
t21826aep|RM32_DROME,0.00556386708905376
t21810aep|NDF1_HUMAN,0.0282229396523103
t21822aep|NAS6_CAEEL,0.0215031526787801
t30134aep|RFX4_HUMAN,0.0565550181732716
t20689aep|ETV6_MOUSE,0.046865940731105
t20716aep|SAM15_MOUSE,0.0507193791635782
t30140aep|YRD6_CAEEL,0.0156670627507286
t25683aep|Y165_RICPR,0.131230985751126
t25680aep|PROP_HUMAN,0.0191958630726795
t5068aep|APX1_HYDVD,0.474906502628947
t5055aep|S35B3_MOUSE,0.0502201682320025
t25698aep|GIN1_HUMAN,0.0561030057918745
t3930aep|CDA1_SCHPO,0.0173346923037495
t3948aep|BACE1_HUMAN,0.0174477276784117
t25163aep|COKA1_MOUSE,0.0404408614084918
t25134aep|RTJK_DROFU,0.00884321167692519
t28059aep|ADAT3_DANRE,0.0282229396523103
t28075aep|F200A_MACFA,0.0282229396523103
t28099aep|GIN1_BOVIN,0.0622210484376749
t23987aep|TC1A_CAEEL,0.0282229396523103
t460aep|RSPH9_DANRE,0.0472338627982273
t457aep|ADHE_CLOAB,0.0091964385679421
t436aep|YPEL1_HUMAN,0.0451921487125061
t447aep|DDAC_ENTAG,0.0282229396523103
t23954aep|PKHL1_MOUSE,0.00976280665831911
t20768aep|BRAC_CANLF,0.0219714295657159
t30241aep|RTJK_DROME,0.0186690292284245
t30215aep|VWDE_HUMAN,0.0192134451932126
t14309aep|CALUB_SALSA,0.999300980925311
t28304aep|HMCN1_HUMAN,0.580500975135934
t28313aep|ZMYM1_HUMAN,0.0282229396523103
t28339aep|RTBS_DROME,0.0146911670033828
t14328aep|CUBN_HUMAN,0.0282229396523103
t14298aep|IGFBP_CUPSA,0.0126073786704287
t14316aep|OX2R_MOUSE,0.357415041681528
t27034aep|ZMYM5_MACFA,0.0282229396523103
t10258aep|NAS15_CAEEL,0.599962043218264
t1780aep|PRD13_MOUSE,0.0181066345583118
t1759aep|DDX49_HUMAN,0.0146571008048134
t1769aep|NAS4_CAEEL,0.00905413380201433
t48aep|XBP1_MOUSE,0.069682403530035
t45aep|PLPL7_MOUSE,3.50490498974244e-06
t15393aep|SOX4_MOUSE,0.0358039493071578
t19618aep|ABHD6_BOVIN,0.313261098810601
t19631aep|DAAA_BACLI,0.0177708991302933
t709aep|NTAN1_PIG,0.0150753510068092
t10070aep|ELOV2_MOUSE,0.0100707370878196
t10067aep|SNX11_MOUSE,0.0457459755276904
t2387aep|CK5P3_RAT,0.115437029112193
t13485aep|NPHP3_HUMAN,0.0150574474949251
t13496aep|S40A1_DANRE,0.00104700830293536
t13480aep|EVA1C_PANTR,0.0400608575288053
t25615aep|CHI3_CANAL,5.20591194680293
t4988aep|INHB_DROME,0.0282229396523103
t27994aep|CHIA_RAT,3.51334655196559
t13623aep|FUCO_HUMAN,0.0646717316792127
t9701aep|CPP1_ACRMI,0.057943049231027
t30314aep|A6907_ARTBC,0.0279036509209432
t29708aep|FUCTC_DROME,0.0561030057918745
t24291aep|HEXC_BOMMO,2.60538741743224
t22254aep|VEGFA_BITGA,0.851662698394795
t18025aep|ECT_ACRMI,0.00541618346544316
t25625aep|DDC_RAT,0.110876480983503
t25624aep|BMP7_MOUSE,0.0282229396523103
t15917aep|DCE2_PIG,0.0186180964296457
t15899aep|RBM18_XENLA,0.0268377166153185
t1105aep|FBLN4_HUMAN,0.187760376842911
t1119aep|BLC_VIBCH,0.0436872675095578
t1098aep|NAS15_CAEEL,3.77581507576359
t20269aep|DELE_HUMAN,0.00903606957122282
t20262aep|MRC2_HUMAN,4.3678857237202
t17825aep|CE57L_XENLA,0.00372601026463324
t17832aep|LIPR2_MYOCO,0.0517393756306084
t19026aep|UHRF1_XENTR,0.00808338159369468
t19027aep|LRC34_MOUSE,0.0476586732105597
t3608aep|ITFG2_MOUSE,0.00745275557073063
t3610aep|CEL3B_MOUSE,1.48728136032705
t3617aep|HES2_RAT,0.359352687480843
t13169aep|ADA1A_HUMAN,0.122902950404078
t19857aep|NEK9_XENLA,0.0339072810186194
t19057aep|ACM4_MOUSE,0.083650808461187
t10009aep|KCNA2_RABIT,0.0167744407595491
t23209aep|A1CF_PONAB,0.158123167999269
t8607aep|SYT15_HUMAN,0.102027460046201
t30711aep|CCD57_HUMAN,0.00401086830798139
t6461aep|NPHP3_HUMAN,0.0220536498006044
t27488aep|KCP4_PINMG,0.0358446603009637
t11676aep|5HT1A_PANTR,0.0282229396523103
t22326aep|ACT17_DICDI,0.0150287499405096
t9440aep|GDF8_CAPIB,0.00622435026020341
t9463aep|RBBP9_HUMAN,0.00151516774928627
t22338aep|YR571_MIMIV,0.0383387144536589
t9447aep|SUP9_CAEEL,0.0892582483036935
t9449aep|PROF4_BOVIN,0.019910681918917
t30318aep|CTR2_CANLF,0.0722571106631251
t21128aep|ESRP1_RAT,0.00366382998733871
t21146aep|CPNE6_MOUSE,0.0282229396523103
t17141aep|MFSD6_PIG,0.0282229396523103
t17138aep|PP16A_MOUSE,0.0104199444963797
t8911aep|ATS10_HUMAN,0.0141875832906138
t8898aep|CASP8_RAT,0.00684521417758836
t22300aep|ADRB2_CAVPO,0.0996152785678778
t28952aep|LAMB2_HUMAN,0.0165017426942884
t22315aep|SBSPO_HUMAN,0.0581927206715979
t6066aep|ELOV4_MOUSE,0.0683894909335969
t9437aep|LFG2_BOVIN,0.00746004110820374
t26815aep|MED17_MOUSE,0.00544924260021209
t19321aep|STOX1_MOUSE,0.0282229396523103
t19346aep|KLC4_MOUSE,0.0168122787321856
t19316aep|MEP1B_MOUSE,0.282763932407911
t7252aep|SUP9_CAEEL,0.0561030057918745
t7262aep|ELOV4_MACMU,0.00241135322990567
t11467aep|PAX6_XENLA,1.27317507526094
t14555aep|PRD13_MOUSE,0.0282229396523103
t14527aep|MCPI_MELCP,0.00475760534165805
t12562aep|ASCL4_HUMAN,1.77981209240321
t12558aep|TPM1_PODCA,0.0561030057918745
t2957aep|YUGO_BACSU,0.00122539944701046
t2965aep|SYCP1_MOUSE,0.0160613873314969
t16538aep|PAG15_HUMAN,0.0242186044898848
t16550aep|MSI2H_HUMAN,0.000472693601980737
t14042aep|PEBB_HUMAN,0.0707351414844687
t16687aep|B3GN6_MOUSE,0.0176298521311081
t16677aep|NEK2_HUMAN,0.0117835856390459
t1986aep|KPSH1_DANRE,0.0282229396523103
t1982aep|ATG4C_MOUSE,0.0162620990435113
t1978aep|FBLN1_HUMAN,0.0282229396523103
t28202aep|MT810_ARATH,0.0225272845033061
t11707aep|WNT4_CHICK,0.0282229396523103
t6699aep|S5A2_MACFA,0.00798474845252817
t6725aep|BAT1_RABIT,0.0611723526270656
t11754aep|RPC8_HUMAN,0.0460533064497655
t25961aep|PDE2A_BOVIN,0.00475760534165805
t28689aep|FUCO_BRAFL,0.503811667302331
t7627aep|GLY1_CANAX,0.0282229396523103
t25581aep|TM175_CHICK,0.0282229396523103
t13995aep|FBP1_STRPU,0.000472693601980737
t13996aep|FBP1_STRPU,0.0812744224465374
t27641aep|AT5G2_HUMAN,0.0838789407782028
t25911aep|ZMYM1_HUMAN,0.0561030057918745
t15687aep|EVA1C_MOUSE,0.104142909983323
t12950aep|TICRR_HUMAN,0.0105397270911592
t12955aep|TRF6B_XENLA,0.0282229396523103
t12948aep|FOXN4_DANRE,0.0282229396523103
t1608aep|ACHA7_MACMU,0.0445726629190488
t1637aep|ZN408_HUMAN,0.00949697492839488
t9390aep|THADA_MOUSE,0.0193739187150082
t9395aep|PLPL9_RAT,0.0620991262629426
t7488aep|PPR27_MOUSE,0.0380641101119409
t7500aep|NCPR_MUSDO,0.0282229396523103
t9084aep|CFA54_HUMAN,0.0152432293008205
t9111aep|XFIN_XENLA,0.0220333487142824
t9082aep|IMB1_MOUSE,0.0282229396523103
t9091aep|CC067_MOUSE,0.0459080757892849
t9085aep|SLD5_MOUSE,0.00156407288808387
t4239aep|LMIP_RAT,0.0354275963735335
t4271aep|OCTB1_DROME,0.164399752015222
t11183aep|ASNS_CHICK,0.0335684927975806
t11191aep|CLVS1_XENLA,0.0116070732699711
t17510aep|BAX_BOVIN,0.671341588115336
t5387aep|CHIT1_HUMAN,0.121747559829101
t16866aep|DRGX_MOUSE,0.0282229396523103
t21678aep|ZMYM1_HUMAN,0.0282229396523103
t21689aep|MFS10_BOVIN,0.0282229396523103
t21690aep|MFS10_BOVIN,0.0185597045211772
t21666aep|CYSP1_HOMAM,0.00900157574054199
t30397aep|CNNM1_HUMAN,0.0282229396523103
t21293aep|POC1B_PONAB,0.0656498736209182
t296aep|CO1A2_MOUSE,0.00628064777456273
t23810aep|NUCB2_RAT,0.404918192494239
t23813aep|PIGL_RAT,0.110876480983503
t23837aep|SOX2_CAEEL,0.0282229396523103
t28017aep|ACM2_CAEEL,0.13778970809217
t20351aep|SVEP1_HUMAN,0.184360273588652
t13651aep|HTF4_PAPHA,0.166289763920591
t13661aep|ZDH11_ARATH,0.0198136353748568
t15432aep|ATOH8_DANRE,0.131726107973374
t15418aep|CHI2_TOBAC,4.38647761107619
t15415aep|TXD16_HUMAN,0.0497478026895011
t6928aep|CENPC_MOUSE,0.00552169985531146
t6933aep|ZNT10_MOUSE,0.0553604133545353
t11874aep|KLC4_HUMAN,0.0282229396523103
t11888aep|S20A2_XENTR,0.29082404348561
t11863aep|DCA12_MACFA,0.00230142826623051
t13301aep|STAC3_XENTR,0.0561030057918745
t13275aep|LAMC1_XENTR,0.0282229396523103
t13303aep|NADA_APLKU,2.91039097685689
t9653aep|APX1_HYDVD,0.0445726629190488
t5660aep|KCC2D_CAEBR,0.0282229396523103
t5655aep|MPDZ_MOUSE,0.331876226069924
t5614aep|NEK8_DANRE,0.0168122787321856
t12780aep|GSH1_MOUSE,0.0406950513562065
t12783aep|SON_MOUSE,0.024417375853755
t12785aep|TM175_DANRE,0.0282229396523103
t27765aep|DLL1_XENLA,0.00795376975321667
t7388aep|PRSS8_RAT,1.45989350714525
t12761aep|IDH_AZOVI,0.0282229396523103
t18682aep|CSL3_ONCKE,0.0900125092083666
t18683aep|LPHN_DROMO,0.15322613704475
t6120aep|ADRB1_XENLA,0.0282229396523103
t14127aep|VWDE_HUMAN,0.0282229396523103
t28226aep|DYH1_RAT,0.0282229396523103
t5375aep|CL029_DANRE,0.00112714936439475
t5368aep|KCNA1_HUMAN,0.375619046857245
t17704aep|ZN12_MICSA,0.026215407029461
t17700aep|CHI1_THECC,0.0370173810200596
t2106aep|OPN3_HUMAN,0.0282229396523103
t24398aep|CTRC_BOVIN,0.0223535304143456
t2124aep|GCNT4_DANRE,0.0282229396523103
t10836aep|SMHD1_MOUSE,0.0446900228431707
t10849aep|SHAN1_HUMAN,0.061402520559815
t26110aep|PSA_MOUSE,0.0282229396523103
t6594aep|FBP1_STRPU,0.00770520461979372
t18244aep|ENKD1_MOUSE,0.0200221463509094
t264aep|TM136_BOVIN,0.00602721487905522
t265aep|TM136_BOVIN,0.0642742500341683
t22228aep|NU5M_ARTSF,0.0282229396523103
t22046aep|MOT10_RAT,0.00663608646758175
t22010aep|AB14G_ARATH,0.035659882399051
t10603aep|GRM7_HUMAN,0.0119098668641358
t22948aep|VP302_LYCMC,6.06719246653048
t22979aep|HSP31_CANAL,0.053576619996717
t3754aep|YTCB_BACSU,0.517288484605754
t3783aep|FBX6_BOVIN,0.0215329407578092
t6510aep|GRM3_MACFA,0.083650808461187
t6512aep|PGFS_TRYCC,0.0482054054491728
t6470aep|TASOR_MOUSE,0.0406339227979411
t6499aep|CASR_MOUSE,0.083650808461187
t12210aep|TC1A_CAEEL,0.0282229396523103
t8942aep|SVEP1_MOUSE,0.269718541648902
t26720aep|TBX3_CHICK,0.0282229396523103
t26696aep|VIAAT_XENTR,0.0282229396523103
t8785aep|TP53B_MOUSE,0.0254171920354536
t9937aep|GAPR1_HUMAN,0.00835019184375975
t838aep|PDCD7_MOUSE,0.00241135322990567
t651aep|CP4E3_DROME,0.0282229396523103
t658aep|MYC_HYLLA,0.0169135364702848
t674aep|CFA52_HUMAN,0.0358964892166798
t6022aep|TOR1B_MOUSE,0.110876480983503
t18278aep|PLPP_MOUSE,0.00261829945793547
t18248aep|PPA5_RABIT,0.0282229396523103
t18256aep|CECR5_HUMAN,0.0027621411300217
t2458aep|RECK_MOUSE,0.0943124148797938
t2432aep|QRIC2_HUMAN,0.225790134423875
t24540aep|ACVR1_CHICK,0.0282229396523103
t18494aep|SPAN_STRPU,5.36785901152056
t18521aep|HM20A_HUMAN,0.0202480021348864
t81aep|LCAP_MOUSE,0.00905413380201433
t3880aep|CCNT2_MOUSE,0.123830603316576
t11118aep|IQCA1_MOUSE,0.0171859838302429
t11117aep|PERI_HYDVU,0.00199452196004877
t11114aep|PK1L1_ORYLA,0.0282229396523103
t14822aep|M3K12_MOUSE,0.0438021128331354
t14785aep|ANTA_HYDVU,6.08273814608772
t23173aep|AGRG4_HUMAN,0.0272312359416651
t23176aep|LAMC_DROME,0.0587979560237925
t10930aep|MYPH_ECHGR,0.186036020770202
t10952aep|BETS_RHIML,0.0561030057918745
t15309aep|E13C_TOBAC,0.204496705626278
t15317aep|DZAN1_MOUSE,0.0266491933520115
t15276aep|NRF6_CAEEL,0.0150401909950686
t6197aep|AP2A_SHEEP,0.253634063576183
t6150aep|CASR_RAT,0.00498545434569066
t21950aep|BUP1_HUMAN,0.500072169045035
t21945aep|DRC3_HUMAN,0.0718391135993852
t21942aep|CXCR4_CERAT,0.429366540034162
t21918aep|TC1DB_XENLA,0.0282229396523103
t21913aep|MCPI_MELCP,1.31551460802922
t21914aep|MCPI_MELCP,7.36079411114933
t21915aep|MCPI_MELCP,8.49713064634959
t21958aep|MYSH_ACACA,0.0282229396523103
t21626aep|PHF12_MOUSE,0.0152342493114068
t21633aep|K0825_HUMAN,0.000858458690879675
t21629aep|COEA1_HUMAN,0.0183901808355877
t21603aep|PKHG7_HUMAN,0.067155526704618
t21615aep|P53_PLAFE,0.00403281377539018
t18414aep|PIHD2_HUMAN,0.0474542239057248
t18399aep|WDR49_HUMAN,0.0197786070709954
t18402aep|LYSM4_MOUSE,0.00714373434867683
t18400aep|AGTRA_RAT,0.0282229396523103
t13529aep|AGRE1_MOUSE,0.0202549654345592
t13546aep|ARF_CANAL,0.336845013212667
t13519aep|S14L2_RAT,0.0445726629190488
t13505aep|NRBP_DROPS,0.039201526812682
t13510aep|CAC1B_MOUSE,0.0282229396523103
t13516aep|CDK2_HUMAN,0.0214997994907547
t16930aep|DDX20_DANRE,0.0181508859960538
t16905aep|DMRT2_HUMAN,0.0282229396523103
t16929aep|NAS6_CAEEL,0.0577111441403217
t23506aep|DSK1_CYLFU,0.0232860323024512
t23046aep|AGUA_STRAW,0.133756423636659
t23037aep|RIT1_MOUSE,0.00383729618423438
t23008aep|TRAF6_RAT,0.00376101685697248
t22998aep|PDE4D_MOUSE,0.0352921210430425
t21013aep|MATN2_HUMAN,0.0996258293280016
t7003aep|NT5D1_HUMAN,0.00162787387784939
t6393aep|MTF2_PONAB,0.271585341076408
t6403aep|SL9B2_MOUSE,0.0105387682049497
t6361aep|SOS2_HUMAN,0.00446205652716755
t6390aep|TXNIP_PONAB,0.14814687829809
t6356aep|RFX7_HUMAN,0.0249804053974411
t16047aep|B3GN4_HUMAN,0.131200992894998
t16063aep|RMI1_HUMAN,0.0202715053623363
t17461aep|CDC6_HUMAN,0.00467505509561567
t17474aep|PGBD4_HUMAN,0.0282229396523103
t27702aep|CYT_BITAR,8.32482930587224
t12423aep|YTX2_XENLA,0.0216342244551384
t12464aep|MTG1_HUMAN,0.0391479382548997
t12468aep|MRP1_CHICK,0.0282229396523103
t27701aep|RSLBB_DANRE,0.242497566069212
t12452aep|ADRB2_BOVIN,0.0158993019528723
t8001aep|VW5B2_MOUSE,0.0204709926054927
t8019aep|GRM_DROME,0.0282229396523103
t8002aep|ARL15_MOUSE,0.0293793774504034
t9770aep|NCAM1_MOUSE,0.0282229396523103
t9731aep|Y584_MYCTU,0.0282229396523103
t15665aep|CNTP5_CANLF,0.277644899171083
t15669aep|PEO1_HUMAN,0.0151326814549245
t15653aep|ROC3_NICSY,0.0282229396523103
t15668aep|SCRY4_ENTDO,0.000602985532930282
t17034aep|EYA4_MOUSE,0.000512678871281601
t17102aep|ATS6_HUMAN,0.0028515560798741
t8267aep|CAD96_DROME,0.0275076472561378
t8264aep|PROD_MOUSE,0.0475498973482821
t7071aep|P52K_HUMAN,0.0722571106631251
t7077aep|ARMC3_HUMAN,0.0637065494304394
t7088aep|ASIC1_MOUSE,0.0140469221071635
t7052aep|FMO2_MOUSE,0.0372668019903676
t7039aep|TM223_MOUSE,0.0282229396523103
t11506aep|AT1A4_RAT,0.0561030057918745
t11518aep|ANK1_HUMAN,0.0282229396523103
t24483aep|DCAF4_HUMAN,0.00483080764930405
t2307aep|DJC22_XENTR,0.00459446474735376
t2289aep|TRAF5_HUMAN,0.0282229396523103
t2317aep|CAYP2_MACFA,0.0224224743535268
t12237aep|DDC_RAT,0.0941947757169896
t12281aep|SLNL1_MOUSE,0.0123505906016846
t12249aep|TMM94_HUMAN,0.013379906844623
t12284aep|SYT7_HUMAN,0.0219040752623511
t12258aep|GP126_DANRE,0.0282229396523103
t7200aep|S22AL_MOUSE,0.083650808461187
t29291aep|SP4_MOUSE,0.108072661996384
t29300aep|PDI22_ORYSJ,0.881021124256723
t18145aep|GRM8_HUMAN,0.0723795378093385
t18163aep|DYH8_HUMAN,0.0282229396523103
t3166aep|VIPA_SALTI,0.0196144627330327
t17221aep|WSDU1_RAT,0.0079289924373792
t5183aep|CGAT2_HUMAN,0.0282229396523103
t5230aep|CFA44_HUMAN,0.0223471313664726
t5236aep|SG196_MACFA,0.0160431318868503
t481aep|FA5_PIG,0.0174477276784117
t465aep|KLC4_HUMAN,0.0334433857083237
t536aep|GRM8_RAT,0.0248650147976549
t526aep|SCN60_DROME,0.0164759766396447
t527aep|SCNA_ELEEL,0.0108940463439766
t9843aep|DRC7_XENTR,0.0079602266319596
t9804aep|MSH5_RAT,0.0138651012516398
t9857aep|G3ST3_MOUSE,0.0282229396523103
t9834aep|SYT11_MOUSE,0.0282229396523103
t145aep|CC108_HUMAN,0.0079299242333472
t107aep|QRFPR_HUMAN,0.0561030057918745
t173aep|S18B1_MOUSE,0.0788346687395761
t22626aep|MEP1B_MOUSE,0.0384483274588515
t22645aep|TCB2_CAEBR,0.0561030057918745
t22603aep|CP17A_ICTPU,0.244801979753511
t22592aep|GAPR1_HUMAN,0.0092417353191521
t22642aep|TRF6A_XENLA,0.0197786070709954
t364aep|BOK_CHICK,0.0165017426942884
t22632aep|LAMB1_MOUSE,0.179828639099663
t18337aep|CEL3B_MOUSE,4.27243292595526
t18356aep|CHIA_MOUSE,5.78596896987715
t18307aep|DRKB_DICDI,0.542750040894514
t18366aep|PTPRF_DANRE,0.0569179609640692
t21763aep|ADAM9_MOUSE,0.0231654782283418
t21765aep|SPG16_HUMAN,0.115633943086315
t21769aep|COEA1_CHICK,0.346476728927706
t9291aep|DPO3_OCEIH,0.14843006848454
t9280aep|SO4A1_MOUSE,0.0150330939888805
t9273aep|KCNA7_MOUSE,0.083650808461187
t9279aep|CSKI1_RAT,0.00160490667849265
t17795aep|MUS81_XENTR,0.00324897508652212
t17781aep|LRRK2_HUMAN,0.0323513705782116
t17748aep|YC006_HUMAN,0.0365271887445332
t17762aep|YCX91_PHAAO,0.0282229396523103
t17747aep|AGRE1_RAT,0.272283655652634
t1238aep|CP52A_XENLA,0.0345143779912227
t1262aep|RIMK_SYNPX,0.00386639971596829
t1303aep|TC1A_CAEEL,0.0282229396523103
t20051aep|PPAL_RAT,0.0356623669726409
t20004aep|FBLN1_CHICK,0.0368396188027332
t20030aep|Y2R2_DROME,0.0282229396523103
t20012aep|M21D2_MOUSE,0.0221704325233817
t20013aep|XRCC1_HUMAN,0.0217326741856602
t962aep|SECA2_CHLCH,0.0282229396523103
t957aep|DD3_DICDI,0.00563279940627497
t1433aep|PTPRS_MOUSE,0.00777981625948662
t1391aep|PIF1_DANRE,0.0561030057918745
t2717aep|ANO7_MOUSE,0.0343125879895167
t2619aep|PIP1_DROME,0.102139986142262
t2673aep|TOR1A_MACFA,0.0774831677052308
t2674aep|TOR2A_HUMAN,0.0233474616377536
t2643aep|LPHN_DROAN,0.00210738523554804
t2657aep|BMBL_DANRE,0.0027621411300217
t13926aep|TCB1_CAEBR,0.0282229396523103
t20903aep|FUCTA_DROME,0.0201498663886284
t20888aep|TTC28_HUMAN,0.0185422388914436
t30286aep|TEF_MOUSE,0.0146115816617295
t20834aep|MJK2_METJA,0.0561030057918745
t15042aep|LTBP1_RAT,0.0140469221071635
t15107aep|TNG6_MOUSE,0.0265716311444299
t15028aep|CAC1A_APIME,0.000559727666859472
t15108aep|AXDN1_MACFA,0.0167908308078063
t15776aep|PGBD2_HUMAN,0.0130296541836647
t15825aep|Y023_RICCN,0.000593603494303061
t15782aep|KT5AA_DANRE,0.00986128311411645
t15836aep|CEL2A_RAT,0.210924622268826
t15831aep|LIPP_HORSE,2.33286888721274
t15815aep|GVIN1_MOUSE,0.0442258093343679
t16202aep|AMDB_XENLA,0.502690963399064
t16145aep|RTBS_DROME,0.0176467251161515
t16188aep|RBP2_PANTR,0.0554298060520325
t14889aep|SRR_DICDI,0.0143524362468875
t14934aep|ARMT1_XENTR,0.0282229396523103
t14849aep|UBP32_HUMAN,0.00770520461979372
t14910aep|MGT5A_HUMAN,0.552125665642668
t1079aep|POGZ_MOUSE,0.0199994373901229
t1060aep|THA11_DANRE,0.000593603494303061
t7909aep|TC1A_CAEEL,0.0282229396523103
t3080aep|TC3A_CAEEL,0.0243493919364218
t14735aep|ZNFX1_MOUSE,0.0693539037026382
t8573aep|LAC4_THACU,0.0290159675945132
t8536aep|ECT_ACRMI,2.23273292309394
t5861aep|CFXQ_XANFL,0.0282229396523103
t5921aep|CBP_RAT,0.0413584327194533
t4773aep|PGBD4_HUMAN,0.0282229396523103
t4730aep|PELET_DROME,0.02121252006043
t22444aep|RTJK_DROME,0.0215329407578092
t22493aep|RTJK_DROME,0.014713504778906
t11402aep|P52K_HUMAN,0.0258130177767219
t11436aep|SDK1_HUMAN,0.0282229396523103
t11413aep|CATZ_RAT,0.0454565869293515
t8684aep|GILT_BOVIN,0.0272467667327776
t20734aep|DYH7_HUMAN,0.0282229396523103
t19273aep|SAP3_MACFA,0.728609574479117
t19304aep|HMCN1_HUMAN,0.157068859967083
t9547aep|SRP68_MOUSE,0.0201102340430217
t9527aep|KIF28_MOUSE,0.024425607042904
t9548aep|MFSD8_HUMAN,0.0282229396523103
t9557aep|UNC50_RAT,0.010423045270676
t14984aep|MED27_MOUSE,0.00046462914819891
t13102aep|ECE2_HUMAN,0.0143627752011726
t12881aep|FCA1_TRYRA,0.0813691753859207
t12864aep|PHNX_SYNFM,0.0277906127902718
t12891aep|NEC1_RAT,0.906595590053439
t12863aep|TIMP3_SCYTO,0.0404320709140136
t12859aep|TBC14_RAT,0.0267475140915305
t22378aep|INSM1_XENTR,0.18746346489708
t30722aep|PA2A2_PSETE,0.0282229396523103
t14222aep|BACE2_MOUSE,0.205976156136506
t14220aep|GGT1_PIG,0.0317173623237987
t14211aep|NAS4_CAEEL,0.343698460664554
t29526aep|GABP1_BOVIN,0.0187624680949035
t6825aep|YJV1_SCHPO,0.00552390015280933
t6819aep|ADRB2_HUMAN,0.0282229396523103
t3565aep|CBPB1_PIG,3.07557419301811
t25020aep|CAC1S_HUMAN,0.0216342244551384
t16312aep|LHTL3_ARATH,0.0163708413084338
t24994aep|NAS15_CAEEL,0.0164759766396447
t1602aep|HXB1_MACNE,0.0180122929377646
t24159aep|DNER_HUMAN,0.0233674737946564
t4588aep|QSOX1_MOUSE,0.0618867745174353
t1182aep|CFA46_HUMAN,0.257436030209828
t21732aep|THIO_PLAF7,0.0202549654345592
t30510aep|TCTP_HYDVU,0.357226313373098
t13021aep|LACE1_MOUSE,0.0469122495353627
t10159aep|RAB30_MOUSE,0.0195741577661604
t10146aep|PTF1A_DANRE,0.0282229396523103
t26632aep|NAS4_CAEEL,0.386087835897539
t26512aep|AGRG2_HUMAN,0.0282229396523103
t6642aep|NRX1A_MOUSE,0.0191212072044775
t26119aep|DI3L1_BOVIN,0.00498545434569066
t22135aep|RSGI5_CLOTH,0.0371026629160173
t22154aep|TLL1_DANRE,5.1010060073087
t22150aep|LGMN_BOVIN,0.00373788002857154
t22149aep|NAS4_CAEEL,0.0522962637096278
t22117aep|DKK3_MOUSE,0.0368816418801064
t593aep|SAP3_MACFA,0.0369438256448588
t582aep|AQP9_HUMAN,0.0122740854750172
t596aep|SPAN_STRPU,0.104330646903907
t624aep|PAQR6_HUMAN,0.0282229396523103
t4153aep|SYT9_HUMAN,0.0151715534991661
t4166aep|SERP2_MOUSE,0.154074909382043
t5251aep|SP4_MOUSE,0.272933400750744
t5266aep|P4HTM_MOUSE,0.12459551838037
t14599aep|ADDH_SCHPO,0.0268884914716885
t14594aep|ARGI_LITCT,0.0193739187150082
t17964aep|JUN_AVIS1,0.0282229396523103
t11980aep|PAO_MAIZE,1.81101533657844
t9888aep|PPR3E_MOUSE,0.0178925746644242
t9865aep|FZR_MOUSE,2.35847813789232e-05
t17625aep|ACTPC_ACTTE,2.71133789015328
t16252aep|HDHD3_XENLA,0.0151326814549245
t30348aep|RGRF1_HUMAN,0.00103446585720787
t27290aep|PR3CB_DANRE,0.00622435026020341
t28932aep|PRP46_EMENI,0.0119696383948049
t12595aep|SAP3_MACFA,7.67077717773759
t22777aep|KCNG2_CHICK,0.0282229396523103
t22763aep|CATL_SARPE,0.084486823582607
t22760aep|GAPR1_MOUSE,0.0143268924202599
t22739aep|SND1_BOVIN,0.384498564989063
t22769aep|PLCX1_ARTBC,2.056698577609
t6788aep|NLRP1_HUMAN,0.0282229396523103
t6753aep|DAP1_RAT,0.0877854291104625
t6792aep|LIPG_RAT,0.0194644349389671
t20535aep|MEP1B_MOUSE,0.0842378987295702
t20518aep|SC5A9_HUMAN,0.00922259677645302
t20519aep|VIAAT_XENTR,0.0282229396523103
t19171aep|NDUA4_DANRE,0.267854029628378
t19179aep|SIM14_HUMAN,0.256786129043135
t19157aep|DTWD2_MACFA,0.0985886707540717
t14106aep|APT_YARLI,0.158180132170596
t14095aep|APX1_HYDVD,0.0387880202112102
t14109aep|RLGM2_TRYB2,0.181017379627856
t1915aep|TDG_MOUSE,0.00937194872552184
t2923aep|EIF3F_PANTR,0.00552102841244333
t16369aep|ECI2_MOUSE,1.40757451490996
t16368aep|CO6A3_CHICK,0.0105387682049497
t16350aep|CNDP2_MOUSE,0.0130704812804895
t16345aep|CFA36_XENTR,0.138822927763266
t11658aep|MSHR_PAPAN,0.0282229396523103
t6314aep|KCNA2_ONCMY,0.13778970809217
t6328aep|ZMY10_DANRE,0.0259518158504384
t13061aep|FBX48_MOUSE,0.0495142905947026
t13067aep|NAS14_CAEEL,0.0101840439723767
t20440aep|BAT36_CAEEL,0.0282229396523103
t25479aep|THAP2_HUMAN,0.0282229396523103
t25473aep|CQ105_MOUSE,0.0172033745110012
t5502aep|RNOY_CRAGI,0.00386639971596829
t28874aep|WNT2B_CHICK,0.0196144627330327
t12082aep|SVEP1_MOUSE,1.31160650577977
t12079aep|CBPA2_RAT,4.93082319784519
t12049aep|DAPK1_HUMAN,0.0509858776038977
t12070aep|ATP7A_HUMAN,0.0835600777623422
t15260aep|COMA_CONMA,2.10135782264123
t15238aep|DCLK3_HUMAN,0.0153563432893272
t2352aep|AGRIN_CHICK,0.211809810623782
t24510aep|BRCC3_SALSA,0.0232125183606264
t20198aep|CTRB_BOVIN,4.68440011588473
t20203aep|ELL_HUMAN,0.362776095887152
t20172aep|TPM1_HYDVU,0.000512678871281601
t3998aep|NPT2A_RAT,0.00502645068584334
t15952aep|TGFI1_BOVIN,0.0615753453479526
t20660aep|LMAN1_MOUSE,0.0395506137063088
t28641aep|DAG1_BOVIN,0.0153929302426504
t4338aep|COMA_CONMA,4.76282300410314
t26362aep|RL40_CRYNJ,0.0152171923517913
t3736aep|AMPN_FELCA,0.0282229396523103
t3720aep|NAS4_CAEEL,1.55364088936521
t13325aep|CBPY_CANAX,0.0282229396523103
t15518aep|FBLN2_MOUSE,1.26132217167208
t15556aep|AMPN_CHICK,0.0555908939255135
t15549aep|AMID_ECOLI,1.99485935245768
t15544aep|MYPH_ECHGR,0.101773712076933
t19406aep|THSD1_HUMAN,0.216195866133889
t19410aep|CBPA4_HUMAN,1.36622843508177
t10542aep|DMRT1_MOUSE,0.0282229396523103
t10532aep|DCW1_CANAL,0.0282229396523103
t15743aep|SPRL1_HUMAN,0.0451616247039128
t10380aep|FER_CANLF,0.00769824388158023
t15999aep|KAD7_HUMAN,0.0200081902759116
t9595aep|TPP1_RAT,0.0289291071620676
t21981aep|CAB32_DROME,0.0282229396523103
t20096aep|TCTE1_MACFA,0.011768662157339
t7512aep|GGP2_ARATH,0.0207359195686393
t26526aep|DRGX_RAT,0.0282229396523103
t8198aep|ARMC4_MOUSE,0.019910681918917
t26527aep|TXD16_MOUSE,0.00815138078029784
t5724aep|CYT_CYACP,0.261338774890336
t9507aep|T23O_AEDAE,0.74290643351775
t11591aep|ZN333_HUMAN,0.0282229396523103
t11600aep|R4RL2_RAT,0.183705057099145
t28757aep|HXD3_XENLA,0.0184318480379818
t21521aep|SYT11_HUMAN,0.012189988252389
t4956aep|WDR86_HUMAN,0.00383729618423438
t25594aep|TMM26_HUMAN,0.0463976967385194
t19968aep|CALUA_SALSA,1.22119754232015
t29890aep|ALAT2_DANRE,0.0138897948148282
t27330aep|DAAF1_HUMAN,0.0295079400174139
t29966aep|ALKB2_MOUSE,0.0281175725778509
t20467aep|MCFD2_RAT,0.774970445261118
t19587aep|LRC28_BOVIN,0.00761727311637361
t28832aep|COEA1_MOUSE,0.0190012342271758
t16296aep|NAS4_CAEEL,2.99966616295942
t31129aep|CCD40_HUMAN,0.0215713119584399
t30765aep|IYD1_PONAB,0.279420767110175
t13202aep|DDC_CAVPO,0.0282229396523103
t27856aep|ADRB2_BOVIN,0.0996152785678778
t2163aep|COMA_CONMA,2.27515605620407
t13416aep|CTRC_BOVIN,0.0204291739625455
t16424aep|MMP24_RAT,0.116910007605858
t16423aep|ECE1_RAT,0.0152982005144223
t14488aep|FGF12_RAT,0.01896372373586
t3453aep|SET1_NEUCR,0.0282229396523103
t3449aep|TSN11_MOUSE,0.147030735273911
t3416aep|BP10_PARLI,2.10054701362558
t3456aep|FGFR2_XENLA,0.00238701752987576
t3446aep|IP6K3_MOUSE,0.0539739145692744
t3448aep|EAA2_MOUSE,0.139560469075696
t3451aep|NAS15_CAEEL,3.07044093629051
t8470aep|FMO2_PONAB,0.00628162663888163
t8471aep|KLKB1_RAT,0.0282229396523103
t26634aep|DRD1_XENLA,0.0282229396523103
t26641aep|KLC4_HUMAN,0.0282229396523103
t25989aep|SRBD1_HUMAN,0.0386114651885955
t5947aep|CSR1_YEAST,0.0335353664380245
t15331aep|FZD8_RAT,0.0160431318868503
t24199aep|ETS3_DROME,0.371490532773498
t28673aep|CHI3_CANAL,5.66164879880178
t28684aep|YJCS_ECOLI,0.0823226906344414
t30424aep|GRM8_RAT,0.0282229396523103
t30301aep|BLC_VIBCH,5.24217211799285
t37649aep,0.0345136852067438
t36046aep,0.0282229396523103
t36330aep,0.0282229396523103
t32661aep,0.0282229396523103
t31840aep,2.17791197288223
t38108aep,0.0282229396523103
t38106aep,0.37103916394544
t33736aep,0.0117786150084517
t35359aep,0.0057444838181888
t37365aep,0.0600804062717491
t33481aep,0.0282229396523103
t38016aep,0.00106120194587912
t33585aep,0.00575215004410649
t32813aep,0.0561030057918745
t37009aep,5.73444005655777
t31644aep,0.00101483485291271
t34438aep,0.902313849281771
t34432aep,0.353179309839978
t32482aep,0.0167030006135446
t32474aep,0.0282229396523103
t31232aep,0.013231976804364
t35080aep,0.0193326607943245
t35854aep,0.067617857061266
t32629aep,0.0282229396523103
t32617aep,0.0177002575484848
t37960aep,0.0282229396523103
t35072aep,0.0282229396523103
t33902aep,0.0119180541119082
t36575aep,0.0282229396523103
t34567aep,0.0209992997639948
t36497aep,0.0561030057918745
t36501aep,0.0282229396523103
t38469aep,0.0282229396523103
t38470aep,0.0217842400676509
t34597aep,0.0493488410537827
t34598aep,0.0203179511594555
t38367aep,0.0282229396523103
t36260aep,0.0282229396523103
t31923aep,0.0282229396523103
t36966aep,0.0282229396523103
t35303aep,0.0219238031991636
t35298aep,0.0185176305989553
t37102aep,0.0197786070709954
t34988aep,0.26673098100799
t31901aep,0.0417545386266086
t38178aep,0.0282229396523103
t35371aep,0.0282229396523103
t35374aep,0.0282229396523103
t34182aep,0.0282229396523103
t36925aep,0.229533153572696
t36931aep,0.0171113114462067
t32110aep,0.0282229396523103
t32314aep,0.192115991685368
t36034aep,0.0404874448099932
t32149aep,0.0502747229142621
t37175aep,0.0167908308078063
t36743aep,0.0820493136699785
t34480aep,0.0282229396523103
t34683aep,0.0461792187110588
t37725aep,0.0355891320639892
t37715aep,0.0932395266472635
t32507aep,0.00251396816771436
t32497aep,0.0561030057918745
t37008aep,0.0262923346760994
t31275aep,0.198675456743977
t31281aep,0.00681934011515353
t33782aep,0.203037439438121
t32746aep,0.0282229396523103
t38412aep,0.0282229396523103
t38508aep,0.0282229396523103
t37458aep,0.322287516643219
t36594aep,0.00287989945276199
t34702aep,0.00850489214693305
t32288aep,0.00523910807551998
t32279aep,0.0119456956148031
t32274aep,0.0282229396523103
t32910aep,0.0561030057918745
t32904aep,0.0282229396523103
t32344aep,0.0259340298090818
t32348aep,0.0219130428354978
t37686aep,0.0356511532057422
t37683aep,0.0282229396523103
t33207aep,0.0282229396523103
t33226aep,0.0484001784199141
t33851aep,0.00210738523554804
t37408aep,0.0282229396523103
t37407aep,0.0282229396523103
t38732aep,0.0196863182928582
t37758aep,0.0125520047744494
t37762aep,0.0282229396523103
t37755aep,0.00250223387155808
t33036aep,0.00321395539694361
t33046aep,0.0282229396523103
t33064aep,0.0256437505423019
t35663aep,0.0282229396523103
t31411aep,0.0150744176192153
t31415aep,0.0282229396523103
t31420aep,0.0610876967275524
t31427aep,0.0382174598166755
t37783aep,0.0656951441538799
t37802aep,0.0722571106631251
t35819aep,0.0400608575288053
t35802aep,0.0119098668641358
t37130aep,0.110876480983503
t37165aep,0.0282229396523103
t37159aep,0.0282229396523103
t37160aep,0.0282229396523103
t36814aep,0.0149677635852375
t36781aep,0.00261829945793547
t31792aep,0.0282229396523103
t31797aep,0.064951607649085
t31310aep,0.0155493274091236
t31244aep,0.0282229396523103
t31331aep,0.0282229396523103
t31351aep,0.0186180964296457
t37277aep,0.0282229396523103
t31530aep,0.0100565553565413
t31520aep,0.0404320709140136
t34372aep,0.0282229396523103
t34423aep,3.13645871186872
t34368aep,0.018075136206467
t34384aep,0.0282229396523103
t32568aep,0.13778970809217
t32520aep,0.0202715053623363
t32538aep,0.0743871996581486
t38270aep,0.0188389973479426
t38276aep,0.0282229396523103
t38300aep,0.0123783910245787
t32034aep,0.0445726629190488
t32041aep,0.0679798735833262
t32052aep,0.0274750305527474
t35507aep,0.00556331956875932
t35457aep,0.0282229396523103
t35509aep,0.0282229396523103
t35512aep,0.00448152663248551
t37517aep,0.0217326741856602
t37519aep,0.0401998721305647
t37523aep,0.101141550341053
t37576aep,0.00900157574054199
t37560aep,0.0282229396523103
t37522aep,0.0069517065930829
t37540aep,0.12110699123941
t33012aep,0.0223946567746978
t33006aep,0.0282229396523103
t32979aep,0.00485435917036067
t32987aep,0.0282229396523103
t32969aep,0.0282229396523103
t32978aep,0.0282229396523103
t35585aep,0.00428035023924925
t35567aep,0.0223055483107721
t35591aep,0.163596049198422
t35613aep,0.0153480174314641
t34270aep,0.0282229396523103
t37928aep,0.0282229396523103
t37851aep,0.0123327182870502
t37907aep,2.35847813789232e-05
t37884aep,0.0279036509209432
t37921aep,0.0699473535129732
t37864aep,0.0397654081471014
t37896aep,0.018075136206467
t37913aep,0.0314071707616636
t37910aep,0.0129731585878824
t37358aep,0.0156969883377929
t36620aep,0.0282229396523103
t32455aep,0.643647641483729
t31614aep,0.0561030057918745
t36715aep,0.0282229396523103
t36710aep,0.257436030209828
t34323aep,0.0561030057918745
t34328aep,0.0560786123511591
t34820aep,0.0561030057918745
t38740aep,0.110876480983503
t37613aep,0.110876480983503
t35384aep,0.0282229396523103
t38404aep,0.16889197044577
t33334aep,0.0282229396523103
t33168aep,0.0282229396523103
t34741aep,0.0149483283831253
t34312aep,0.913393131290645
t31474aep,0.0238046985796405
t38198aep,0.0282229396523103
t33490aep,0.0282229396523103
t34926aep,0.0282229396523103
t36525aep,0.0119180541119082
t36524aep,0.0282229396523103
t38398aep,0.0282229396523103
t31366aep,0.0282229396523103
t38695aep,0.190715476691026
t31697aep,0.0282229396523103
t37430aep,0.0584026287576791
t37821aep,0.117346584699347
t37826aep,0.0588765913537581
t36198aep,0.00910949237377799
t34883aep,0.0282229396523103
t34874aep,0.0282229396523103
t34878aep,0.0146454158966512
t32436aep,0.0282229396523103
t36315aep,0.0282229396523103
t36877aep,0.0282229396523103
t37044aep,0.0282229396523103
t31637aep,0.0282229396523103
t32153aep,0.0282229396523103
t35529aep,0.00643252184995247
t38512aep,0.0282229396523103
t34301aep,0.0282229396523103
t32732aep,0.0282229396523103
t34731aep,0.0171113114462067
t37053aep,0.0282229396523103
t31982aep,0.0282229396523103
t34784aep,0.0358563439922876
t32231aep,0.0238378447218051
t32864aep,0.0282229396523103
t33672aep,0.0282229396523103
t34942aep,0.0282229396523103
t33555aep,0.0217735976612171
t38385aep,0.145252981263614
t34868aep,0.0864083278223137
t34866aep,3.01602814139928
t32645aep,0.0282229396523103
t33301aep,0.018075136206467
t33300aep,0.0282229396523103
t33294aep,0.0355891320639892
t38024aep,1.4090005553466
t33985aep,0.0150574474949251
t32358aep,0.0123198059910003
t6416aep,0.0561030057918745
t20404aep,1.2379225763096
t28629aep,0.0282229396523103
t26982aep,0.00145982443203693
t1825aep,0.0119583328313321
t21706aep,0.2549946341388
t30499aep,0.0282229396523103
t26430aep,0.0282229396523103
t26439aep,0.0249144557256925
t25308aep,0.00254691352397892
t28476aep,0.00759960739437679
t14433aep,0.0802766582776862
t13235aep,0.0282229396523103
t13231aep,0.0561030057918745
t29716aep,0.265060015764318
t29719aep,0.0248650147976549
t3266aep,0.0227805618280177
t24863aep,0.0499337159401687
t24853aep,0.0282229396523103
t25720aep,0.0282229396523103
t29239aep,0.0561030057918745
t26281aep,0.00321919531614176
t4512aep,4.35352764478051
t25416aep,0.0282229396523103
t25430aep,0.0282229396523103
t4516aep,0.0282229396523103
t31073aep,0.0401998721305647
t31066aep,0.0123198059910003
t27346aep,0.0139189469292974
t3698aep,0.0561030057918745
t3661aep,0.143039129197105
t25aep,0.0282229396523103
t29184aep,0.0282229396523103
t29192aep,0.00122539944701046
t17601aep,0.0282229396523103
t30276aep,0.164399752015222
t24794aep,0.0148424203429432
t12113aep,0.0282229396523103
t12096aep,0.0561030057918745
t27584aep,0.0822811224477659
t27982aep,0.115593983318915
t27988aep,0.0282229396523103
t27984aep,0.0216342244551384
t28915aep,0.0282229396523103
t16614aep,0.0561030057918745
t14407aep,0.0282229396523103
t28452aep,0.0198795729128984
t27750aep,3.03289657515444
t26359aep,0.0296521433788238
t26352aep,0.0479641747482717
t26355aep,0.0372188315505919
t30342aep,2.7281998036364
t1805aep,0.00321919531614176
t29414aep,0.309313652847307
t8390aep,0.164347896695179
t24228aep,0.0282229396523103
t24220aep,0.0390750959535464
t5461aep,0.0214770843439795
t5444aep,0.0282229396523103
t17365aep,0.0282229396523103
t27321aep,0.0282229396523103
t27315aep,0.0561030057918745
t27128aep,0.0282229396523103
t31095aep,0.0158993019528723
t23602aep,0.284306323159841
t4632aep,0.0755596490569691
t25461aep,0.0282229396523103
t10432aep,0.0282229396523103
t27160aep,0.0161260490546239
t31091aep,0.267979862037629
t23553aep,0.0282229396523103
t31081aep,0.022176788490472
t28502aep,0.000512678871281601
t28505aep,0.028352759741545
t14504aep,0.0282229396523103
t22835aep,0.0380875297604719
t30861aep,0.0231588280191597
t30849aep,0.14746809259012
t27829aep,0.02121252006043
t13092aep,0.0282229396523103
t2192aep,0.18454618683932
t24412aep,0.110876480983503
t30616aep,0.0385680223207025
t30611aep,0.0138651012516398
t16594aep,0.0231588280191597
t25317aep,0.132544242440665
t25334aep,0.0221350457955292
t26866aep,0.0282229396523103
t25788aep,0.189596972201712
t25791aep,0.0282229396523103
t25798aep,0.0282229396523103
t18609aep,0.00324897508652212
t29402aep,0.0282229396523103
t28439aep,0.030778376587036
t9178aep,0.0282229396523103
t14340aep,0.0561030057918745
t11850aep,0.0709077196388204
t2549aep,0.469798932477865
t2546aep,0.0143915964207886
t3275aep,0.298450536888943
t3296aep,1.79204765120753
t24882aep,0.616863522197456
t3306aep,0.00765887296475461
t28598aep,0.0282229396523103
t28599aep,0.0284830516724947
t13834aep,0.455511899164992
t28154aep,0.0426804841242372
t13831aep,0.018075136206467
t28137aep,0.0282229396523103
t24630aep,0.0184318480379818
t29622aep,0.0282229396523103
t29641aep,0.00197837393391213
t22811aep,0.103423211297045
t22805aep,0.662105552803641
t29101aep,0.00104700830293536
t29094aep,0.105590314998555
t29247aep,0.01979694478394
t29253aep,0.0282229396523103
t31048aep,0.0477596390524629
t10190aep,2.67370774048717
t3821aep,0.0775652955100547
t3834aep,0.0279114002614681
t18811aep,0.0221925796193309
t18799aep,0.0282229396523103
t29450aep,2.30238802444711
t27668aep,0.0282229396523103
t16956aep,0.0445726629190488
t30376aep,0.0282229396523103
t26211aep,7.71188300860133
t7022aep,0.0282229396523103
t30977aep,0.0420720742670457
t23905aep,0.0189858745915405
t196aep,0.0282229396523103
t7805aep,0.020139614198904
t26474aep,0.0215031526787801
t24461aep,0.0442545283080034
t24473aep,0.01453988515761
t25342aep,0.0069517065930829
t26288aep,0.0282229396523103
t24952aep,0.263640044291488
t24949aep,0.0304746476088377
t27715aep,5.90526037097214
t12576aep,0.00810343463394404
t31019aep,0.0561030057918745
t30908aep,0.0282229396523103
t27721aep,0.083650808461187
t24250aep,0.0282229396523103
t25765aep,0.00691362011581936
t25775aep,0.0282229396523103
t29142aep,0.0976830272806218
t27263aep,0.0282229396523103
t27241aep,0.0282229396523103
t27260aep,0.083650808461187
t24830aep,0.00104700830293536
t25542aep,0.265988872051651
t4694aep,0.083650808461187
t24919aep,0.00356045641421818
t3358aep,0.0282229396523103
t25491aep,0.0370173810200596
t25500aep,0.0282229396523103
t25520aep,0.0069517065930829
t29984aep,0.0282229396523103
t20562aep,0.295997929145266
t20555aep,0.0282229396523103
t25864aep,0.13778970809217
t24596aep,0.0146911670033828
t24603aep,0.0282229396523103
t8304aep,0.0282229396523103
t26556aep,0.0468554666631961
t26578aep,0.0129616221247201
t28294aep,0.0282229396523103
t28282aep,0.0169516690004617
t28249aep,0.0282229396523103
t14231aep,0.00883860144272538
t28288aep,0.0282229396523103
t28289aep,0.0282229396523103
t19747aep,0.0463976967385194
t19730aep,0.153391812307217
t24675aep,0.0166359180445194
t24677aep,0.0500726457588952
t24713aep,0.0282229396523103
t24710aep,0.0237810212523972
t31147aep,0.0411120429439286
t31191aep,0.0446708969473705
t31141aep,0.0722571106631251
t31153aep,0.0561030057918745
t31154aep,0.282763932407911
t31155aep,0.0561030057918745
t30554aep,0.0228024368014219
t30596aep,0.0192398847045589
t19916aep,0.115515801039838
t30583aep,0.152614726408262
t30584aep,0.0282229396523103
t30578aep,0.0143524362468875
t30121aep,0.0282229396523103
t30085aep,0.0143524362468875
t30131aep,0.0476976690579408
t5063aep,0.0282229396523103
t5056aep,0.0248487894688093
t25647aep,0.0155493274091236
t25646aep,0.0282229396523103
t25641aep,0.0561030057918745
t25663aep,0.0140642280991671
t25655aep,0.0200638303895541
t25674aep,0.015922046693571
t25675aep,0.0282229396523103
t25159aep,0.0282229396523103
t25180aep,0.014713504778906
t25203aep,0.0371157920693605
t25176aep,0.021111922894347
t25135aep,0.0285308096818467
t3920aep,0.0282229396523103
t25166aep,0.0186180964296457
t25155aep,0.0192000845762902
t13764aep,0.00884371183972795
t28108aep,0.0445726629190488
t28100aep,0.00254691352397892
t24009aep,0.00483080764930405
t23965aep,0.00602721487905522
t24023aep,0.0282229396523103
t24021aep,0.00970867537398792
t23969aep,0.0101840439723767
t23995aep,0.210827978931862
t433aep,0.429545578085912
t23940aep,0.00976280665831911
t23946aep,0.0235979884083272
t449aep,0.133867107128144
t24006aep,0.083650808461187
t24032aep,0.159935817007895
t24025aep,0.00905413380201433
t30216aep,0.0282229396523103
t30262aep,0.017438467512438
t30190aep,0.0752064758798723
t30203aep,0.0147329687502873
t30204aep,0.0282229396523103
t28332aep,0.130184186644887
t28377aep,0.0282229396523103
t28307aep,0.0148778688109962
t19924aep,0.0235979884083272
t28305aep,0.0129616221247201
t28379aep,0.0561030057918745
t28372aep,0.000512678871281601
t28400aep,0.0204291739625455
t27026aep,0.0223535304143456
t27039aep,0.0173636815578758
t27088aep,0.0282229396523103
t27090aep,0.0106856865973617
t27042aep,0.0282229396523103
t10266aep,0.0732307830907936
t27036aep,0.0916549808367411
t10226aep,0.0561030057918745
t27018aep,0.053288128631192
t27060aep,0.0237810212523972
t10256aep,0.0289538799186975
t10271aep,0.0119955484677488
t29285aep,0.00254276614672649
t1776aep,0.640646879066604
t1754aep,0.000710070496050142
t15395aep,0.0069517065930829
t15397aep,4.37374726683134
t705aep,0.0282229396523103
t3844aep,0.0282229396523103
t3851aep,0.0200638303895541
t22256aep,0.0184318480379818
t22285aep,0.083650808461187
t2380aep,0.13778970809217
t13491aep,0.0823271919810704
t4989aep,0.0561030057918745
t5003aep,0.0282229396523103
t13629aep,0.0398520252247617
t9709aep,0.605592251545608
t21089aep,0.0561030057918745
t19669aep,0.0282229396523103
t19664aep,0.143339357774309
t2494aep,0.0282229396523103
t8977aep,0.0163752525970034
t4616aep,0.0282229396523103
t25442aep,0.0155799754407729
t5016aep,0.0282229396523103
t15919aep,0.0282229396523103
t15903aep,0.117495760877239
t1122aep,0.0223535304143456
t1090aep,0.332520022036953
t20266aep,0.109194521669036
t20274aep,0.0217260866754112
t28813aep,0.0282229396523103
t20252aep,0.0282229396523103
t19898aep,0.0282229396523103
t19907aep,0.0181066345583118
t29860aep,0.0282229396523103
t19873aep,0.190715476691026
t19514aep,0.0164759766396447
t19525aep,0.0211805309160428
t19526aep,0.0523102993120163
t19521aep,0.195419972520447
t17823aep,0.00106120194587912
t29535aep,0.395690393548236
t3609aep,0.0814691371979673
t3600aep,0.0165017426942884
t3611aep,0.0115743306389832
t554aep,0.0184991781893003
t27390aep,0.0186676841868546
t13168aep,0.0282229396523103
t19840aep,0.0481980172990198
t19048aep,0.0282229396523103
t21258aep,0.0125520047744494
t30942aep,0.2167453702734
t26665aep,0.955504386846019
t8629aep,0.0282229396523103
t26662aep,0.00345974427927379
t9441aep,0.0282229396523103
t9469aep,0.00969780588121174
t23304aep,0.0282229396523103
t21130aep,0.13522427915221
t16790aep,0.0282229396523103
t17128aep,0.0327344253099252
t22288aep,0.2167453702734
t22303aep,0.110876480983503
t6074aep,0.0282229396523103
t18031aep,0.0282229396523103
t19315aep,0.0282229396523103
t19325aep,0.0561030057918745
t7263aep,0.0282229396523103
t7271aep,0.0282229396523103
t7266aep,0.0282229396523103
t7253aep,0.0282229396523103
t28520aep,0.00905413380201433
t28528aep,0.0445726629190488
t30464aep,0.0282229396523103
t21563aep,0.0282229396523103
t2938aep,0.000858458690879675
t2967aep,0.0282229396523103
t2943aep,0.0239227121196755
t2944aep,0.0282229396523103
t16534aep,0.0282229396523103
t28919aep,0.0282229396523103
t28924aep,0.00485435917036067
t11714aep,0.190715476691026
t11726aep,0.0214778550775951
t11704aep,0.0282229396523103
t8997aep,0.0169135364702848
t9026aep,0.0206359688020429
t6708aep,0.0368017056920341
t6714aep,0.560252641216652
t6692aep,0.0167908308078063
t6707aep,0.0123783910245787
t6719aep,0.0282229396523103
t11788aep,4.83857788174412
t25959aep,0.242497566069212
t5736aep,0.190715476691026
t28688aep,0.0561030057918745
t28686aep,0.00744757324604681
t28699aep,0.0282229396523103
t15577aep,0.0066416740628671
t7631aep,0.0218677365499368
t25583aep,0.0282229396523103
t14004aep,0.083650808461187
t5670aep,0.0282229396523103
t5668aep,0.0282229396523103
t12939aep,0.0282229396523103
t1620aep,0.0282229396523103
t1612aep,0.164399752015222
t1653aep,0.36137824237477
t9354aep,0.0282229396523103
t9376aep,0.0107476966182017
t9123aep,0.0237810212523972
t28963aep,0.0282229396523103
t7490aep,0.245339139612141
t9104aep,0.0282229396523103
t4248aep,0.0427766452378308
t4287aep,0.0282229396523103
t4285aep,0.201946465064662
t17528aep,0.0161483743992986
t17559aep,0.0129616221247201
t17516aep,0.0246317142991307
t5408aep,0.0193076639938835
t27191aep,0.0282229396523103
t21685aep,0.0282229396523103
t2426aep,0.141654171569225
t2417aep,0.0282229396523103
t2409aep,0.0217260866754112
t295aep,0.0282229396523103
t23818aep,0.0282229396523103
t23812aep,0.012592075847118
t20360aep,1.52162731298901e-05
t12140aep,0.0250994114392208
t12161aep,0.0457515529062774
t27604aep,0.0282229396523103
t12155aep,0.00941503216448905
t15422aep,0.0282229396523103
t15429aep,0.0148965790982666
t26343aep,0.083650808461187
t11871aep,0.00949321171170808
t13282aep,0.0282229396523103
t10408aep,0.13778970809217
t18925aep,0.00112714936439475
t12758aep,0.000481818511103957
t14147aep,0.0177052454501994
t5364aep,0.0282229396523103
t25804aep,0.0282229396523103
t5383aep,0.0193739187150082
t17709aep,0.0282229396523103
t17684aep,0.0282229396523103
t17723aep,0.0282229396523103
t6232aep,0.00938673585080325
t2104aep,0.0216342244551384
t10799aep,0.101368080427526
t10827aep,0.0561030057918745
t10844aep,0.0282229396523103
t5150aep,0.0282229396523103
t5102aep,0.000593603494303061
t5140aep,0.0648146046596803
t6573aep,0.0282229396523103
t6577aep,0.340121011892133
t18228aep,0.0282229396523103
t266aep,0.0561030057918745
t22089aep,0.083650808461187
t4190aep,0.0510388941587242
t22002aep,0.0306854168015894
t22008aep,0.000710070496050142
t10580aep,0.0282229396523103
t10617aep,0.0282229396523103
t27198aep,0.0609911883776362
t12233aep,0.0282229396523103
t3787aep,0.0282229396523103
t3777aep,0.0282229396523103
t6478aep,0.0282229396523103
t12180aep,0.371490532773498
t27176aep,2.74634943916811
t27297aep,0.00905413380201433
t9952aep,0.0449913775857713
t9947aep,0.0167908308078063
t9926aep,0.141014622182604
t855aep,0.0282229396523103
t821aep,0.0561030057918745
t661aep,0.0222140402023417
t656aep,0.0069517065930829
t5987aep,0.0143915964207886
t18267aep,0.00556331956875932
t18291aep,0.0282229396523103
t2469aep,0.0282229396523103
t18507aep,0.0125520047744494
t18482aep,0.0282229396523103
t18508aep,0.0282229396523103
t18489aep,0.0483092401021099
t18523aep,0.0282229396523103
t3908aep,0.0282229396523103
t3890aep,0.0143915964207886
t14794aep,2.74973766569984
t14795aep,1.35769245125544
t14796aep,0.45720303667804
t23180aep,0.00544924260021209
t10971aep,0.0112912802272079
t10963aep,0.0138399073368807
t15312aep,0.0429333295232091
t15306aep,0.0282229396523103
t15282aep,0.0282229396523103
t6201aep,0.0121441927097454
t6178aep,0.0197786070709954
t6164aep,0.00815138078029784
t30636aep,0.016554493903516
t18434aep,0.0499337159401687
t13512aep,0.0198795729128984
t13537aep,0.110876480983503
t16927aep,0.10998324963598
t16923aep,0.0154147544581369
t16924aep,0.0282229396523103
t31055aep,0.682498504822692
t23478aep,0.0282229396523103
t23458aep,0.0282229396523103
t23053aep,0.0282229396523103
t23034aep,0.0235979884083272
t22988aep,0.000926029401676837
t23038aep,0.0446708969473705
t23018aep,0.520063767820866
t23019aep,0.0283927450108458
t23024aep,0.0284471862458681
t21037aep,0.0282229396523103
t6406aep,0.00895955266316908
t6407aep,0.0315947175888219
t16083aep,0.106280830825981
t12924aep,0.0282229396523103
t16041aep,0.0282229396523103
t29167aep,4.36219613413044
t17483aep,0.0174663703263017
t12438aep,0.164399752015222
t12431aep,0.165888414014308
t12415aep,0.0282229396523103
t11621aep,0.0282229396523103
t7975aep,0.0282229396523103
t8009aep,0.0282229396523103
t7972aep,0.0282229396523103
t11622aep,0.137626318521878
t7976aep,0.0282229396523103
t7981aep,0.0282229396523103
t26893aep,0.0151715534991661
t9743aep,0.0282229396523103
t9783aep,0.0137302190971802
t9745aep,0.0282229396523103
t9757aep,0.0282229396523103
t9752aep,0.0282229396523103
t15660aep,0.0282229396523103
t15667aep,0.0282229396523103
t15636aep,0.210391116085771
t15635aep,2.8278301302708
t15630aep,0.318164377442548
t15631aep,0.867884712939642
t15647aep,0.334658674019248
t17096aep,0.0209992997639948
t17050aep,0.0561030057918745
t17038aep,0.00770520461979372
t17058aep,0.180345494535479
t8222aep,0.0561030057918745
t8259aep,0.00397763568671788
t26538aep,0.0282229396523103
t8230aep,0.0282229396523103
t8220aep,0.0143879807992185
t7095aep,0.0282229396523103
t7072aep,0.0282229396523103
t11494aep,0.000814426441450131
t11505aep,0.0397981202514723
t11511aep,0.0282229396523103
t2306aep,0.0561030057918745
t7147aep,0.0123198059910003
t26238aep,0.0204709926054927
t29293aep,0.0561030057918745
t3122aep,0.0150574474949251
t17219aep,0.0262068293037331
t17215aep,0.0282229396523103
t5191aep,0.019910681918917
t525aep,0.0282229396523103
t9802aep,0.013889308683051
t359aep,0.0282229396523103
t9791aep,0.083650808461187
t9829aep,0.0190321833957984
t153aep,0.0282229396523103
t125aep,0.0282229396523103
t141aep,0.0474951207576805
t169aep,0.00922259677645302
t22622aep,0.0282229396523103
t23685aep,0.0282229396523103
t31117aep,0.0191958630726795
t18308aep,0.0369856920687818
t21752aep,0.0282229396523103
t30515aep,0.0282229396523103
t21800aep,0.0282229396523103
t9315aep,0.0308368471116609
t9328aep,0.0282229396523103
t9312aep,0.0282229396523103
t9335aep,0.0445726629190488
t9320aep,0.00389828929542279
t17760aep,0.0143627752011726
t17800aep,0.0282229396523103
t1278aep,0.0561030057918745
t1235aep,0.0333172620717063
t1283aep,0.0190321833957984
t20017aep,0.0282229396523103
t20073aep,0.0217842400676509
t29803aep,0.30352895311468
t29809aep,0.0561030057918745
t20066aep,0.0018979993611404
t20040aep,0.0282229396523103
t919aep,0.0214408282538243
t918aep,0.0123311573124
t19783aep,0.0282229396523103
t970aep,0.0282229396523103
t950aep,0.000602985532930282
t964aep,0.0138399073368807
t908aep,0.015922046693571
t904aep,0.0282229396523103
t929aep,0.00907936071985735
t24116aep,0.000891919164895777
t1386aep,0.0519105232076756
t1439aep,0.0208210277053859
t2629aep,0.0445726629190488
t2683aep,0.0282229396523103
t2680aep,0.000858458690879675
t2637aep,0.0282229396523103
t2705aep,0.0282229396523103
t2706aep,0.0371607332800367
t13916aep,0.254794071695757
t13896aep,0.0135875153244426
t20858aep,0.0282229396523103
t20854aep,0.0282229396523103
t20867aep,0.0282229396523103
t20841aep,0.0282229396523103
t20884aep,0.110876480983503
t20840aep,0.0400608575288053
t20896aep,0.0561030057918745
t15059aep,0.0179776739505652
t15061aep,0.13778970809217
t15123aep,0.0282229396523103
t15101aep,0.0424916478012938
t15025aep,0.0429095520889934
t15805aep,0.0783846593443371
t15843aep,0.0282229396523103
t15800aep,0.0282229396523103
t15783aep,0.0282229396523103
t16196aep,0.0132226831133174
t16197aep,0.0148776739426827
t16153aep,0.00770079402870231
t16180aep,0.0561030057918745
t16189aep,0.0282229396523103
t16199aep,0.0282229396523103
t16182aep,0.00628162663888163
t14907aep,0.0149677635852375
t14868aep,0.0250994114392208
t14919aep,0.010423045270676
t14857aep,0.0282229396523103
t14858aep,0.015922046693571
t14865aep,0.0109079540716459
t14933aep,0.0282229396523103
t14901aep,0.651572261596571
t14902aep,0.318164377442548
t14893aep,0.00883860144272538
t1016aep,0.0282229396523103
t984aep,0.0282229396523103
t7960aep,0.0282229396523103
t7935aep,0.0289270744424996
t7888aep,0.0282229396523103
t3116aep,0.0282229396523103
t3029aep,0.0282229396523103
t3102aep,0.0028515560798741
t2999aep,0.0206359688020429
t3110aep,0.0282229396523103
t3003aep,0.00215764174974887
t3092aep,0.00971024841288472
t3096aep,0.0401998721305647
t3068aep,0.0137537608449416
t14734aep,0.0768412087028937
t14653aep,0.0533608204460343
t14742aep,0.0282229396523103
t14669aep,0.0282229396523103
t14708aep,0.137804686240762
t8550aep,0.00380769829767532
t8544aep,0.0186676841868546
t8530aep,0.028894900992477
t8532aep,0.164399752015222
t8502aep,0.0561030057918745
t8539aep,0.0153480174314641
t8568aep,0.0511646239101439
t5850aep,0.00157594451276332
t5799aep,0.0282229396523103
t5879aep,0.0157163106351904
t5822aep,0.0282229396523103
t5821aep,0.0186586252142074
t5904aep,0.00913731488049508
t5927aep,0.0945388833387298
t25974aep,0.0282229396523103
t5863aep,0.0282229396523103
t5868aep,0.0282229396523103
t4760aep,0.00913731488049508
t4729aep,0.0195096581399327
t4698aep,0.0282229396523103
t4759aep,0.0227805618280177
t4734aep,0.0282229396523103
t4707aep,0.0561030057918745
t4742aep,0.0150401909950686
t8058aep,0.0028515560798741
t8099aep,0.00815138078029784
t8119aep,0.0282229396523103
t8036aep,0.0282229396523103
t8051aep,0.0282229396523103
t26499aep,0.110876480983503
t8110aep,0.0282229396523103
t22417aep,0.0282229396523103
t22418aep,0.0282229396523103
t22463aep,0.0282229396523103
t22465aep,0.0282229396523103
t22450aep,0.0223055483107721
t22470aep,0.00475760534165805
t22457aep,0.022176788490472
t22478aep,0.0436009251193194
t22488aep,0.0282229396523103
t22515aep,0.0275772535596454
t22523aep,0.0239007307771655
t11448aep,0.00235557124342718
t11421aep,0.0079289924373792
t11411aep,0.000385759967720152
t11440aep,0.00463494341428287
t11399aep,0.0145150088170314
t11406aep,0.030836769771243
t11404aep,0.0251929102823062
t11405aep,0.0168122787321856
t8678aep,6.94539839764851
t8642aep,0.0282229396523103
t8658aep,4.06967656949525e-05
t13396aep,0.0109792768436642
t13388aep,0.0282229396523103
t28022aep,5.35300184428851
t13706aep,0.0282229396523103
t4923aep,0.603198455149534
t4944aep,0.015922046693571
t4927aep,0.0591277357727986
t19254aep,5.73724199044612
t19270aep,0.514034115955176
t9529aep,0.0649520157520639
t9535aep,4.26370681612744
t9572aep,0.0648504825865111
t28577aep,0.0282229396523103
t14978aep,0.93979400760741
t14997aep,0.296206762581665
t14983aep,0.0282229396523103
t13143aep,0.0396586811480162
t13118aep,0.0586569060067209
t13135aep,1.46941616801361
t22374aep,0.0407482333969357
t3559aep,1.60096899907709
t25026aep,0.0220702071104663
t29379aep,0.0500568546300362
t28044aep,0.526808852395581
t9216aep,0.0282229396523103
t26783aep,0.0282229396523103
t25441aep,0.0561030057918745
t29974aep,0.0282229396523103
t20486aep,0.0561030057918745
t21735aep,0.0282229396523103
t26631aep,0.0438021128331354
t25062aep,0.00770079402870231
t29872aep,0.0282229396523103
t23744aep,0.0282229396523103
t22118aep,0.0282229396523103
t616aep,0.110876480983503
t578aep,4.67754311517275
t619aep,0.0466425342344676
t24059aep,0.0282229396523103
t4150aep,0.532415334770924
t4158aep,0.0245578699017054
t4134aep,0.256612720774773
t14611aep,0.0282229396523103
t17965aep,0.226605801858886
t23091aep,3.60439091925753
t11992aep,0.0561030057918745
t9862aep,0.0282229396523103
t8758aep,0.0242604214291043
t413aep,3.42872416457375
t397aep,1.55052374610274
t21190aep,0.0282229396523103
t16271aep,0.0282229396523103
t9641aep,0.0282229396523103
t9643aep,0.0371026629160173
t11947aep,0.0282229396523103
t10854aep,0.0621813020044279
t11942aep,0.0282229396523103
t4359aep,0.0334339391650108
t20578aep,0.153391812307217
t20572aep,0.0346611019951196
t24508aep,0.0561030057918745
t16729aep,0.0282229396523103
t9063aep,0.0217326741856602
t28736aep,0.0151715534991661
t15346aep,0.0282229396523103
t12613aep,4.93730355569656
t22759aep,0.0452644693746503
t6761aep,0.170032708081183
t6754aep,0.0138175975853887
t6769aep,0.0221950923886143
t6764aep,0.0282229396523103
t19187aep,3.34701155560746
t19156aep,0.0079289924373792
t19154aep,0.410564373752754
t14102aep,2.16089135344388
t14101aep,0.125605782362395
t1916aep,0.330700578991878
t2896aep,0.0305386077991948
t2912aep,0.0151517817473958
t6324aep,4.31685789698395
t21353aep,0.0282229396523103
t13077aep,0.0282229396523103
t13079aep,0.0104767862058286
t22165aep,0.0282229396523103
t24768aep,0.00801642307711552
t13472aep,0.0561030057918745
t19146aep,0.0282229396523103
t12350aep,0.0282229396523103
t21125aep,0.00196598109925946
t17424aep,0.0282229396523103
t8690aep,0.000959863534585875
t5490aep,2.96730695933514
t12067aep,7.54547078562901
t754aep,0.193978940594768
t15258aep,0.0411138322845803
t15240aep,0.000593603494303061
t15249aep,0.0220536498006044
t20200aep,0.120515356875873
t20190aep,0.0299874513751125
t6634aep,0.0282229396523103
t16656aep,0.0282229396523103
t16672aep,0.0468819512938076
t3983aep,0.0282229396523103
t12823aep,0.0282229396523103
t6671aep,0.0109739345646444
t6682aep,0.0172033745110012
t6665aep,0.0106856865973617
t6669aep,0.00922259677645302
t10744aep,0.0282229396523103
t10720aep,0.0282229396523103
t20240aep,0.114681543937006
t19712aep,0.0282229396523103
t15548aep,0.0254118885544801
t1703aep,0.0282229396523103
t19391aep,0.103812038958166
t19392aep,0.00777981625948662
t19413aep,0.0327108737888684
t19409aep,0.0282229396523103
t10570aep,0.0465400429837682
t10353aep,0.939416810903141
t4036aep,0.0282229396523103
t1866aep,0.0282229396523103
t21993aep,0.0833873601343865
t21975aep,0.211518303002048
t20083aep,0.659675681587657
t7513aep,0.00483080764930405
t21402aep,0.00754901226113869
t21410aep,0.0191396575774146
t14178aep,0.0561030057918745
t14169aep,0.0282229396523103
t9500aep,0.187193209078594
t10777aep,0.246846470360436
t10782aep,0.0561030057918745
t9503aep,0.46232305987384
t19078aep,0.0282229396523103
t15497aep,0.0223055483107721
t2783aep,0.000593603494303061
t11588aep,5.58167093269425
t7236aep,0.0477596390524629
t4975aep,0.0282229396523103
t29891aep,0.0282229396523103
t29881aep,0.0561030057918745
t26592aep,0.0282229396523103
t11012aep,0.0282229396523103
t29679aep,0.0184797494016437
t19597aep,0.0214778550775951
t16295aep,0.0282229396523103
t27869aep,0.00180014989777814
t27863aep,0.0152171923517913
t11254aep,0.0282229396523103
t24404aep,0.0138399073368807
t13424aep,0.0282229396523103
t27944aep,0.0458577400901294
t13431aep,0.0282229396523103
t27942aep,0.235791688816438
t16427aep,0.0282229396523103
t8495aep,1.89308489325548
t8496aep,0.639585053618261
t15467aep,0.0447936026098489
t21449aep,0.0293234429761473
t8703aep,0.0154345763403202
t8713aep,0.331132324690053
t28741aep,0.0390750959535464
t30307aep,0.0488007076190293
t21064aep,0.0282229396523103
t15887aep,0.1059471237294
MT_COX1,0.0282229396523103
MT_ND5,0.0282229396523103

